id,tipo,autor,titulo,anio,idioma,tradicion,modulos,url,acceso,fiabilidad,notas
F-0001,primaria,"Colón, Cristóbal / Las Casas, Bartolomé de (copista)",Diario de a bordo del primer viaje,1492-93 (ed. 1892),es,espanola,M02,https://es.wikisource.org/wiki/Diario_de_a_bordo_del_primer_viaje_de_Crist%C3%B3bal_Col%C3%B3n:_texto_completo | https://www.cervantesvirtual.com/obra/diario-de-a-bordo-del-primer-viaje-de-cristobal-colon--0/,localizada-bloqueada,media,Solo sobrevive la copia de Las Casas; Wikisource transcribe una edición anónima de 1892; el manuscrito está en la BNE (Vitr/6/7); las dos URL probadas dieron EGRESS_BLOCKED.
F-0002,primaria,"Colón, Hernando",Historie (Le Historie della vita e dei fatti di Cristoforo Colombo),1571,—,espanola,M01;M02,,no-localizada,por-evaluar,"Edición italiana de 1571; único vehículo en dominio público del texto completo de Pané; ejemplares en la BNF, la Biblioteca Colombina y archive.org."
F-0003,primaria,"Pané, Ramón",Relación acerca de las antigüedades de los indios,c.1498 (italiano 1571),es,espanola,M01;M02,https://asset.library.wisc.edu/1711.dl/NV4ZKECVHDTIC87/P/file-16965.epub | https://biblioteca.org.ar/libros/151816.pdf,localizada-bloqueada,por-evaluar,"Sin copia en GitHub; la ed. de Arrom (Siglo XXI, 1974) está bajo derechos; biblioteca.org.ar da error DNS (ENOTFOUND)."
F-0004,primaria,"Colón, Bartolomé",Conteo tributario de La Española de 1496,1496,—,espanola,M02,,fragmento-busqueda,media,"Conteo fiscal transmitido por Las Casas: ~1,1 millones de habitantes; parcial y de motivación fiscal [VERIFICADO-snip]; solo conocido por vía secundaria (historyreclaimed.co.uk)."
F-0005,primaria,— (Corona de Castilla),Real cédula que autoriza esclavos negros cristianos en las Indias,1501,es,espanola,M02,,fragmento-busqueda,por-evaluar,Primer permiso documentado de trata hacia las Indias; conocido solo por síntesis secundarias (entrada Afro-Dominicans de Wikipedia).
F-0006,primaria,"Las Casas, Bartolomé de",Historia de las Indias,ed. Madrid 1875-76,es,espanola,M01;M02;M03,https://raw.githubusercontent.com/GITenberg/Historia-de-las-Indias-vol-1-de-5_49298/master/49298-0.txt | https://raw.githubusercontent.com/GITenberg/Historia-de-las-Indias-2-de-5_50351/master/50351-0.txt | https://raw.githubusercontent.com/GITenberg/Historia-de-las-Indias-vol-3-de-5_53171/master/53171-0.txt | https://raw.githubusercontent.com/GITenberg/Historia-de-las-Indias-vol-4-de-5_56283/master/56283-0.txt | https://raw.githubusercontent.com/GITenberg/Historia-de-las-Indias-vol-5-de-5_53131/master/53131-0.txt,texto-descargado,alta,"5 tomos descargados (~1 MB cada uno), ed. Fuensanta del Valle y Sancho Rayón; transcripción de Project Gutenberg en UTF-8 limpio, no OCR; el t. 5 trae el episodio de Enriquillo (8 menciones); da 3 millones de muertos entre 1494 y 1508."
F-0007,primaria,"Las Casas, Bartolomé de",Brevísima relación de la destrucción de las Indias,1552,es,espanola,M02;M03,https://es.wikisource.org/wiki/Brev%C3%ADsima_relaci%C3%B3n_de_la_destrucci%C3%B3n_de_las_Indias | https://www.rae.es/sites/default/files/hojear_brevisima_relacion_de_la_destruicion_de_las_indias.pdf,localizada-bloqueada,media,"Redactada en 1542; da ""más de tres millones"" de habitantes y ""no hay hoy de los naturales della docientas personas""; Henige y Ewald sostienen que exageraba; sin copia limpia en español en GitHub."
F-0008,primaria,"Las Casas, Bartolomé de",A Brief Account of the Destruction of the Indies (traducción inglesa),trad. 1689,en,espanola,M02;M03,https://raw.githubusercontent.com/GITenberg/A-Brief-Account-of-the-Destruction-of-the-Indies--13-Or-a-faithful-NARRATIVE-OF-THE-Horrid-an__20321/master/20321.txt,texto-descargado,media,"Traducción de época (208 KB) usada como sustituto del texto español, bloqueado en Wikisource."
F-0009,primaria,"Fernández de Oviedo, Gonzalo",Historia general y natural de las Indias,1535 / ed. RAH 1851-55,es,espanola,M02;M03,https://es.wikisource.org/wiki/Archivo:Historia_general_y_natural_de_las_Indias_(IA_mobot31753000521671).pdf | https://es.wikisource.org/wiki/%C3%8Dndice:Historia_general_y_natural_de_las_Indias_(IA_gri_33125000607479).pdf | https://www.cervantesvirtual.com/nd/ark:/59851/bmc2f7m2,localizada-bloqueada,por-evaluar,"4 tomos; atestigua el nombre Haití/Ayiti; identificadores de Internet Archive localizados (mobot31753000521671, gri_33125000607479, generalynatural03fernrich) para el patrón /download/{id}/{id}_djvu.txt, no verificado."
F-0010,primaria,Pedro Mártir de Anglería,"De Orbe Novo / Décadas, vol. 1 (trad. MacNutt)",1511-30; trad. 1912,en,espanola,M02;M03,https://raw.githubusercontent.com/GITenberg/De-Orbe-Novo-Volume-1--of-2-The-Eight-Decades-of-Peter-Martyr-D-Anghera_12425/master/12425.txt,texto-descargado,alta,"795 KB; única fuente del nombre Quisqueya (Década III, lib. VII): l.11205 ""called by its early inhabitants Quizqueia, and afterwards Haiti"" y l.11207 ""Quizqueia in their language means something large""; el vol. 2 (12426) no está en GITenberg; la trad. de Torres Asensio (1892) no se localizó."
F-0011,primaria,—,Repartimiento de Alburquerque,1514,es,espanola,M02;M03,,archivo-fisico,por-evaluar,"Original en el AGI; impreso probablemente en la CODOIN t. I (1864); analizado por Arranz Márquez (1991), que da 26.334 indios; también circulan 22.336 y 26.189 [POR VERIFICAR]."
F-0012,primaria,—,Documentos sobre Enriquillo,1519-33,es,espanola,M03,,archivo-fisico,por-evaluar,"En el AGI (Santo Domingo, Patronato, Justicia); en línea solo la crónica de Las Casas, t. 5; la rebelión se fecha 1519-1533 y deja el pueblo de Boyá."
F-0013,primaria,—,Licencia de Carlos V a Laurent de Gorrevod (4.000 esclavos),1518,es,espanola,M03,https://ldhi.library.cofc.edu/exhibits/show/african_laborers_for_a_new_emp/emperor_charles_v,fragmento-busqueda,por-evaluar,"Revendida a mercaderes genoveses (""Asiento de los genoveses""); primer gran contrato de trata hacia La Española e Indias."
F-0014,primaria,—,Documentos de las Devastaciones de Osorio,1605-06,es,espanola,M03;M04,,archivo-fisico,por-evaluar,AGI Santo Domingo; editados por Rodríguez Demorizi en Relaciones históricas de Santo Domingo II (1945).
F-0015,primaria,"Osorio, Antonio de",Censo de 1606,1606,es,espanola,M04,https://acento.com.do/opinion/el-siglo-xvii-siglo-de-la-miseria-y-de-la-pobreza-9605605.html,fragmento-busqueda,media,"Tras las devastaciones: 9.648 esclavos, 1.117 vecinos y 40 clérigos, 56% en Santo Domingo y alrededores [VERIFICADO-snip]; conocido por vía de prensa."
F-0016,primaria,—,Tratado de Ryswick,1697,fr,francesa,M04;M05,https://axl.cefan.ulaval.ca/francophonie/Ryswick-1697.htm,fragmento-busqueda,por-evaluar,"El texto no menciona expresamente La Española ni la cesión del oeste: España omitió la isla y solo hubo reconocimiento tácito; recogido en Dumont, Corps universel diplomatique t. VII."
F-0017,primaria,"Exquemelin, Alexandre Olivier",Bucaniers of America,1678/1684 (ed. 1891),en,internacional,M04,https://archive.org/details/buccaneersmaroon00exqu | https://wellcomecollection.org/works/cn9hjuz5,localizada-bloqueada,por-evaluar,"La ed. de 1684 está en la Univ. de Illinois (exhibits.library.illinois.edu/s/rbml/item/4171); en GitHub solo hay secundarias (Haring 1910, Burney 1816)."
F-0018,primaria,"Labat, Jean-Baptiste",Nouveau voyage aux isles de l'Amérique,1722,fr,francesa,M04;M05,https://www.bnf.fr/fr/mediatheque/nouveau-voyage-aux-iles-de-lamerique,no-localizada,por-evaluar,No se obtuvo una dirección concreta en Gallica; www.bnf.fr no se probó.
F-0019,primaria,"Charlevoix, Pierre-François-Xavier de",Histoire de l'Isle Espagnole ou de S. Domingue,1730-31,fr,francesa,M02;M03;M04;M05,https://www.archive.org/download/histoiredelislee11730char/histoiredelislee11730char_bw.pdf | https://rp-digitalcollections.nypl.org/collections/histoire-de-lisle-espagnole-ou-de-s-domingue-ecrite-particulierement | https://bibliotheques-numeriques.defense.gouv.fr/impression/document/8eea5176-ef0a-41a2-b3de-98ff32d1e8ab,localizada-bloqueada,por-evaluar,"T. 1 localizado (ejemplar Smithsonian); el t. 2 sería histoiredelislee21730char (deducido, no verificado)."
F-0020,primaria,"Sánchez Valverde, Antonio",Idea del valor de la Isla Española,1785,es,espanola,M05,https://www.cervantesvirtual.com/nd/ark:/59851/bmc765t8 | https://acento.com.do/opinion/el-siglo-xviii-diagnostico-de-antonio-sanchez-valverde-el-mas-importante-intelectual-dominicano-de-su-tiempo-9613190.html,localizada-bloqueada,por-evaluar,"Da ~100.000 habitantes según los censos y él calcula ~125.000; Cassá estima ~25.000 esclavos; también en Gale ""Sabin Americana"" (de suscripción)."
F-0021,primaria,"Moreau de Saint-Méry, Médéric Louis Élie",Description topographique et politique de la partie espagnole de l'isle Saint-Domingue,1796,fr,francesa,M05;M06,https://bibliotheques-numeriques.defense.gouv.fr/impression/document/323aba36-a24c-4cef-98e0-efeb004f317f | https://books.openedition.org/pur/4108,localizada-bloqueada,por-evaluar,"2 tomos; para 1789 en la parte española da <=100.000 habitantes: 25.000 blancos, 65.000 ""mulatos""/libres de color y <=15.000 esclavos; probable trad. inglesa de Cobbett (1798), no verificada."
F-0022,primaria,"Moreau de Saint-Méry, Médéric Louis Élie",Description topographique... de la partie française de l'isle Saint-Domingue,1797-98,fr,francesa,M05;M06,https://archive.org/details/descriptiontopog00more | https://www.manioc.org/notice-download/13616 | https://bibliotheques-numeriques.defense.gouv.fr/impression/document/a7ede487-cbc7-4f93-b8fc-a00558ba8491,localizada-bloqueada,por-evaluar,2 tomos; la ed. de 1958 (Maurel y Taillemite) está bajo derechos.
F-0023,primaria,—,Censo de Saint-Domingue de 1789,1789,fr,francesa,M05,https://www.brown.edu/Facilities/John_Carter_Brown_Library/exhibitions/haitian/pages/part1.html,fragmento-busqueda,media,"~30.826 blancos, ~27.548 libres de color y ~465.429 esclavizados (~89% del total); algunos autores elevan la cifra a 500.000."
F-0024,primaria,—,Tratado de Aranjuez,1777,es,espanola,M05,https://exist.ulb.tu-darmstadt.de/2/v/pa000299-0414,localizada-bloqueada,por-evaluar,"Primera frontera formal (3-VI-1777): según snippet de prensa el art. 1 fija los límites entre la boca del Dajabón o Masacre y el Pedernales o Anse à Pitre, con 221 pirámides; texto en Cantillo (1843)."
F-0025,primaria,—,Tratado de Basilea,1795,en,espanola,M06,https://historylab.es/definitive-peace-treaty-concluded-between-king-charles-iv-and-the-french-republic/,localizada-bloqueada,por-evaluar,El art. IX cede a Francia la parte española de la isla; solo se localizó una traducción inglesa.
F-0026,primaria,"Ferrand, Marie-Louis",Decreto del 6 de enero de 1805,1805,fr,francesa,M06,https://islandluminous.fiu.edu/part03-slide08.html,fragmento-busqueda,por-evaluar,Autorizaba capturar menores de 14 años para venderlos como esclavos; es el contexto que la historiografía haitiana pone delante de la campaña de Dessalines en el Este.
F-0027,primaria,"Louverture, Toussaint",Constitución de Saint-Domingue de 1801,1801,fr,haitiana,M06,https://en.wikisource.org/wiki/Constitution_of_Saint-Domingue | https://www.marxists.org/history/haiti/1801/constitution.htm | https://resources.saylor.org/wwwresources/archived/site/wp-content/uploads/2011/08/HIST-303-4.4.2-Haitian-Constitution-of-1801.pdf,localizada-bloqueada,por-evaluar,"Art. 1 según snippet: ""Saint-Domingue in its entire expanse, and Samana, La Tortue, La Gonâve... La Saône"" forman una sola colonia [número de artículo POR VERIFICAR]."
F-0028,primaria,"Dessalines, Jean-Jacques / Boisrond-Tonnerre, Louis",Acta de Independencia de Haití,1804,fr,haitiana,M06,https://raw.githubusercontent.com/SteveWLU/fren283/master/texts/independance-haitienne.md,texto-descargado,media,"Transcripción de un curso universitario, no edición crítica; empieza ""LIBERTÉ, OU LA MORT. ARMÉE INDIGÈNE. Gonaïves, le premier janvier 1804"" e incluye los firmantes; conviene cotejarla con el impreso de TNA CO 137/111 hallado por Gaffield en 2010."
F-0029,primaria,"Dessalines, Jean-Jacques",Constitución Imperial de Haití de 1805,1805,en,haitiana,M06,https://www.college.columbia.edu/sites/default/files/1805%20Haitian%20Constitution.pdf | https://en.wikisource.org/wiki/Constitution_of_Hayti_(1805) | https://haitidoi.com/category/documents/page/8/,localizada-bloqueada,media,"Imperio ""un et indivisible"" en seis divisiones militares; el art. 18 declara parte integrante Samaná, la Tortue, la Gonâve, les Cayemites, la Saona y l'Île-à-Vache; el PDF de Columbia es la versión del New-York Evening Post del 15-VII-1805."
F-0030,primaria,—,Proclamas de Dessalines de la campaña del Este,1805,fr,haitiana,M06,,no-localizada,por-evaluar,"Vía Rodríguez Demorizi, Invasiones haitianas (1955), y Madiou; originales en los Archives Nationales d'Haïti y en ANOM (series C9A/C9B y colección Moreau de Saint-Méry, F3)."
F-0031,primaria,—,A Memoir of Transactions That Took Place in St Domingo in the Spring of 1799,1799,en,internacional,M06,https://raw.githubusercontent.com/GITenberg/A-Memoir-of-Transactions-That-Took-Place-in-St-Domingo-in-the-Spring-of-1799-Affording-an-Ide__50076/master/50076-0.txt,texto-descargado,por-evaluar,Texto de época verificado en GITenberg (50076); testimonio sobre Saint-Domingue bajo Louverture.
F-0032,primaria,—,Constitución de Haití de 1806 (27 de diciembre),1806,fr,haitiana,M06;M07,https://archontology.org/nations/haiti/02_polity.php,fragmento-busqueda,por-evaluar,"""L'île d'Haïti (ci-devant Saint-Domingue)"" y las islas adyacentes forman el territorio de la República; número de artículo sin confirmar."
F-0033,primaria,"Pétion, Alexandre",Constitución de Haití de 1816,1816,en,haitiana,M07,https://en.wikisource.org/wiki/Translation:Revision_of_the_Haitian_Constitution_of_1806,localizada-bloqueada,por-evaluar,"Arts. 40-41 según snippet: ""The Isle of Haïti (also called Saint-Domingue) with the adjacent isles... forms the territory of the Republic""."
F-0034,primaria,"Núñez de Cáceres, José",Declaratoria de independencia del Haití Español,1821,es,dominicana,M07,https://allanbrewercarias.com/wp-content/uploads/2021/12/1079.-Brewer.-LA-IDEA-DE-COLOMBIA-Y-LA-DECLARACION-DE-INDEPENDENCIA-DEL-PUEBLO-DOMINICANO-1921.pdf | https://catalogo.academiadominicanahistoria.org.do/opac-tmpl/files/opusculos/Opusculo13.pdf,localizada-bloqueada,por-evaluar,El contenido de ambos PDF no está confirmado.
F-0035,primaria,"Boyer, Jean-Pierre",Decretos de 1822 y Código Rural de 1826,1822 / 1826,fr,haitiana,M08,https://jcb.lunaimaging.com/luna/servlet/detail/JCB~3~3~19835~115915772,localizada-bloqueada,por-evaluar,Traducción inglesa en la John Carter Brown; Franklin (1828) discute el Code Rural (líneas ~7746-7980) pero no reproduce el texto íntegro.
F-0036,primaria,"Franklin, James",The Present State of Hayti (Saint Domingo),1828,en,internacional,M08,https://raw.githubusercontent.com/GITenberg/The-Present-State-of-Hayti-Saint-Domingo-with-Remarks-on-its-Agriculture-Commerce-Laws-Religi__48920/master/48920-0.txt,texto-descargado,media,"Observador británico contemporáneo; es la alternativa verificada a los decretos de Boyer, que discute sin reproducirlos."
F-0037,primaria,—,Constitución de Haití de 1843 (30 de diciembre),1843,fr,haitiana,M08,https://en.wikipedia.org/wiki/1843_Constitution_of_Haiti,fragmento-busqueda,por-evaluar,Báez participó como diputado por Azua [VERIFICADO]; promulgada 17 días antes del Manifiesto del 16 de enero de 1844; la cláusula territorial está [POR VERIFICAR].
F-0038,primaria,Junta Central Gubernativa,Manifiesto del 16 de enero de 1844,1844,es,dominicana,M08;M09,https://www.academiadominicanahistoria.org.do/wp-content/uploads/2022/02/MANIFIESTODEL16DEENERODE1844.pdf | https://es.wikisource.org/wiki/Manifiesto_del_16_de_enero_de_1844 | https://catalogo.academiadominicanahistoria.org.do/opac-tmpl/files/ppcodice/CLIO-1960-116-054-107.pdf,localizada-bloqueada,por-evaluar,"Habla de ""causas de su separación de la República Haitiana"", no de independencia; se discute si lo redactó Bobadilla o Sánchez."
F-0039,primaria,—,Acta de Separación del 27 de febrero de 1844,1844,es,dominicana,M09,,no-localizada,por-evaluar,No localizada en línea; previsiblemente en el AGN de Santo Domingo.
F-0040,primaria,—,Constitución dominicana de 1844,1844,es,dominicana,M09,https://bibliotecadelcongreso.gob.do/Libros/0008586.pdf | https://www.idg.org.do/clio/clio/clio165/Clio_2003_No_165-10.pdf | https://catalogo.academiadominicanahistoria.org.do/opac-tmpl/files/ppcodice/CLIO-2003-165-185-204.pdf,localizada-bloqueada,por-evaluar,Contenido exacto no confirmado; copias en la Biblioteca del Congreso RD y en Clío 165 (2003).
F-0041,primaria,—,Constitución de Haití de 1846,1846,fr,haitiana,M09,,fragmento-busqueda,por-evaluar,"""L'île d'Haïti et les îles adjacentes qui en dépendent forment le territoire de la République"" [VERIFICADO por resumen de búsqueda]."
F-0042,primaria,Departamento de Estado de EE. UU.,Foreign Relations of the United States 1861,1861,en,oficial-eeuu,M10,https://raw.githubusercontent.com/HistoryAtState/frus/master/volumes/frus1861.xml,texto-descargado,alta,XML TEI del espejo HistoryAtState/frus; solo 6 menciones de Santo Domingo; history.state.gov está bloqueado. Extracto local: 02-fuentes/textos/frus/frus1861-espanola.txt/.xml.
F-0043,primaria,Departamento de Estado de EE. UU.,"Foreign Relations of the United States 1863, parte 1",1863,en,oficial-eeuu,M10,https://raw.githubusercontent.com/HistoryAtState/frus/master/volumes/frus1863p1.xml,texto-descargado,alta,"XML TEI; 2 menciones de Santo Domingo; los documentos españoles de la anexión están en el AHN de Madrid, sección Ultramar. Extracto local: 02-fuentes/textos/frus/frus1863p1-espanola.txt/.xml."
F-0044,primaria,Departamento de Estado de EE. UU.,"Foreign Relations of the United States 1864, parte 1",1864,en,oficial-eeuu,M10,https://raw.githubusercontent.com/HistoryAtState/frus/master/volumes/frus1864p1.xml,texto-descargado,alta,XML TEI; 2 menciones de Santo Domingo; frus1862p1 devuelve 404. Extracto local: 02-fuentes/textos/frus/frus1864p1-espanola.txt/.xml.
F-0045,primaria,Departamento de Estado de EE. UU.,"Foreign Relations of the United States 1928, vol. I",1928,en,oficial-eeuu,M12,https://raw.githubusercontent.com/HistoryAtState/frus/master/volumes/frus1928v01.xml,texto-descargado,alta,"XML TEI. Subcapítulo ""Dominican Republic and Haiti"" (negociación fronteriza previa al Tratado de 1929) y 28 documentos sueltos. Extracto local: 02-fuentes/textos/frus/frus1928v01-espanola.txt/.xml (35 docs). [VERIFICADO: descargado y extraído]"
F-0046,primaria,Departamento de Estado de EE. UU.,"Foreign Relations of the United States 1929, vol. I",1929,en,oficial-eeuu,M12,https://raw.githubusercontent.com/HistoryAtState/frus/master/volumes/frus1929v01.xml,texto-descargado,alta,"XML TEI. Subcapítulo ""Dominican Republic and Haiti"" (negociación y Tratado fronterizo del 21 de enero de 1929) y 14 documentos sueltos. Extracto local: 02-fuentes/textos/frus/frus1929v01-espanola.txt/.xml (18 docs). El vol. II solo contiene una remisión a este volumen. [VERIFICADO: descargado y extraído]"
F-0047,primaria,Departamento de Estado de EE. UU.,"Foreign Relations of the United States 1930, vol. II",1930,en,oficial-eeuu,M12;M13,https://raw.githubusercontent.com/HistoryAtState/frus/master/volumes/frus1930v02.xml,texto-descargado,alta,Volumen verificado con HTTP 200; continuidad del expediente fronterizo. Extracto local: 02-fuentes/textos/frus/frus1930v02-espanola.txt/.xml.
F-0048,primaria,Departamento de Estado de EE. UU.,"Foreign Relations of the United States 1936, vol. V",1936,en,oficial-eeuu,M13,https://raw.githubusercontent.com/HistoryAtState/frus/master/volumes/frus1936v05.xml,texto-descargado,alta,Volumen verificado con HTTP 200; antecede al expediente 738.39 de 1937-38. Extracto local: 02-fuentes/textos/frus/frus1936v05-espanola.txt/.xml.
F-0049,primaria,Departamento de Estado de EE. UU.,"Foreign Relations of the United States 1937, vol. V",1937,en,oficial-eeuu,M13,https://raw.githubusercontent.com/HistoryAtState/frus/master/volumes/frus1937v05.xml,texto-descargado,alta,"4,4 MB; capítulo ch5 ""Tender of good offices by the United States, Cuba, and Mexico to conciliate differences between the Dominican Republic and Haiti"", desde el doc. d149, expediente 738.39, con el telegrama Trujillo-Roosevelt del 15-XI-1937 (d154). Extracto local: 02-fuentes/textos/frus/frus1937v05-espanola.txt/.xml."
F-0050,primaria,Departamento de Estado de EE. UU.,"Foreign Relations of the United States 1938, vol. V",1938,en,oficial-eeuu,M13,https://raw.githubusercontent.com/HistoryAtState/frus/master/volumes/frus1938v05.xml,texto-descargado,alta,"5,4 MB; el mismo tema continúa desde la línea ~17746, con 22 referencias al expediente 738.39; lo publicado en FRUS es una selección del RG 59 de los National Archives. Extracto local: 02-fuentes/textos/frus/frus1938v05-espanola.txt/.xml. | F2 2026-10-06: Extractos adicionales de FRUS 1938 vol. V (indemnización): primer pago de 250.000 USD de la cuenta personal de Trujillo el 26-II-1938; sin referencias a pagos posteriores en FRUS 1939-1941. Verificación: descargada-y-leida; 5 extractos; afirmaciones: A-174, A-176."
F-0051,primaria,República Dominicana / Haití,"Tratado de paz, amistad, comercio y navegación dominico-haitiano",1874,fr,oficial-rd,M11,https://catalogo.academiadominicanahistoria.org.do/opac-tmpl/files/libros/TraitedePaixdamitdecommerceentrelarepubliquedhaitietrepubliquedominicaine.pdf,localizada-bloqueada,media,"Firmado el 9-XI-1874, vigente desde el 8-II-1875: primer reconocimiento haitiano del Estado dominicano; art. 1 ambos Estados se declaran únicos soberanos de la isla; art. 3 integridad de los respectivos territorios; art. 4 línea según las ""posesiones actuales""."
F-0052,primaria,—,"Constituciones de Haití de 1867, 1874 y 1879",1867-1879,fr,haitiana,M11,https://mjp.univ-perp.fr/constit/ht1879.htm,fragmento-busqueda,por-evaluar,"La de 1879 tiene un ""Titre premier. Du Territoire de la République""; su contenido y el posible cambio tras el tratado de 1874 no se confirmaron."
F-0053,primaria,"St John, Spenser","Hayti, or The Black Republic",1884,en,internacional,M11,https://raw.githubusercontent.com/GITenberg/Hayti-or-The-black-republic_68592/master/68592-0.txt,texto-descargado,media,"555 KB; relato del enviado británico, fuente de época muy citada y de fuerte sesgo hostil."
F-0054,primaria,"Schoenrich, Otto",Santo Domingo: A Country with a Future,1918,en,internacional,M12,https://raw.githubusercontent.com/GITenberg/Santo-Domingo--A-Country-with-a-Future_9813/master/9813.txt,texto-descargado,media,"753 KB; resume Ryswick (l.1219), Aranjuez (l.1270) y Basilea (l.1329); escrito durante la ocupación estadounidense."
F-0055,primaria,República Dominicana / Haití,Tratado fronterizo de 1929 y Protocolo de revisión de 1936,1929 / 1936,es,oficial-rd,M12;M13,https://memoriahistorica.senadord.gob.do/bitstreams/c23193fe-8615-4b6f-be63-95c87e121dc4/download | https://mirex.gob.do/wp-content/uploads/2024/06/6.-Haiti_acuerdo-fronterizo.pdf | https://lawcat.berkeley.edu/record/184784,pdf-en-linea,alta,El Protocolo de 1936 (16 pp.) está en HathiTrust/LLMC; el litigio previo aparece en FRUS 1929 vol. II. | F2 2026-10-06: Protocolo de 1936 en el expediente 2066 del Senado (bitstream c23193fe-8615-4b6f-be63-95c87e121dc4; páginas solo imagen) y comunicado de 1935 (MIREX n.º 6); las tres URL del Senado del registro no eran el Protocolo; registro LawCat no abrió. Verificación: descargada-y-leida; 14 extractos; afirmaciones: A-181.
F-0056,primaria,"Lescot, Élie (gobierno de Haití)",Lista nominal de víctimas de 1937,—,fr,oficial-haiti,M13,https://en.wikipedia.org/wiki/Parsley_massacre,fragmento-busqueda,media,12.168 víctimas conocidas según la lista nominal; la cifra de 12.168 queda [POR VERIFICAR] en el informe de historiografía.
F-0057,primaria,República Dominicana / Haití,Acuerdo de indemnización de 1938,1938,es,oficial-rd,M13,https://treaties.un.org/doc/Publication/UNTS/LON/Volume%20187/v187.pdf | https://mirex.gob.do/wp-content/uploads/2024/07/8.-Haiti_acuerdo-dominico-haitiano.pdf | https://ufdcimages.uflib.ufl.edu/UF/00/07/68/54/04848/02-10-1938_pdf.txt,pdf-en-linea,alta,"750.000 dólares pactados y 525.000 pagados, bajo presión de EE. UU., México y Cuba; un extracto fecha un acuerdo en 1952 [POR VERIFICAR]. | F2 2026-10-06: Texto del acuerdo del 31-I-1938 leído en MIREX n.º 8 (Ley 1467), en LNTS vol. 187 (n.º 4336) y en Le Moniteur del 10-II-1938: 750.000 USD (250.000 + 100.000 anuales); la URL registrada era un blog de Princeton. Verificación: descargada-y-leida; 35 extractos; afirmaciones: A-165, A-172, A-175, A-176, A-177, A-179, A-183, A-184, A-192. Fiabilidad: media -> alta."
F-0058,primaria,—,"Categoría ""indio"" en la cédula de identidad dominicana",—,es,oficial-rd,M13;M14;M15;M16,https://memoriahistorica.senadord.gob.do/bitstreams/d2d8413c-d061-4e4c-812b-19b7fd9d7d94/download | https://memoriahistorica.senadord.gob.do/bitstreams/97cd140e-f7da-4fd1-b62c-b2ce82e0ffa1/download | https://memoriahistorica.senadord.gob.do/bitstreams/124d2535-6b23-4521-ba77-ebbb5d67dfd0/download,pdf-en-linea,alta,"""Indio"" figura en la cédula desde Trujillo; el censo usa ""mestizo""; la JCE la eliminó después (fecha [POR VERIFICAR], ~2011-2014). | F2 2026-10-06: Leyes de cédula 1931-1945 leídas en el Senado: ni la Ley 247 (Exp. 1381) ni la 911 de 1935 contienen 'indio' ni 'color'; 'color' aparece en 1940 y 1945. La URL registrada de Dominican Today devolvió 404. Verificación: descargada-y-leida; 10 extractos; afirmaciones: A-164, A-188."
F-0059,primaria,Oficina Nacional de Estadística (RD) / UNFPA,Primera Encuesta Nacional de Inmigrantes (ENI-2012),2012,es,oficial-rd,M16,https://www.diariolibre.com/actualidad/estudio-establece-que-en-el-pas-hay-458233-haitianos-GCDL395517 | https://dominicanrepublic.unfpa.org/sites/default/files/pub-pdf/InformeENI-2012-General.pdf,localizada-bloqueada,alta,"524.632 inmigrantes, de ellos 458.233 nacidos en Haití (87,3%); total de origen haitiano 668.145 [POR VERIFICAR]."
F-0060,primaria,Oficina Nacional de Estadística (RD),Segunda Encuesta Nacional de Inmigrantes (ENI-2017),2017,es,oficial-rd,M16,https://www.diariolibre.com/actualidad/poblacion-de-origen-extranjero-en-rd-asciende-a-mas-de-847-mil-personas-EI9648464,fragmento-busqueda,alta,"570.933 inmigrantes, de ellos 497.825 nacidos en Haití (87,2%, +8,6% desde 2012); población de origen extranjero 847.979 (8,3% del país), de la cual 751.080 de origen haitiano (88,6%)."
F-0061,primaria,Tribunal Constitucional de la República Dominicana,Sentencia TC/0168/13,2013,es,oficial-rd,M16,https://www.tc.gob.do/ | https://www.redalyc.org/pdf/855/85545264009.pdf,localizada-bloqueada,media,"Decidida el 23-IX-2013 y publicada el 25; reinterpreta ""en tránsito"" (art. 11.1) retroactivamente hasta 1929; afecta a más de 200.000 personas; votos disidentes de Ana Isabel Bonilla y Katia Miguelina Jiménez; su razonamiento histórico interno no se leyó [POR VERIFICAR]."
F-0062,primaria,Congreso Nacional de la República Dominicana,Ley 169-14,2014,es,oficial-rd,M16,,no-localizada,media,Crea el Grupo A (inscritos en el registro civil) y el Grupo B (nunca inscritos); criticada por la CIDH y la Corte IDH; está en la Gaceta Oficial.
F-0063,primaria,Asamblea Constituyente de Haití,Constitución de Haití de 1987,1987,fr,haitiana,M15,https://pdba.georgetown.edu/Constitutions/Haiti/haiti1987fr.html,fragmento-busqueda,alta,"Art. 8: el territorio es ""la parte occidental de la isla de Haití"", limitada al este por la República Dominicana; art. 8.1 inviolable e inalienable; no reclama la isla entera."
F-0064,primaria,"MENFP (Ministère de l'Éducation Nationale, Haití)",Cadre d'Orientation Curriculaire,2021,fr,oficial-haiti,M16,https://mit-ayiti.net/wp-content/uploads/2023/06/Cadre-d_Orientation-Curriculaire-MENFP-2021-.pdf,fragmento-busqueda,media,"Marco curricular vigente, con hoja de ruta MENFP/BID/UNESCO-OIE validada en diciembre de 2023 y proyecto NECTAR (AFD, 2020-23); no se encontró el contenido referido a la República Dominicana."
F-0065,primaria,"Dumont, Jean; Cantillo, Alejandro del; Linstant Pradine, Beaubrun; —",Compilaciones documentales impresas: Corps universel diplomatique t. VII; Colección de tratados de paz (1843); Recueil général des lois et actes du gouvernement d'Haïti; CODOIN t. I (1864),1843-1864,varios,internacional,M03;M04;M05;M06;M07;M08,,no-localizada,por-evaluar,"Sedes impresas de Ryswick (Dumont), Aranjuez y Basilea (Cantillo), los decretos de Boyer y las proclamas fundacionales (Linstant Pradine) y el Repartimiento de 1514 (CODOIN)."
F-0066,primaria,"Arredondo y Pichardo, Gaspar de; Valerio, Francisca",Memoria de Arredondo y Pichardo y relación de Francisca Valerio sobre 1805,—,es,dominicana,M06,,no-localizada,media,"Las dos fuentes del relato dominicano del degüello de Moca, editadas por Rodríguez Demorizi; la memoria de Arredondo se escribió unos 40 años después de los hechos, lo que rebaja su valor testimonial."
F-0067,primaria,—,"Censos nacionales de población de la República Dominicana de 1920, 1935, 1950 y 1960",1920-1960,es,oficial-rd,M12;M13;M14,https://en.wikipedia.org/wiki/1950_Dominican_Republic_census | https://acento.com.do/opinion/el-tema-etnico-racial-en-los-censos-nacionales-de-poblacion-de-rd-y-3-9114716.html | https://en.wikipedia.org/wiki/White_Dominicans,texto-completo-en-linea,baja,"1920: blancos 24,9%, mestizos (y amarillos) 49,7%, negros 25,4%, clasificados por el empadronador; 1935 sustituye ""mestizo"" por ""mulato"" (~13/68/19, cifras de memoria [POR VERIFICAR]); 1950: 28,14% blancos, 60,36% mestizos/mulatos, 11,47% negros, con la categoría ""amarillo""; 1960: ~16/73/11 y último censo con raza hasta el siglo XXI (un extracto atribuye esas cifras a 1950). | F2 2026-10-06: Leída la columna de Mejía Santana (Acento, 5-X-2022): 1950 usa 'mulato'; cifras censales de segunda mano; Wikipedia 1950 como índice; volúmenes censales no localizados. Verificación: descargada-y-leida; 12 extractos; afirmaciones: A-164, A-188, A-189. Fiabilidad: media -> baja."
F-0068,secundaria,"García, José Gabriel",Compendio de la historia de Santo Domingo,1867; ampl. 1893-1906,es,dominicana,M00;M08;M09;M10;M11,,no-localizada,media,Fundacional liberal-nacionalista y duartista: fija el relato canónico de 1844 como independencia frente a Haití y de los Trinitarios como padres fundadores; dominio público [POR VERIFICAR].
F-0069,secundaria,"Peña Batlle, Manuel Arturo",Historia de la cuestión fronteriza domínico-haitiana; El sentido de una política; Política de Trujillo,1946; 1942/43; 1954,es,dominicana,M00;M04;M05;M13,https://archive.org/download/el-sentido-de-una-politica/009440_el_sentido_de_una_politica.pdf_djvu.txt | https://archive.org/download/035866-historia-de-la-cuestion-fronteriza-dominico-haitiana-tomo-i-manuel-arturo-pena-batlle.pdf/035866_historia_de_la_cuestion_fronteriza_dominico_haitiana_tomo_i_manuel_arturo_pen%CC%83a_batlle.pdf_djvu.txt,texto-descargado,media,"Hispanista e ideólogo trujillista, principal artífice de la ""dominicanización de la frontera""; define lo dominicano como hispano-católico frente a Haití; su papel ideológico [VERIFICADO], títulos y fechas [POR VERIFICAR]; quizá ya en dominio público en RD (m. 1954, no verificado). | F2 2026-10-06: Texto del discurso de Elías Piña (16-XI-1942; impreso por La Nación en 1943) en archive.org con la frase de la 'valla'; tomo I de la Historia de la cuestión fronteriza (1946); la traducción inglesa de la BNPHU está tras login; la 2.ª URL del registro trata de Balaguer y la música. Verificación: descargada-y-leida; 9 extractos; afirmaciones: A-179, A-180."
F-0070,secundaria,"Balaguer, Joaquín",La isla al revés: Haití y el destino dominicano,1983,es,dominicana,M00;M13;M14,https://acento.com.do/opinion/nuestros-vecinos-haitianos-los-primitivos-3-9116455.html,via-resena,media,"Reelabora La realidad dominicana (1947); presenta a Haití como amenaza biológica y cultural (""primitivismo"") y defiende la herencia española; era canciller en 1937 y estima 17.000 víctimas; caracterización [VERIFICADO], año [POR VERIFICAR]. | F2 2026-10-06: Solo la columna de Valerio-Holguín (Acento, 10-X-2022) con tres citas de La isla al revés (p. 129 y p. 63); la obra sigue bajo derechos. Verificación: descargada-y-leida; 3 extractos; afirmaciones: A-179. Acceso fijado en via-resena (no texto-completo-en-linea): solo se leyó la columna de Valerio-Holguín; la obra sigue bajo derechos."
F-0071,secundaria,"Rodríguez Demorizi, Emilio","Invasiones haitianas de 1801, 1805 y 1822; Guerra domínico-haitiana; Relaciones históricas de Santo Domingo II",1955; 1944; 1945,es,dominicana,M06;M07;M08;M09,https://www.elcaribe.com.do/opiniones/el-deguello-de-moca-de-abril-de-1805/,bajo-derechos,media,"Documentalista trujillista; compila las fuentes primarias (Arredondo y Pichardo, relación de Francisca Valerio) que son la base documental del relato de la ""invasión""; Invasiones [VERIFICADO], Guerra [POR VERIFICAR]."
F-0072,secundaria,"Bosch, Juan",Composición social dominicana; De Cristóbal Colón a Fidel Castro,1970,es,dominicana,M00;M03;M04;M05,https://juanbosch.org/wp-content/uploads/2024/03/Historia-Rep.-Dom.pdf,localizada-bloqueada,por-evaluar,Lectura marxista y clasista: la historia dominicana se explica por la ausencia de burguesía nacional y el predominio de la pequeña burguesía [POR VERIFICAR].
F-0073,secundaria,"Franco, Franklin J.","Los negros, los mulatos y la nación dominicana",1969 (ingl. Routledge 2015),es,dominicana,M00;M03;M11;M13,https://www.routledge.com/products/9781138784994 | https://estudiossociales.bono.edu.do/index.php/es/article/download/8/8/15,localizada-bloqueada,media,"Marxista, fundador de los estudios étnicos dominicanos: pone a los afrodescendientes y la esclavitud en el centro de la historia nacional y rompe con la historia de élites [VERIFICADO]. | F2 2026-10-06: La URL alterna del registro (Estudios Sociales 8/8/15) es Franklin Franco, 'El racismo, las migraciones y los problemas de la identidad nacional en República Dominicana' (Estudios Sociales 158, 2019), no Los negros, los mulatos... Verificación: descargada-y-leida; 5 extractos; afirmaciones: A-165, A-168, A-179, A-185, A-186, A-187. La lectura completa fue de otra obra de Franco (2019), no de Los negros, los mulatos y la nación dominicana: acceso conservado en localizada-bloqueada."
F-0074,secundaria,"Tolentino Dipp, Hugo",Raza e historia en Santo Domingo: los orígenes del prejuicio racial en América,1974,es,dominicana,M00;M03,https://firstblacks.org/en/?p=2561,localizada-bloqueada,media,"Marxista revisionista (UASD): el prejuicio racial es una construcción colonial y económica; libro premiado, considerado clásico [VERIFICADO]."
F-0075,secundaria,"Moya Pons, Frank",La dominación haitiana 1822-1844; Manual de historia dominicana; La otra historia dominicana,1972; 1977; 2008,es,dominicana,M00;M08;M13,https://estudiossociales.bono.edu.do/index.php/es/article/download/64/61/121 | https://repository.duke.edu/dc/radiohaiti/RL10059-RR-0072_01,localizada-bloqueada,media,"Liberal-académica, puente con Haití: ""no nos sirve vivir de espaldas a nuestra historia""; estima 377.559 taínos en 1494 (censo de 1508 más un tercio) y unos 18.000 muertos en 1937; La dominación haitiana [VERIFICADO], los otros dos títulos [POR VERIFICAR]."
F-0076,secundaria,"Cassá, Roberto",Historia social y económica de la República Dominicana,1976-77,es,dominicana,M00;M03;M04;M05,https://repository.duke.edu/dc/radiohaiti/RL10059-CS-0405_02,localizada-bloqueada,media,"Manual marxista de historia social; sostiene que no existe un antihaitianismo ""virulento"" en la población y que la migración es un problema de justicia social; estima ~25.000 esclavos en 1785."
F-0077,secundaria,"Vega, Bernardo","Trujillo y Haití, 4 vols. (1930-37; 1937-38; 1939-46; 1946-57)",1988-2009,es,dominicana,M11;M13,https://www.diariolibre.com/revista/cultura/antes-de-la-matanza-del-1937-trujillo-se-empecino-en-blanquear-la-raza-LO10961749,via-resena,media,"Documentalista y diplomático; estima 4.000-6.000 víctimas en 1937 a partir de censos e informes de EE. UU. y documenta que los ""blanqueadores"" ya existían en el siglo XIX; cifra verificada vía prensa. | F2 2026-10-06: Solo el resumen periodístico de Diario Libre (Pereyra, 9-X-2018) sobre Trujillo y Haití vol. II; la 2.ª URL del registro es una grabación de Radio Haïti (no abrió: Anubis); la obra sigue bajo derechos. Verificación: descargada-y-leida; 9 extractos; afirmaciones: A-165, A-172, A-174, A-176, A-179, A-185, A-186, A-187. Acceso fijado en via-resena (no texto-completo-en-linea): solo se leyó el resumen periodístico; la obra sigue bajo derechos."
F-0078,secundaria,"González, Raymundo",De esclavos a campesinos. Vida rural en Santo Domingo colonial,2011,es,dominicana,M04;M05,https://www.academiadominicanahistoria.org.do/wp-content/uploads/2021/06/RaymundoGonzalez-MN.pdf,localizada-bloqueada,media,"Historia social y rural (AGN, ADH): transición de la esclavitud al campesinado y origen de la sociedad rural colonial [VERIFICADO]."
F-0079,secundaria,"San Miguel, Pedro L.",La isla imaginada,1997 (ingl. UNC 2005; nueva ed. 2022),es,dominicana,M00,https://revistas.colmex.mx/index.php/record/view/26658 | https://scielo.org.mx/pdf/hm/v74n2/2448-6531-hm-74-02-951.pdf,localizada-bloqueada,media,Revisionista: deconstruye los imaginarios históricos sobre Haití y analiza a Price-Mars y a Bosch; solo la reseña está en acceso abierto.
F-0080,secundaria,"Torres-Saillant, Silvio",The Tribulations of Blackness (Callaloo); El retorno de las yolas,1998; 1999,en,dominicana,M00;M15;M16,https://muse.jhu.edu/article/195745/summary,bajo-derechos,media,"Diaspórico y crítico: Santo Domingo fue el primer destino de africanos esclavizados; critica la conciencia ""desracializada"" y el antihaitianismo trujillista; el artículo [VERIFICADO], el libro [POR VERIFICAR]."
F-0081,secundaria,"Candelario, Ginetta",Black Behind the Ears,2007,en,dominicana,M00;M15;M16,https://muse.jhu.edu/book/68694,bajo-derechos,media,"Diaspórica y sociológica: ""indio"" e ""hispano"" funcionan como vehículos de soberanía frente a España, Haití y EE. UU.; el pelo pesa más que la piel en la clasificación racial [VERIFICADO]."
F-0082,secundaria,"García Peña, Lorgia",The Borders of Dominicanidad,2016,en,dominicana,M00;M08;M12;M13;M16,https://www.dukeupress.edu/the-borders-of-dominicanidad | https://revista.drclas.harvard.edu/the-borders-of-dominicanidad-race-nation-and-the-archives-of-contradiction/,bajo-derechos,alta,"Diaspórica y decolonial: las narrativas oficiales se inscriben sobre cuerpos racializados; examina 1822, la ocupación estadounidense, 1937 (más de 20.000 muertos) y 2010 [VERIFICADO]. | F2 2026-10-06: Ficha editorial de Duke leída (cap. 3 sobre 1937 desde la literatura; '>20.000' es descripción editorial); libro no leído. Verificación: solo-localizada; 3 extractos; afirmaciones: A-169, A-172, A-179. Fiabilidad: media -> alta."
F-0083,secundaria,"Sagás, Ernesto",Race and Politics in the Dominican Republic,2000,en,dominicana,M00;M09;M13,https://floridapress.org/9780813017631/race-and-politics-in-the-dominican-republic,bajo-derechos,media,"Primer libro dedicado al antihaitianismo: prejuicio colonial, variable definitoria en 1844, refinado a fines del XIX y convertido en ideología de Estado con Trujillo; posible acceso abierto en Fulcrum [POR VERIFICAR]. | F2 2026-10-06: Ficha editorial leída (con reseña de S. Martínez); el acceso abierto en Fulcrum devolvió 403 y no se confirmó. Verificación: solo-localizada; 2 extractos; afirmaciones: A-179."
F-0084,secundaria,"Ricourt, Milagros",The Dominican Racial Imaginary,2016,en,dominicana,M00,https://muse.jhu.edu/book/48934,bajo-derechos,media,"Diaspórica: mito de élite del dominicano como ""híbrido perfecto"" de indio y español, con resistencias populares a ese mito [VERIFICADO]."
F-0085,secundaria,"Gutiérrez, Franklin",—,—,es,dominicana,M00,,no-localizada,baja,Crítico literario; el informe juzga su relevancia historiográfica dudosa y apunta posible confusión con Franklin Franco [POR VERIFICAR].
F-0086,secundaria,"Silié, Rubén","Economía, esclavitud y población; ensayos FLACSO sobre la relación con Haití",1976,es,dominicana,M05;M15;M16,,no-localizada,por-evaluar,Historia económica; economía colonial ganadera y esclavitud en el Santo Domingo del siglo XVIII; fue embajador en Haití [POR VERIFICAR].
F-0087,secundaria,"Deive, Carlos Esteban",La esclavitud del negro en Santo Domingo; Los guerrilleros negros; Vodú y magia en Santo Domingo,1980; 1989; 1975,es,dominicana,M03;M04;M05,,no-localizada,por-evaluar,"Etnohistoria de la esclavitud, el cimarronaje y las religiones afro en la parte este [POR VERIFICAR]."
F-0088,secundaria,"Albert Batista, Celsa",Mujer y esclavitud en Santo Domingo,1990,es,dominicana,M03;M04;M05,,no-localizada,por-evaluar,Afrodominicana: experiencia femenina de la esclavitud y aporte africano [POR VERIFICAR].
F-0089,secundaria,"Jimenes Grullón, Juan Isidro",La República Dominicana: una ficción; El mito de los padres de la patria,1965; 1971,es,dominicana,M00;M09,,no-localizada,por-evaluar,Marxista y antitrujillista: desmitifica a los próceres y critica el nacionalismo oficial [POR VERIFICAR].
F-0090,secundaria,"Lugo, Américo",El Estado dominicano ante el derecho público (tesis),1916,es,dominicana,M00;M12,https://acento.com.do/opinion/americo-lugo-anti-haitianismo-9217769.html,fragmento-busqueda,por-evaluar,"Hispanista y pesimista: sostiene que el pueblo dominicano carecería de conciencia nacional; se debate si fue precursor del antihaitianismo (el debate [VERIFICADO], el detalle de la obra [POR VERIFICAR])."
F-0091,secundaria,"Balcácer, Juan Daniel",Estudios duartianos; opinión sobre el Manifiesto del 16 de enero,—,es,dominicana,M09,https://elnuevodiario.com.do/balcacer-manifiesto-del-16-de-enero-fue-extraordinario-para-formacion-del-estado/,fragmento-busqueda,por-evaluar,"Nacional-académico (ADH): el Manifiesto del 16 de enero fue ""extraordinario para la formación del Estado"" [VERIFICADO]."
F-0092,secundaria,"Andújar, Carlos",La presencia negra en Santo Domingo,1997,es,dominicana,M00,,no-localizada,por-evaluar,Antropología afro: etnohistoria de la herencia africana [POR VERIFICAR].
F-0093,secundaria,"Lora Hugi, Quisqueya",Transición de la esclavitud al trabajo libre en Santo Domingo: el caso de Higüey (1822-1827),2012,es,dominicana,M08,https://history.princeton.edu/people/quisqueya-lora,fragmento-busqueda,media,Historia social revisionista (ADH): tras la abolición haitiana la mayoría de los libertos siguió con sus antiguos amos bajo contrato y con pago en trueque [VERIFICADO].
F-0094,secundaria,"Paulino Ramos, Alejandro",Trabajos del AGN sobre censura y propaganda trujillista,—,es,dominicana,M13,,no-localizada,por-evaluar,Archivística [POR VERIFICAR]; sin datos bibliográficos en el informe.
F-0095,secundaria,"Ortiz, Dantes",—,—,es,dominicana,M11,,no-localizada,baja,Historia del siglo XIX; sin obra ni datos en el informe [POR VERIFICAR].
F-0096,secundaria,"Espinal Hernández, Edwin",Historia social de Santiago,—,es,dominicana,M11,,no-localizada,por-evaluar,Regional y genealógica (ADH) [POR VERIFICAR].
F-0097,secundaria,"Vega Boyrie, Wenceslao",Historia del derecho dominicano; documentos constitucionales,—,es,dominicana,M09;M11,,no-localizada,por-evaluar,Historia del derecho; útil para los textos constitucionales dominicanos [POR VERIFICAR].
F-0098,secundaria,"Céspedes, Diógenes",Los orígenes de la ideología trujillista,2002,es,dominicana,M13,,no-localizada,por-evaluar,Crítica ideológica: deconstruye a Peña Batlle y a Balaguer [POR VERIFICAR].
F-0099,secundaria,"Núñez, Manuel",El ocaso de la nación dominicana,1990 (2.ª ed. 2001),es,dominicana,M00;M15;M16,https://estudiossociales.bono.edu.do/index.php/es/article/download/514/500/998,localizada-bloqueada,media,Neonacionalista: retoma el espectro de Haití y alerta contra la migración; sus críticos lo ven como heredero de la intelectualidad trujillista [VERIFICADO].
F-0100,secundaria,"Cuello, José Israel",Documentos del conflicto domínico-haitiano de 1937,1985,es,dominicana,M13,https://www.diariolibre.com/actualidad/matanza-de-haitianos-del-37-un-zapatazo-de-trujillo-EDDL830141,via-resena,media,"Compilación documental de izquierda: la matanza como demostración de fuerza de Trujillo ante sectores intelectuales y conservadores; duró 2-3 días (8-10 de octubre) [VERIFICADO]. | F2 2026-10-06: Leída la entrevista a Cuello en Diario Libre (2014 según dom07; 2013 según cie07): 'zapatazo'; la matanza duró 2-3 días; el libro de 1985 no se halló en línea. Verificación: descargada-y-leida; 7 extractos; afirmaciones: A-165, A-166, A-168, A-172, A-173, A-175, A-181, A-182, A-186, A-190, A-191. Acceso fijado en via-resena (no texto-completo-en-linea): solo se leyó la entrevista; el libro de 1985 no se halló en línea."
F-0101,secundaria,"Batista Lemaire, Olivier",Historia social de la dominación haitiana (1822-1844),2025,es,dominicana,M08,https://acento.com.do/cultura/circula-el-libro-historia-social-de-la-dominacion-haitiana-1822-1844-de-olivier-batista-lemaire-9512257.html | https://www.academiadominicanahistoria.org.do/wp-content/uploads/2025/06/NotadePrensa.pdf,localizada-bloqueada,media,"Nacional-hispanista (ADH/AGN): nueve capítulos sobre las ""invasiones"" y la resistencia hispano-dominicana; Moya Pons la elogió como insuperable ""en décadas"" [VERIFICADO]."
F-0102,secundaria,"González Canalda, María Filomena","Estudio comparado de textos escolares (Ecos, UASD, vol. 17)",2019,es,dominicana,M00;M13;M16,https://revistas.uasd.edu.do/index.php/ecos/article/download/230/169/172,texto-completo-en-linea,alta,"Compara 9 textos dominicanos y 9 haitianos (1805, 1822-44, 1844-57, tratados, Rubalcaba, 1937, migración) y contradice la creencia de que los textos haitianos enseñan a odiar a los dominicanos [VERIFICADO]. | F2 2026-10-06: Leído el artículo de Ecos 17 (2019): sobre 1937 solo describe los libros de texto haitianos; los textos dominicanos del MINERD no se leyeron. Verificación: descargada-y-leida; 5 extractos; afirmaciones: A-167, A-168, A-169, A-172, A-176, A-179, A-190, A-192. Fiabilidad: media -> alta."
F-0103,secundaria,"Reyes, Miguel",La expedición haitiana de Dessalines a Santo Domingo,—,es,dominicana,M06,https://catalogo.academiadominicanahistoria.org.do/opac-tmpl/files/libros/ReyesMiguel-LaExpendicionHaitianaDessalineSantoDomingo.pdf,localizada-bloqueada,por-evaluar,Título reconstruido del nombre del PDF en el catálogo de la ADH; citado como evidencia del debate sobre 1805.
F-0104,secundaria,"Henríquez Ureña, Pedro",El español en Santo Domingo,1940,es,dominicana,M00,,no-localizada,por-evaluar,Clásico sobre la lengua; agrupado en el informe entre los pendientes [POR VERIFICAR].
F-0105,secundaria,"Tejera, Emilio",Palabras indígenas de la isla de Santo Domingo,—,es,dominicana,M00;M01,,no-localizada,por-evaluar,"Obra de referencia sobre taínismos del español dominicano (hamaca, canoa, huracán, barbacoa, batey, bohío, conuco, casabe, yuca, maní, ají, cacique) [POR VERIFICAR]."
F-0106,secundaria,"Madiou, Thomas",Histoire d'Haïti (1492-1846),1847-48,fr,haitiana,M06;M07;M08;M09,https://aha.confex.com/aha/2011/webprogram/Paper6769.html,no-localizada,media,"Fundacional ""noirista"": primera historia completa, reivindica a los héroes negros (Louverture) y la revolución como sublevación de esclavos; narra la reunificación de Boyer; dominio público, probablemente en Gallica, archive.org, HathiTrust o dLOC."
F-0107,secundaria,"Ardouin, Beaubrun",Études sur l'histoire d'Haïti (11 vols.),1853-60,fr,haitiana,M06;M07;M08,https://erudit.org/fr/revue/bshg/1995/v/n106/1043280ar.pdf,localizada-bloqueada,media,"Contrapunto ""mulâtriste"" de Madiou: privilegia a los libres de color como dirigentes de la revolución y del Estado [VERIFICADO]."
F-0108,secundaria,"Bellegarde, Dantès",La nation haïtienne; Histoire du peuple haïtien,1938; 1953,fr,haitiana,M00,,no-localizada,por-evaluar,Liberal y elitista; sin tesis extraída en el informe [POR VERIFICAR].
F-0109,secundaria,"Price-Mars, Jean",Ainsi parla l'Oncle; La République d'Haïti et la République Dominicaine (2 vols.),1928; 1953,fr,haitiana,M00;M13,https://ufdcimages.uflib.ufl.edu/UF/00/09/59/32/00002/Mars_RD_Haiti_fr_2.pdf | https://acento.com.do/opinion/el-dialogo-transnacional-y-el-pensamiento-kiskeyano-8683335.html,pdf-en-linea,alta,"Indigenismo y etnología; la obra de 1953 es una ""biblia"" de la historia insular y sostiene que ambos Estados podían desarrollarse en paz; estima 12.000 o más víctimas en 1937; que fuera respuesta a Peña Batlle [POR VERIFICAR]; bajo derechos (m. 1969). | F2 2026-10-06: Texto completo de la edición de 1953 leído en dLOC (OCR): 12.136 muertos y 2.419 'rescapés' ('calculs partiels'); responde a Peña Batlle ('doctrine néoraciste'); la frase 'rêve inutile' no aparece en el OCR. Verificación: descargada-y-leida; 25 extractos; afirmaciones: A-165, A-166, A-167, A-168, A-169, A-172, A-175, A-176, A-179, A-180, A-181, A-182, A-183, A-186, A-187, A-188, A-189, A-190, A-192, A-193. Fiabilidad: media -> alta."
F-0110,secundaria,"Fouchard, Jean",Les marrons de la liberté,1972,fr,haitiana,M05;M06,,no-localizada,por-evaluar,Nacionalista: el cimarronaje como raíz de la independencia [POR VERIFICAR].
F-0111,secundaria,"Trouillot, Michel-Rolph",Haiti: State Against Nation; Silencing the Past,1990; 1995,en,haitiana,M00;M06,https://www.beacon.org/Silencing-the-Past-P1109.aspx | https://muse.jhu.edu/article/543191,bajo-derechos,media,"Antropología crítica: la Revolución haitiana fue ""impensable"" y la historia se produce desde el poder; Silencing [VERIFICADO], State Against Nation [POR VERIFICAR]."
F-0112,secundaria,"Trouillot, Hénock",Obras sobre Dessalines y la literatura,1960s-70s,fr,haitiana,M06,,no-localizada,por-evaluar,Marxista y noirista; sin títulos precisos en el informe [POR VERIFICAR].
F-0113,secundaria,"Manigat, Leslie",Éventail d'histoire vivante d'Haïti,2001-03,fr,haitiana,M00,,no-localizada,por-evaluar,Académica y política; sin tesis extraída [POR VERIFICAR].
F-0114,secundaria,"Castor, Suzy",Migración y relaciones internacionales (el caso haitiano-dominicano); Le massacre de 1937 et les relations haïtiano-dominicaines,1987,es,haitiana,M12;M13;M14,https://search.library.wisc.edu/catalog/9912848093802121 | https://ruie.ucr.ac.cr/catalogo/Record/IIS-CIDCACS-CD-2789?lng=en,bajo-derechos,media,"Marxista (UNAM): la migración se inscribe en la economía azucarera y en las relaciones de poder; estima 12.000 o más víctimas en 1937; el encargo daba 1983 y el informe 1987 (discrepancia de fecha). | F2 2026-10-06: Resuelve parcialmente: la URL registrada (Estudios Sociales 320/306) es de Orlando Inoa (1998) y no de Castor; la edición francesa Le massacre de 1937... es de C3 Éditions (Delmas, 2017); obra no leída. Verificación: solo-localizada; 1 extractos; afirmaciones: A-167, A-190."
F-0115,secundaria,"Casimir, Jean",The Haitians: A Decolonial History,2020,en,haitiana,M06;M07;M11,https://uncpress.org/book/9781469660486/the-haitians | https://newbooksnetwork.com/the-haitians,bajo-derechos,media,"Decolonial: la ""contraplantación"" (lakou, pequeña propiedad) como soberanía popular frente al Estado [VERIFICADO]."
F-0116,secundaria,"Hector, Michel (ed.)",Genèse de l'État haïtien (1804-1859),2009,fr,haitiana,M06;M07;M08,,no-localizada,por-evaluar,Historia social; sin tesis extraída [POR VERIFICAR].
F-0117,secundaria,"Hurbon, Laënnec",Le barbare imaginaire,1987,fr,haitiana,M00,,no-localizada,por-evaluar,Antropología; sin tesis extraída [POR VERIFICAR].
F-0118,secundaria,"Beauvoir-Dominique, Rachel",Savalou E,—,fr,haitiana,M00;M01,https://repository.duke.edu/dc/radiohaiti/RL10059-CS-1389_01,fragmento-busqueda,por-evaluar,"Antropóloga y mambo (1965-2018): vodou, sociedad campesina y herencia taína; discute los elementos taínos del vodou Petwo; biografía [VERIFICADO], trabajos taínos [POR VERIFICAR]."
F-0119,secundaria,"Denis, Watson",La négation du droit à la nationalité en République Dominicaine; coed. de Terreurs de frontière,2021,fr,haitiana,M13;M16,https://wm.edu/as/news/2021-2022/hist-richard-turits-and-lauren-derby.php,via-resena,media,"Historia internacional (UEH, CREHSO): apatridia de los dominicanos de ascendencia haitiana; publica testimonios de 1937 en kreyòl [VERIFICADO]. | F2 2026-10-06: Nota institucional de W&M: Watson Denis (UEH) editó y prologó Terreurs de frontière (2021). Verificación: descargada-y-leida; 1 extractos; afirmaciones: ninguna. Acceso fijado en via-resena (no texto-completo-en-linea): solo se leyó una nota institucional de W&M; la obra de Denis no se leyó."
F-0120,secundaria,"Gilbert, Myrtha",—,—,fr,haitiana,M00,,no-localizada,baja,Militante; sin resultados de búsqueda en el reconocimiento [POR VERIFICAR].
F-0121,secundaria,"Michel, Georges",Panorama de las relaciones haitiano-dominicanas,2005,es,haitiana,M00;M15;M16,https://acento.com.do/opinion/tan-cerca-del-ozama-9016432.html,fragmento-busqueda,por-evaluar,Historiador y médico: relaciones bilaterales y frontera; parcialmente [VERIFICADO].
F-0122,secundaria,"Alexandre, Guy",Libro sobre cómo mejorar la relación dominico-haitiana,1990s,fr,haitiana,M15;M16,https://repository.duke.edu/dc/radiohaiti/RL10059-CS-0468_01,fragmento-busqueda,por-evaluar,"Embajador de Haití en la RD en los años 90: comercio fronterizo, trata de personas, comisión mixta; embajada y entrevistas [VERIFICADO]; un resultado le atribuye una muerte en 2026, posible confusión [POR VERIFICAR]."
F-0123,secundaria,"Théodat, Jean-Marie",Haïti-République Dominicaine: une île pour deux 1804-1916,2003 (tesis 1998),fr,haitiana,M00;M06;M11,https://nantilus.univ-nantes.fr/vufind/Record/PPN070755582?lng=en | https://haiti.mit.edu/jean-marie-theodat,bajo-derechos,media,"Geografía (Karthala; tesis París X): ""gemelidad insular"", dos Estados formados en interdependencia; lee la isla indivisible como doctrina de seguridad anticolonial [VERIFICADO]."
F-0124,secundaria,"Moïse, Claude",Constitutions et luttes de pouvoir en Haïti,1988-90,fr,haitiana,M06;M07;M11,,no-localizada,por-evaluar,Referencia para el corpus constitucional haitiano [POR VERIFICAR].
F-0125,secundaria,"Pierre Étienne, Sauveur",L'énigme haïtienne,2007,fr,haitiana,M15,,no-localizada,por-evaluar,Agrupado en el informe entre los autores sin datos por agotamiento del presupuesto de búsqueda [POR VERIFICAR].
F-0126,secundaria,"Gaillard, Roger",Les Blancs débarquent,—,fr,haitiana,M12,,no-localizada,por-evaluar,Serie sobre la ocupación estadounidense [POR VERIFICAR].
F-0127,secundaria,"Hale, Edward Everett",The Life of Columbus from His Own Letters and Journals,1891,en,internacional,M02,https://raw.githubusercontent.com/GITenberg/The-Life-of-Columbus--13-From-His-Own-Letters-and-Journals-and-Other-Documents-of-His-Time_1492/master/1492.txt,texto-descargado,media,Secundaria del siglo XIX con extractos traducidos del Diario; sustituto accesible mientras el Diario en español está bloqueado.
F-0128,secundaria,"Elliott, Charles Wyllys","St. Domingo, its revolution and its hero Toussaint Louverture",—,en,internacional,M06,https://raw.githubusercontent.com/GITenberg/St-Domingo-its-revolution-and-its-hero-Toussaint-Louverture_70281/master/70281-0.txt,texto-descargado,media,Texto de época verificado en GITenberg (70281); relato estadounidense del siglo XIX sobre la revolución.
F-0129,secundaria,"James, C.L.R.",The Black Jacobins,1938,en,internacional,M06,,no-localizada,por-evaluar,"Marxista; clásico de la Revolución haitiana, sin tesis extraída en el informe [POR VERIFICAR]."
F-0130,secundaria,"Dubois, Laurent",Avengers of the New World; Aftershocks of History,2004; 2012,en,internacional,M06;M11;M12,,no-localizada,por-evaluar,Historia atlántica; sin tesis extraída [POR VERIFICAR].
F-0131,secundaria,"Gaffield, Julia",The Haitian Declaration of Independence (ed.); Haitian Connections in the Atlantic World,2016; 2015,en,internacional,M06;M07,https://historynewsnetwork.org/article/125120 | https://haitidoi.com/2013/09/29/haitian-constitutions-1790-1860,localizada-bloqueada,alta,"Historia atlántica: halló en 2010 la única copia impresa conocida del Acta de 1804 (National Archives, Londres); trabaja el reconocimiento internacional de Haití y reúne el corpus constitucional de 1790-1860 [VERIFICADO]."
F-0132,secundaria,"Ferrer, Ada",Freedom's Mirror,2014,en,internacional,M06,,no-localizada,por-evaluar,Cuba y Haití como espejos en la era revolucionaria [POR VERIFICAR].
F-0133,secundaria,"Nessler, Graham",An Islandwide Struggle for Freedom,2016,en,internacional,M06;M07,https://www.uncpress.org/book/9781469626864/an-islandwide-struggle-for-freedom | https://muse.jhu.edu/article/703710,bajo-derechos,media,"Visión insular: la Revolución haitiana fue un fenómeno de toda la isla, con emancipación en el oeste y re-esclavización en el este; contextualiza 1805 [VERIFICADO]."
F-0134,secundaria,"Yingling, Charlton",Siblings of Soil,2022,en,internacional,M05;M06;M07;M08,https://utpress.utexas.edu/blog/2022/12/15/uncovering-dominican-and-haitian-histories/,bajo-derechos,media,"Insular y revisionista: lazos militares, religiosos y de parentesco; los afrodescendientes colaboraron hasta la unificación de 1822; discute el relato de la ""agresión haitiana"" [VERIFICADO]."
F-0135,secundaria,"Eller, Anne",We Dream Together,2016,en,internacional,M08;M09;M10;M11,https://www.dukeupress.edu/we-dream-together | https://erlacs.org/article/view/24221,bajo-derechos,media,Revisionista y popular: 1822-1865 como compromiso común con la abolición y la democracia popular; rompe con la narrativa del conflicto; subraya la ayuda haitiana en la Restauración; posible acceso abierto (registro DOAB) [POR VERIFICAR].
F-0136,secundaria,"Derby, Lauren (Robin)",Bêtes Noires,2025,en,internacional,M13;M14;M15,https://www.dukeupress.edu/Betes-Noires | https://library.oapen.org/bitstream/20.500.12657/109107/1/9781478061564.pdf,pdf-en-linea,alta,"El bacá como memoria del despojo colonial; brujería fronteriza; acceso abierto en OAPEN [VERIFICADO]. | F2 2026-10-06: PDF libre de Duke descargado (HTTP 200; 51 pp.: preliminares, prefacio e inicio de la introducción); OAPEN devolvió 403. Verificación: descargada-parcial; 3 extractos; afirmaciones: A-165, A-168, A-170, A-177, A-178."
F-0137,secundaria,"Derby, Lauren y Turits, Richard L. (ed. Watson Denis)",Terreurs de frontière: le massacre des Haïtiens en RD en 1937,2021,fr,internacional,M13,https://wm.edu/as/news/2021-2022/hist-richard-turits-and-lauren-derby.php | https://www.wm.edu/as/globalstudies/latinamerican/news/new-book-publication-by-richard-turits-and-lauren-derby.php,via-resena,media,"Historia oral con testimonios en kreyòl: antes de 1937 la frontera era integrada e igualitaria; Premio de traducción LASA; el título ""Temwayaj Kout Kouto"" no apareció en ninguna búsqueda [VERIFICADO el libro]. | F2 2026-10-06: Libro confirmado por las notas de W&M (17-II-2022); 'relative socio-economic equality' como tesis; contenido y testimonios en kreyòl no leídos. Verificación: descargada-parcial; 5 extractos; afirmaciones: A-165, A-170, A-171, A-177, A-178."
F-0138,secundaria,"Paulino, Edward",Dividing Hispaniola,2016,en,internacional,M11;M12;M13,https://upittpress.org/books/9780822963790/,via-resena,media,"Revisionista: el antihaitianismo fue obra de una minoría intelectual urbana y del imperialismo estadounidense, no un ethos innato; hubo mezcla y solidaridad en la frontera; estima ~15.000 muertos en 1937 [VERIFICADO]. | F2 2026-10-06: Ficha de Pitt Press y reseña extensa de Álvarez López (Memorias 29, 2016) como vía de acceso con páginas; libro no leído. Verificación: solo-localizada; 3 extractos; afirmaciones: A-164, A-174, A-179."
F-0139,secundaria,"Matibag, Eugenio",Haitian-Dominican Counterpoint,2003,en,internacional,M00;M13,https://link.springer.com/book/10.1057/9781403973801,bajo-derechos,media,"Sistémica: narrativa ""unitaria"" de interdependencias frente al relato del conflicto [VERIFICADO]. | F2 2026-10-06: Ficha editorial de Springer y DOI (cap. 'Close Encounters'); libro no leído. Verificación: solo-localizada; 1 extractos; afirmaciones: ninguna."
F-0140,secundaria,"Baud, Michiel",Una frontera-refugio (Estudios Sociales 92); Constitutionally White (en Ethnicity in the Caribbean),1993; 1996,es,internacional,M11;M12,https://www.academiadominicanahistoria.org.do/wp-content/uploads/2021/07/MichielBaud-MCE.pdf,localizada-bloqueada,media,"Historia social: la sociedad fronteriza resistía al Estado y la identidad se construyó como ""blanca"" por vía constitucional [VERIFICADO]."
F-0141,secundaria,"Wucker, Michele",Why the Cocks Fight,1999,en,internacional,M00;M15,https://www.kirkusreviews.com/book-reviews/michele-wucker/why-the-cocks-fight/,bajo-derechos,media,Periodística: la pelea de gallos como metáfora de división y de comunidad [VERIFICADO].
F-0142,secundaria,"Diamond, Jared","Collapse, cap. One Island, Two Peoples, Two Histories",2005,en,internacional,M00;M15,https://timothyschwartzhaiti.com/an-open-critique-of-jared-diamonds-collapse-haiti-and-dr/,bajo-derechos,media,"Ambiental y determinista: explica la divergencia por ambiente, cultura y élites; da ~1% de cobertura forestal en Haití frente a ~28% en RD; criticado por omitir la indemnización de 1825 y el papel de EE. UU. (Questioning Collapse) [VERIFICADO]."
F-0143,secundaria,"Mayes, April",The Mulatto Republic,2014,en,internacional,M11;M12,https://muse.jhu.edu/book/28606,bajo-derechos,media,"Revisionista: la identidad ""mulata"" tiene múltiples factores de clase y raza, no solo el antihaitianismo [VERIFICADO]."
F-0144,secundaria,"Simmons, Kimberly Eison",Reconstructing Racial Identity and the African Past in the Dominican Republic,2009,en,internacional,M15;M16,https://mixedracestudies.org/wp/?p=12873,bajo-derechos,media,"Antropología: los dominicanos abrazan de forma gradual la negritud y la diáspora cuestiona la categoría ""indio"" [VERIFICADO]."
F-0145,secundaria,"Roorda, Eric Paul",The Dictator Next Door,1998,en,internacional,M13,https://www.dukeupress.edu/The-Dictator-Next-Door,via-resena,media,"Historia diplomática basada en archivos de EE. UU.; estima 12.000 víctimas en 1937 [VERIFICADO]. | F2 2026-10-06: Ficha editorial de Duke y MUSE: 12.000 muertos; capítulo 'Genocide Next Door' (DOI 10.1215/9780822398325-006); libro no leído. Verificación: solo-localizada; 2 extractos; afirmaciones: A-167, A-175."
F-0146,secundaria,"Roorda, Eric Paul; Derby, Lauren; González, Raymundo (eds.)",The Dominican Republic Reader,2014,en,internacional,M00,,no-localizada,por-evaluar,Antología documental; sin tesis extraída [POR VERIFICAR].
F-0147,secundaria,"Ponce Vázquez, Juan José",Islanders and Empire,2020,en,internacional,M03;M04,https://assets.cambridge.org/97811087/02485/excerpt/9781108702485_excerpt.pdf,localizada-bloqueada,media,"Colonial: el contrabando y la defiance de las élites en La Española, 1580-1690; solo el extracto [VERIFICADO]."
F-0148,secundaria,"Altman, Ida",The Revolt of Enriquillo (The Americas),2007,en,internacional,M03,,no-localizada,por-evaluar,Colonial temprana; sin tesis extraída [POR VERIFICAR].
F-0149,secundaria,"Stone, Erin Woodruff",Captives of Conquest,2021,en,internacional,M02;M03,https://www.pennpress.org/9780812253108/captives-of-conquest,bajo-derechos,media,"Esclavitud indígena: los indígenas no ""colapsaron"" solo por enfermedad, más de 250.000 fueron sacados mediante la esclavitud [VERIFICADO]."
F-0150,secundaria,"Guitar, Lynne","Cultural Genesis (tesis, Vanderbilt); Documenting the Myth of Taíno Extinction (KACIKE)",1998; 2002,es,internacional,M01;M02;M03,https://archive.org/download/KacikeJournal_34/GuitarEspanol.pdf | https://pdxscholar.library.pdx.edu/black_studies_fac/21,localizada-bloqueada,media,"Supervivencia taína: los taínos no se extinguieron, sobrevivieron en los márgenes coloniales; el mito de la extinción nació de la campaña dominica y lascasiana contra la encomienda; señala que los demógrafos han discutido de menos de 1 millón a 20 millones; acceso abierto [VERIFICADO]."
F-0151,secundaria,"Walker, Andrew","Strains of Unity (tesis, U. Michigan)",2018,en,internacional,M08,https://deepblue.lib.umich.edu/handle/2027.42/146083,localizada-bloqueada,media,"Revisionista: las reformas haitianas generaron adaptación local, no divisiones nacionales; los afrodescendientes reclamaron tierras y los libertos y autoridades locales mediaron la aplicación de la ley; acceso abierto [VERIFICADO]."
F-0152,secundaria,"Pinto Tortosa, Antonio J.","Santo Domingo: una colonia en la encrucijada, 1790-1820",2022,es,internacional,M06;M07,https://revistas.ucm.es/index.php/RCHA/article/view/95851,localizada-bloqueada,por-evaluar,Colonial española (AGN); sin tesis extraída en el informe [VERIFICADO la existencia].
F-0153,secundaria,"Gonzalez, Johnhenry",Maroon Nation,2019,en,internacional,M06;M07;M11,https://yalebooks.yale.edu/9780300230086/maroon-nation | https://h-france.net/vol20reviews/vol20no93lewis.pdf,bajo-derechos,media,Agraria: la plantación se destruyó por la deserción de los trabajadores hacia la pequeña propiedad; solo la reseña en acceso abierto [VERIFICADO].
F-0154,secundaria,"Cadeau, Sabine",More than a Massacre,2022,en,internacional,M12;M13,https://www.cambridge.org/core/books/more-than-a-massacre/6CD7AA4DC466D44D23F3C9BB1CDE55B1 | https://assets.cambridge.org/97811089/31526/excerpt/9781108931526_excerpt.pdf,via-resena,media,"Racial y de genocidio: la represión antihaitiana racializada empieza en 1919 con la ocupación estadounidense, se acelera en 1930 y culmina en 1937 con unos 20.000 muertos; premios Bryce Wood y Lemkin 2023; solo el extracto [VERIFICADO]. | F2 2026-10-06: Ficha de Cambridge Core: ~20.000 muertos y premios Bryce Wood y Lemkin 2023; el libro no se leyó (extracto PDF sin respuesta). Verificación: descargada-parcial; 12 extractos; afirmaciones: A-165, A-169, A-171, A-172, A-173, A-174, A-179, A-190."
F-0155,secundaria,"Wigginton, Sheridan y Middleton, Richard",Unmastering the Script,2019,en,internacional,M15;M16,https://www.ubcpress.ca/unmastering-the-script,bajo-derechos,media,Teoría crítica de la raza y educación: los textos escolares de 1997 denigran la negritud y los más recientes muestran inclusión creciente [VERIFICADO].
F-0156,secundaria,"Blancpain, François",Haïti et la République Dominicaine: une question de frontières,2008,fr,internacional,M00;M11;M13,https://www.mollat.com/livres/770812/francois-blancpain-haiti-et-la-republique-dominicaine-une-question-de-frontieres,bajo-derechos,media,Historia de la frontera: tardó más de 150 años en fijarse [VERIFICADO].
F-0157,secundaria,"Stieber, Chelsea",Haiti's Paper War,2020,en,internacional,M07;M08;M11,,no-localizada,por-evaluar,Agrupada en el informe entre los pendientes por agotamiento del presupuesto de búsqueda [POR VERIFICAR].
F-0158,secundaria,"Ramsey, Kate",The Spirits and the Law,2011,en,internacional,M12,,no-localizada,por-evaluar,Agrupada entre los pendientes; vodou y derecho [POR VERIFICAR].
F-0159,secundaria,"Byrd, Brandon",The Black Republic,2019,en,internacional,M11;M12,,no-localizada,por-evaluar,Agrupado entre los pendientes [POR VERIFICAR].
F-0160,secundaria,"Daut, Marlene; Zavitz, Erin; Smith, Matthew; Dupuy, Alex; Fatton, Robert; Lundahl, Mats; García Muñiz, Humberto",—,—,varios,internacional,M00,,no-localizada,baja,Agrupados en el informe sin datos bibliográficos por agotamiento del presupuesto de búsqueda [POR VERIFICAR].
F-0161,secundaria,"Wells, Allen",Tropical Zion,2009,en,internacional,M13,https://www.dukeupress.edu/Tropical-Zion,via-resena,alta,"Recomendado por el informe como la obra adecuada sobre Sosúa [POR VERIFICAR]. | F2 2026-10-06: Ficha editorial de Duke (DOI 10.1215/9780822392057): 750 refugiados fundaron Sosúa; libro no leído. Verificación: solo-localizada; 4 extractos; afirmaciones: A-168, A-174, A-185."
F-0162,secundaria,"Candio, Datrice",Tesis doctoral sobre la representación del Otro en manuales escolares (Université des Antilles),2020,fr,internacional,M00;M16,https://theses.fr/2020ANTI0510.pdf,localizada-bloqueada,media,"Enfoque decolonial: representación del ""Otro haitiano"" y del ""Otro dominicano"" en manuales de historia y geografía [VERIFICADO]."
F-0163,secundaria,"Reyes, Michael",Artículos en Atlantic Studies y Research in African Literatures,2023,en,internacional,M01;M06;M12,https://www.queensu.ca/french/people-search/michael-reyes,localizada-bloqueada,media,"Estudia la memoria taína en Haití (nombre Hayti, Armée indigène, indigenismo literario) [VERIFICADO]."
F-0164,secundaria,"Perry, Amanda",—,—,en,internacional,M01;M12,,no-localizada,por-evaluar,Citada junto a Michael Reyes como estudiosa del indigenismo haitiano; sin obra precisada [POR VERIFICAR].
F-0165,secundaria,"Fombrun, Odette Roy",Propuesta de llamar Quisqueya a toda la isla,—,fr,haitiana,M00,https://mail.ile-en-ile.org/odette-roy-fombrun-rename-the-island-quisqueya-not-hispaniola,localizada-bloqueada,por-evaluar,"Propone sustituir ""Hispaniola"" por ""Quisqueya"" como nombre de toda la isla [VERIFICADO]."
F-0166,secundaria,"Wheat, David","Atlantic Africa and the Spanish Caribbean, 1570-1640",2016,en,internacional,M03,,no-localizada,por-evaluar,Documenta orígenes de los cautivos en la Alta Guinea y luego Angola para el Caribe español [POR VERIFICAR].
F-0167,secundaria,"Eddins, Crystal","Rituals, Runaways and the Haitian Revolution",—,en,internacional,M05;M06,https://www.cambridge.org/core/books/rituals-runaways-and-the-haitian-revolution/homelands-diaspora-and-slave-society/0EFBA3D2C01A5C42F2727A83CC86F1F8,localizada-bloqueada,media,Vía de acceso a las cifras de la Trans-Atlantic Slave Trade Database para Saint-Domingue: ~800.000 embarcados y 691.116 desembarcados [VERIFICADO-snip].
F-0168,secundaria,—,Tabla 1.1 de orígenes africanos en Saint-Domingue (Cambridge 9781009256155),—,en,internacional,M04;M05,https://www.cambridge.org/core/services/aop-cambridge-core/content/view/FFD772A46F3D30CCF2DB41708B5C8E19/9781009256155lst2_xi-xii.pdf/tables.pdf,localizada-bloqueada,por-evaluar,"Reparto por regiones 1700-1750: África centro-occidental (Congo/Angola) ~40-45%, golfo de Benín ~25-30%, luego Biafra, Senegambia y Costa de Oro [porcentajes POR VERIFICAR]."
F-0169,secundaria,"Arranz Márquez, Luis",Análisis del Repartimiento de 1514,1991,es,espanola,M02;M03,,no-localizada,media,Edición y análisis del repartimiento de Alburquerque; fuente de la cifra de 26.334 indios en 1514.
F-0170,secundaria,"Deagan, Kathleen (y Cruxent, José María)","Excavaciones de La Isabela, En Bas Saline y Puerto Real",1995; 2002,en,internacional,M01;M02;M03,,no-localizada,por-evaluar,La Isabela (1493-98) como primer asentamiento europeo estable; En Bas Saline (Haití) como probable aldea de Guacanagarí cerca de La Navidad; Puerto Real (1503-1578) para el contacto y el mestizaje temprano [POR VERIFICAR].
F-0171,secundaria,"Hofman, Corinne y Samson, Alice (Leiden)",Excavaciones de El Cabo (este de RD),—,en,internacional,M01;M02,,no-localizada,por-evaluar,Aldea de ~600-1504 d. C.; clave para la continuidad indígena hasta el contacto [POR VERIFICAR].
F-0172,secundaria,—,"Yacimientos citados sin estudio atribuido (Concepción de la Vega, Playa Grande, La Aleta/Manantial de la Aleta, Cueva de las Maravillas, cuevas de Pomier)",—,es,internacional,M01;M02;M03,,no-localizada,por-evaluar,Concepción de la Vega de 1495 al terremoto de 1562; dúhos de madera en la dolina de La Aleta; las cuevas de Pomier son la mayor concentración de arte rupestre del Caribe [POR VERIFICAR].
F-0173,secundaria,"Derby, Lauren (Robin)","Haitians, Magic, and Money (CSSH 36:3, 488-526); The Dictator's Seduction",1994; 2009,en,internacional,M11;M12;M13,https://www.cambridge.org/core/journals/comparative-studies-in-society-and-history/article/abs/haitians-magic-and-money-raza-and-society-in-the-haitiandominican-borderlands-1900-to-1937/CC8823BE614DC463D6E931E36BD5696E | https://library.oapen.org/handle/20.500.12657/48779,fragmento-busqueda,alta,"Antropología histórica: representaciones populares del haitiano (magia, dinero) en la frontera y el régimen trujillista como seducción; The Dictator's Seduction está en acceso abierto en OAPEN [VERIFICADO]. | F2 2026-10-06: Derby 1994 (CSSH 36:3, 488-526): confirmados DOI y primer párrafo; The Dictator's Seduction (2009): ficha leída, sin capítulo sobre 1937. Verificación: descargada-parcial; 3 extractos; afirmaciones: A-165, A-170, A-177, A-178, A-179. Fiabilidad: media -> alta."
F-0174,secundaria,"Turits, Richard L.","A World Destroyed, A Nation Imposed (HAHR 82:3, 589-635); Foundations of Despotism / Cimientos del despotismo",2002; 2003,en,internacional,M13,https://estudiossociales.bono.edu.do/index.php/es/article/download/191/178/360 | https://muse.jhu.edu/article/12744/summary,pdf-en-linea,alta,"Historia social y oral: 1937 como genocidio contra una comunidad bicultural de frontera (~15.000 muertos) y el trujillismo apoyado en el campesinado, con discurso oficial incluso prohaitiano en sus primeros años; Premio Robertson y premio Fagg; traducciones en acceso abierto en Estudios Sociales 133 (2003) y en la ADH [VERIFICADO]. | F2 2026-10-06: Leída la traducción resumida de Estudios Sociales 133 (jul.-sep. 2003, pp. 77-100): ~15.000 muertos (historia oral y archivo); el PDF 'CimientosdelDespotismo.pdf' de la ADH es una sola página de presentación; el original HAHR 82:3 no se abrió (MUSE y Duke piden verificación) y Foundations of Despotism solo consta por Crossref (DOI 10.1515/9781503619814-007). Verificación: descargada-y-leida; 31 extractos; afirmaciones: A-165, A-166, A-167, A-168, A-169, A-170, A-171, A-172, A-173, A-177, A-178, A-179, A-181, A-186, A-187, A-189, A-190, A-192."
F-0175,secundaria,"Martínez, Samuel",Peripheral Migrants; Decency and Excess; From Hidden Hand to Heavy Hand (LARR),1995; 2007,en,internacional,M12;M13;M14;M15;M16,https://www.cambridge.org/core/journals/latin-american-research-review/article/from-hidden-hand-to-heavy-hand-sugar-the-state-and-migrant-labor-in-haiti-and-the-dominican-republic/AFA1357E87B5EAC61F2B4E5A932C402A,pdf-en-linea,alta,"Antropología de los bateyes: la migración circular como estrategia de acumulación; el artículo de LARR trata azúcar, Estado y trabajo migrante [VERIFICADO]. | F2 2026-10-06: Leído el artículo de LARR 34:1 (1999, pp. 57-84): el Estado gestiona el trabajo migrante 1930-1960; menciona 'blanco' o 'indio' en la cédula; no cita los textos de los convenios. Verificación: descargada-y-leida; 12 extractos; afirmaciones: A-164, A-165, A-169, A-173, A-186, A-187, A-190, A-193. Fiabilidad: media -> alta."
F-0176,secundaria,"Soukar, Michel; Bello, Bayyinah; Buteau, Pierre; Turnier, Alain; Byron, Jhon Picard",—,—,fr,haitiana,M00,,no-localizada,baja,Cinco autores haitianos de varias corrientes agrupados en el informe sin datos bibliográficos por agotamiento del presupuesto de búsqueda [POR VERIFICAR].
F-0177,secundaria,"Nau, Émile; Chauvet, Henri; Métellus, Jean; Danticat, Edwidge; La Revue Indigène",Histoire des caciques d'Haïti; La fille du Kacik (1894); Anacaona (1986); Anacaona (2005); La Revue Indigène (años 20),1894-2005,varios,haitiana,M01;M11;M12,,no-localizada,por-evaluar,"Corpus del indigenismo literario y político haitiano citado en el debate sobre la conexión taína, con Anacaona como heroína nacional; lo estudian Michael Reyes y Amanda Perry [VERIFICADO el corpus]."
F-0178,secundaria,"Keegan, William; Hofman, Corinne; Curet, L. Antonio","The Caribbean before Columbus (2017); The Taíno: Phenomena, Concepts, and Terms (Ethnohistory 61:3, 2014)",2014; 2017,en,internacional,M01,,no-localizada,por-evaluar,"Sostienen que ""taíno"" no era un etnónimo propio y que el término se popularizó con Rafinesque (1836); Keegan trabaja también la costa norte de Haití (Fort-Liberté/Bayahá, Île-à-Rat) [POR VERIFICAR]."
F-0179,secundaria,"Oliver, José; Wilson, Samuel",Caciques and Cemí Idols (2009); Hispaniola (1990),1990; 2009,en,internacional,M01;M02,,no-localizada,por-evaluar,"Síntesis clásicas sobre los cemíes, el poder cacical y los cacicazgos de La Española [POR VERIFICAR]."
F-0180,secundaria,"Ulloa Hung, Jorge; Valcárcel Rojas, Roberto",Investigaciones en la Línea Noroeste (RD) y en El Chorro de Maíta (Cuba),—,es,internacional,M01;M02,,no-localizada,por-evaluar,Arqueología de contacto del noroeste dominicano y su comparación cubana [POR VERIFICAR].
F-0181,secundaria,"Schneider, Elena; Jennings, Eric",—; Escape from Vichy,—,en,internacional,M05;M13,,no-localizada,baja,El informe juzga su relevancia baja (Schneider trabaja La Habana de 1762 y Jennings Escape from Vichy) y remite a Allen Wells para Sosúa [POR VERIFICAR].
F-0182,secundaria,"Utrera, Fray Cipriano de; Marte, Roberto","Degüello de Moca (Utrera, 1923) y crítica posterior de Marte",1923,es,dominicana,M06,https://acento.com.do/opinion/moca-mito-o-historia-8887181.html,fragmento-busqueda,media,Crítica de fuentes: ponen en duda la veracidad o la metodología del relato del degüello de 1805 [VERIFICADO].
F-0183,secundaria,"Geggus, David; Fick, Carolyn",Haitian Revolutionary Studies (2002); The Making of Haiti (1990),1990; 2002,en,internacional,M06,,no-localizada,por-evaluar,Dos referencias de la historiografía internacional de la revolución sin tesis extraída en el informe; el apellido Geggus aparece así en la tabla C [POR VERIFICAR].
F-0184,secundaria,"Sansay, Leonora; Johnson, James Weldon; Haring, Clarence Henry; Burney, James",Repositorios GITenberg localizados sin probar: Secret History (59533); Self-Determining Haiti (35025); The Buccaneers in the West Indies (19139); History of the Buccaneers of America (37116),1816-1920,en,internacional,M04;M06;M12,,localizada-bloqueada,por-evaluar,Cuatro repositorios del espejo GITenberg localizados en el reconocimiento cuyos archivos no se descargaron; Haring y Burney son las secundarias disponibles sobre piratería a falta de Exquemelin.
F-0185,divulgacion,—,"El Día: ""El ADN del dominicano tiene 39% europeo y 49% africano""",~2016-2019,es,dominicana,M16,https://eldia.com.do/el-adn-del-dominicano-tiene-39-europeo-y-49-africano/,localizada-bloqueada,baja,"Primer anuncio del proyecto genográfico coordinado por Bernardo Vega: ~1.000 muestras en 25 puntos, 49% africano, 39% europeo y 4% taíno; cifras preliminares de prensa, fecha [POR VERIFICAR]."
F-0186,divulgacion,23andMe,"Blog ""Indigenous Caribbean""",2023,en,internacional,M16,https://blog.23andme.com/articles/23andme-adds-more-detail-for-indigenous-caribbean-ancestry,localizada-bloqueada,baja,"~2% de los clientes con el chip actual coinciden con al menos un grupo indígena caribeño; muestra comercial y sesgada hacia la diáspora, sin promedios por país."
F-0187,divulgacion,—,"AncestryDNA, compilaciones de ""Tracing African Roots"" (resultados dominicanos; 45 Haitian AncestryDNA Results)",2016,en,internacional,M16,https://tracingafricanroots.wordpress.com/ancestrydna/dominican-results/ | https://tracingafricanroots.wordpress.com/2016/11/06/45-haitian-ancestrydna-results/,localizada-bloqueada,baja,Resultados autodeclarados de clientes; no es ciencia revisada por pares y no se extrajeron cifras.
F-0188,divulgacion,—,"History Reclaimed, ""Myth of Millions""",—,en,internacional,M01;M02,https://historyreclaimed.co.uk,localizada-bloqueada,baja,Usa políticamente la estimación de Fernandes 2021 y transmite el conteo de 1496 de Bartolomé Colón; el informe la marca como uso político del dato.
F-0189,divulgacion,—,"NPR: ""80 Years On, Dominicans and Haitians Revisit Painful Memories""",2017,en,internacional,M13;M16,https://www.npr.org/sections/parallels/2017/10/07/555871670/80-years-on-dominicans-and-haitians-revisit-painful-memories-of-parsley-massacre,texto-completo-en-linea,baja,"Documenta que no hay conmemoración estatal de 1937 en ninguno de los dos países y que la memoria la sostiene la sociedad civil, sobre todo Border of Lights en Dajabón desde 2012 [VERIFICADO]. | F2 2026-10-06: Abrió con curl (HTTP 200): NPR, 7-X-2017; sus 525.000 USD repiten a Turits (no independiente); 'mass graves were never found' es afirmación periodística. Verificación: descargada-y-leida; 5 extractos; afirmaciones: A-165, A-170, A-172, A-176, A-182, A-190, A-191."
F-0190,divulgacion,—,"El Día: actos por los ""200 años de la ocupación haitiana"" (2022)",2022,es,dominicana,M08;M16,https://eldia.com.do/entidades-conmemoran-los-200-anos-de-la-ocupacion-haitiana-preocupadas-por-inmigracion/,localizada-bloqueada,baja,Conmemoraciones de 2022 ligadas explícitamente a la preocupación migratoria [VERIFICADO].
F-0191,divulgacion,—,"Diario Libre: polémica por los textos del MINERD (Quique Antún / Luisa Navarro, UASD)",—,es,dominicana,M16,https://diariolibre.com/actualidad/politica/antun-batlle-denuncia-libros-escolares-tienen-distorsion-sobre-historia-dominicana-HD21554892,localizada-bloqueada,baja,"Critican los textos de 4.º a 6.º grado porque ""no mencionan la independencia"" y presentan un ""proceso de creación de la RD""; contenido [VERIFICADO], año [POR VERIFICAR]."
F-0192,divulgacion,CEJIL,Comunicado por los 10 años de la sentencia TC/0168/13,—,es,internacional,M16,https://cejil.org/en/press-releases/dominican-republic-for-10-years-now-thousands-of-people-are-still-deprived-of-their-nationality/,localizada-bloqueada,media,"Sostiene, con la CIDH y la Corte IDH, que hubo desnacionalización retroactiva y apatridia de más de 200.000 personas."
F-0193,divulgacion,—,"Diario Libre: ""La dominación haitiana sacudió a la población de la época""",—,es,dominicana,M08,https://www.diariolibre.com/especiales/la-dominacion-haitiana-sacudio-a-la-poblacion-de-la-epoca-DX6154713,localizada-bloqueada,baja,"Fuente de la cifra de ""más de 10.000 esclavos"" liberados por la abolición de Boyer en el este en 1822."
F-0194,divulgacion,—,"BnF, dossier ""La traite des esclaves"" (France-Amériques)",—,fr,francesa,M04;M05,https://heritage.bnf.fr/france-ameriques/en/slave-trade-1,localizada-bloqueada,media,"Desde 1715, tres cuartos de las expediciones francesas y el 80% de los cautivos vendidos fueron a Saint-Domingue; 1790, año pico, con 40.000 desembarcados [VERIFICADO-snip]."
F-0195,divulgacion,—,Columnas de opinión dominicanas sobre 1805 y el degüello de Moca,—,es,dominicana,M06,https://acento.com.do/opinion/moca-mito-o-historia-8887181.html | https://www.elcaribe.com.do/opiniones/el-deguello-de-moca-de-abril-de-1805/,localizada-bloqueada,baja,"Vía de acceso a la crítica de fuentes de Utrera y Marte y a las cifras del relato de 1805 (unos 10.000 muertos en total, unos 500 en Moca y unos 400 en Santiago, ""40 niños degollados"")."
F-0196,divulgacion,—,Columnas de opinión dominicanas sobre 1822-1844 y el Manifiesto del 16 de enero,—,es,dominicana,M08;M09,https://acento.com.do/cultura/la-supresion-de-la-universidad-santo-tomas-de-aquino-en-1823-9519489.html | https://acento.com.do/opinion/manifiesto-del-16-de-enero-de-1844-un-pacto-entre-liberales-y-conservadores-9444627.html | https://www.elcaribe.com.do/opiniones/duarte-y-el-pueblo-haitiano/,localizada-bloqueada,baja,"Cubren el cierre de la universidad en 1823 (disputado), el debate sobre la autoría del Manifiesto (Bobadilla o Sánchez) y las frases de Duarte sobre la ""fusión"" y el pueblo haitiano; la fuente exacta de la cita de la fusión queda [POR VERIFICAR]."
F-0197,divulgacion,—,Columnas de opinión dominicanas sobre la isla indivisible y el tratado de 1874,—,es,dominicana,M07;M11;M16,https://acento.com.do/opinion/el-tratado-de-1874-9723132.html | https://acento.com.do/opinion/la-tesis-la-unificacion-proposito-todas-las-invasiones-8465260.html,localizada-bloqueada,baja,"Lectura nacionalista dominicana de la ""île une et indivisible"" como hegemonía racial y territorial y fuente de las cláusulas territoriales de 1816 y 1874 [VERIFICADO como opinión]."
F-0198,divulgacion,—,Columnas de opinión dominicanas sobre el origen del antihaitianismo y las cifras de 1937,—,es,dominicana,M13,https://acento.com.do/opinion/la-cantidad-de-victimas-del-genocidio-de-1937-9036506.html | https://acento.com.do/opinion/trujillo-no-fue-creador-del-anti-haitianismo-8589856.html,texto-completo-en-linea,media,"Sostienen que el antihaitianismo precede a Trujillo y recogen el abanico de estimaciones de 1937, con la cifra convencional de 17.000. | F2 2026-10-06: Leídas las dos columnas que agrupa la fila: Herrera, 'La cantidad de víctimas...' (Acento, 26-II-2022: cifras por autor y cálculo de Vega con 8.442 haitianos del censo de 1935) y Ricourt, 'Trujillo no fue el creador del anti-haitianismo' (Acento, 26-VII-2018). Verificación: descargada-y-leida; 22 extractos; afirmaciones: A-165, A-166, A-167, A-168, A-169, A-172, A-179, A-185, A-188, A-190, A-192. Fiabilidad: baja -> media."
F-0199,divulgacion,—,"Columnas de opinión dominicanas sobre la frontera, Ryswick y el siglo XVII",—,es,dominicana,M04;M05,https://eldia.com.do/la-frontera-dominico-haitiana-parte-i | https://acento.com.do/opinion/el-siglo-xvii-siglo-de-la-miseria-y-de-la-pobreza-9605605.html,localizada-bloqueada,baja,Sostienen que Ryswick no menciona la isla y que la cesión formal y la primera frontera son de Aranjuez (1777); vía de acceso a las cifras del censo de Osorio de 1606.
F-0200,divulgacion,—,Columnas de opinión dominicanas sobre los nombres de la isla y el tema étnico-racial en los censos,—,es,dominicana,M00;M01;M12;M13,https://www.elcaribe.com.do/opiniones/haiti-la-isla-espanola/ | https://acento.com.do/opinion/el-tema-etnico-racial-en-los-censos-nacionales-de-poblacion-de-rd-y-3-9114716.html,localizada-bloqueada,baja,"Exponen el debate Quisqueya/Ayiti/Bohío y la atribución de Quisqueya a los ciguayos, y la serie de categorías raciales de los censos dominicanos."
F-0201,divulgacion,—,"Columnas y reseñas sobre la Restauración, la rebelión de 1521 y la crítica a Diamond",—,varios,internacional,M03;M10;M15,https://acento.com.do/opinion/aportes-de-haiti-a-la-restauracion-de-la-republica-9108744.html | https://acento.com.do/cultura/la-primera-rebelion-de-esclavos-negros-en-america-cumple-500-anos-9018315.html | https://timothyschwartzhaiti.com/an-open-critique-of-jared-diamonds-collapse-haiti-and-dr/,localizada-bloqueada,baja,"Ayuda de Geffrard en 1863-65; primera rebelión de esclavos en la Navidad de 1521 en el ingenio de Diego Colón; crítica abierta al capítulo de Diamond, que complementa Questioning Collapse."
F-0202,terciaria,—,Britannica: Parsley Massacre,—,en,ninguna,M13,https://www.britannica.com/event/Parsley-Massacre,localizada-bloqueada,baja,"Da un ""consenso"" de ~20.000 víctimas; terciaria."
F-0203,cientifica,"Schurr, Theodore; Paulino-Ramírez, Robert; Mencía-Ripley, Aída et al.","Genomic diversity in the Dominican Republic: A complex legacy of Taíno, African and European ancestries",2026,en,cientifica,M00;M01;M13;M16,https://cris.unibe.edu.do/handle/123456789/589,fragmento-busqueda,media,"Proyecto Genográfico Dominicano (ADH, National Geographic, UPenn, UNIBE), n=1.015 en 25 sitios con GenoChip 2.0+: autosómico 50,3% africano, 41,2% europeo, 3,8% nativo americano; mtDNA 78,8% africano, 12,1% nativo, 9,1% euroasiático occidental; cromosoma Y 71% euroasiático occidental, 28% africano, 1% nativo; es resumen de congreso (AABA) sin revisión por pares. | F2 2026-10-06: M13 la usa solo como contraste con las categorías raciales del censo de 1950 (A-189); el artículo sigue sin abrirse (403 en los registros UNIBE)."
F-0204,cientifica,"Bryc, Katarzyna et al.","Genome-wide patterns of population structure and admixture (PNAS 107, supl. 2)",2010,en,cientifica,M00;M16,https://doi.org/10.1073/pnas.0914618107,localizada-bloqueada,media,"100 individuos caribeños y andinos con Illumina 610-Quad: dominicanos 41,8% africano (DE 16%), el mayor de la muestra, y aporte nativo ""muy bajo"" (~5-8%); sesgo sexual hombre europeo/mujer nativa; n dominicano pequeño (~27) y muestreado en EE. UU."
F-0205,cientifica,—,"Cifra circulante para ""27 dominicanos (2015)""",2015,en,cientifica,M16,,no-localizada,baja,"52,15% europeo, 39,57% africano, 8,28% nativo americano más asiático oriental; la fuente primaria no está identificada (cita de tipo Wikipedia), posiblemente el set de Bryc reanalizado [POR VERIFICAR]."
F-0206,cientifica,"Moreno-Estrada, Andrés et al.","Reconstructing the population genetic history of the Caribbean (PLOS Genetics 9:11, e1003925)",2013,en,cientifica,M00;M01;M03,https://doi.org/10.1371/journal.pgen.1003925,localizada-bloqueada,media,"330 individuos (251 caribeños muestreados en Florida y 79 nativos venezolanos): el componente nativo viene de un fondo sudamericano compartido y hubo dos pulsos africanos, uno temprano costero y otro tardío centro-occidental; un extracto secundario da 57% ibérico, 36% africano y 6,5% indígena para dominicanos [POR VERIFICAR]; Haití apenas está representado (n=4 o 6) y quedó excluido."
F-0207,cientifica,"Montinaro, Francesco et al.",Unravelling the hidden ancestry of American admixed populations (Nature Communications 6:6596),2015,en,cientifica,M00,https://doi.org/10.1038/ncomms7596,localizada-bloqueada,por-evaluar,Método de haplotipos (CHROMOPAINTER/GLOBETROTTER) que detalla las fuentes africanas y europeas e incluye dominicanos; no se extrajeron cifras.
F-0208,cientifica,"D'Atanasio, Eugenia et al.","Y-chromosome study of Dominican men (Genome Biology and Evolution 12:9, 1579)",2020,en,cientifica,M00;M16,https://doi.org/10.1093/gbe/evaa176,localizada-bloqueada,media,"182 hombres de 3 localidades, 92 SNPs del Y: 59% norteafricano/europeo, 38% africano subsahariano, 3% nativo americano, con mtDNA dominado por linajes africanos; la introducción cita hasta 22% de mtDNA nativo en RD; DOI [POR VERIFICAR]."
F-0209,cientifica,"Tajima, Atsushi et al.",Genetic background of people in the Dominican Republic with or without obese type 2 diabetes (J. Human Genetics),2004,en,cientifica,M16,https://www.nature.com/articles/jhg200481,bajo-derechos,por-evaluar,Polimorfismos de mtDNA en una muestra clínica dominicana; proporciones no extraídas [POR VERIFICAR].
F-0210,cientifica,"Bukhari, Areej et al.",Taino and African maternal heritage in the Greater Antilles (Gene 637:33-40),2017,en,cientifica,M00;M01,https://www.sciencedirect.com/science/article/abs/pii/S0378111917307035,bajo-derechos,por-evaluar,mtDNA de las Antillas Mayores incluida RD; cifras no extraídas; un extracto atribuye a la literatura que el 83% de los linajes africanos de Santo Domingo son centroafricanos [atribución POR VERIFICAR].
F-0211,cientifica,—,"Estudio DPYD (Pharmaceutics 17:1, 8)",2024/25,en,cientifica,M16,https://doi.org/10.3390/pharmaceutics17010008,localizada-bloqueada,baja,"196 voluntarios, ancestría estimada en 178 con 90 AIMs: la variante c.557A>G tiene frecuencia 2,6% y se asocia con ancestría africana (r2=0,67); un extracto le atribuye 23,8% europeo, 42,6% nativo y 33,6% africano, incompatible con todos los demás estudios: bandera roja, no usar sin leer la tabla original [NO VERIFICADO]."
F-0212,cientifica,"Simms, Tanya M. et al.","The genetic structure of populations from Haiti and Jamaica reflect divergent demographic histories (AJPA 142:1, 49)",2010,en,cientifica,M00,https://doi.org/10.1002/ajpa.21194,bajo-derechos,media,15 STRs autosómicos: la señal africana es más fuerte en Haití que en Jamaica y Haití muestra aportes no africanos mínimos; pocos marcadores.
F-0213,cientifica,"Simms, Tanya M. et al.",Y-chromosomal diversity in Haiti and Jamaica: contrasting levels of sex-biased gene flow (AJPA),2012,en,cientifica,M00,https://discovery.fiu.edu/display/pub91524,bajo-derechos,media,"Haití n=123 y Jamaica n=159 con 177 SNPs y 17 STRs del Y: en Haití 77,2% subsahariano y 20,3% europeo, con linajes nativos americanos ""virtualmente ausentes""; DOI no confirmado."
F-0214,cientifica,"Wilson, Mark; Saint-Louis, Ketly; Auguste, Judith; Jackson, Latifa",Forensic analysis of mtDNA haplotypes in two rural communities in Haiti (J. Forensic Sci. 57:6),2012,en,cientifica,M00,https://www.ojp.gov/ncjrs/virtual-library/abstracts/forensic-analysis-mtdna-haplotypes-two-rural-communities-haiti,bajo-derechos,media,"mtDNA (HVS-1), n=291, zonas rurales del norte y el sur: el componente materno africano tiene algo más de aporte centro-occidental que el afroamericano y el dominicano; el porcentaje nativo no se extrajo (se espera ~0-1%) [POR VERIFICAR]."
F-0215,cientifica,— (autor probable: Halberstein),"Morphology, Serology, Dermatoglyphics, and Microevolution of Some Village Populations in Haiti (Human Biology 48:2)",1976,en,cientifica,M00,https://digitalcommons.wayne.edu/humbiol/vol48/iss2/1,localizada-bloqueada,media,"Trabajo de campo de 1968-69 en Grandes Cayemites y Pestel con marcadores sanguíneos clásicos: ~80% ancestría africana, algo francesa y ""menos"" amerindia; HbS entre 3,6 y 12%; autoría [POR VERIFICAR]."
F-0216,cientifica,"Salzano, Francisco y Sans, Mónica (atribución probable)",Interethnic admixture and the evolution of Latin American populations (Genet. Mol. Biol. 37 supl. 1:151-170),2014,en,cientifica,M00,https://doi.org/10.1590/S1415-47572014000200003 | https://lume.ufrgs.br/handle/10183/207136,localizada-bloqueada,media,"Revisión de 24 países: Haití ~96% africano, 4% europeo y sin aporte nativo significativo (con Barbados, los únicos sin componente nativo); la cifra [VERIFICADO-snip] pero la atribución [POR VERIFICAR]."
F-0217,cientifica,"Benn Torres, Jada et al.",Genetic diversity in the Lesser Antilles and its implications (PLoS One),2015,en,cientifica,M00;M01,https://doi.org/10.1371/journal.pone.0139192,localizada-bloqueada,media,Arima (Trinidad) n=12 y garífunas de San Vicente n=43: 42% de mtDNA indígena y Y Q-M3 en el 28%; muestra la variabilidad regional del aporte nativo.
F-0218,cientifica,"Schroeder, Hannes et al.",Origins and genetic legacies of the Caribbean Taino (PNAS 115:10),2018,en,cientifica,M01,https://doi.org/10.1073/pnas.1716839115,localizada-bloqueada,alta,"Genoma completo de una mujer de Preacher's Cave (Eleuthera, Bahamas), siglos VIII-X: pariente más cercano de los arahuacos actuales del norte de Sudamérica, población efectiva ""relativamente grande"" y sin endogamia; los puertorriqueños actuales tienen 10-15% de ancestría nativa emparentada con ella; un solo individuo y no de La Española."
F-0219,cientifica,"Nägele, Kathrin et al.",Genomic insights into the early peopling of the Caribbean (Science 369:456),2020,en,cientifica,M01,https://scholarlypublications.universiteitleiden.nl/access/item%3A3203891/view,localizada-bloqueada,alta,"93 individuos de 16 sitios, 3200-400 cal AP (52 arcaicos en Cuba y 41 cerámicos en Cuba, Bahamas, PR, Guadalupe y Santa Lucía): al menos tres dispersiones distintas y casi ninguna mezcla entre arcaicos y cerámicos; no incluye muestras de La Española; DOI [POR VERIFICAR]."
F-0220,cientifica,"Fernandes, Daniel M. et al.",A genetic history of the pre-contact Caribbean (Nature 590:103),2021,en,cientifica,M01,https://doi.org/10.1038/s41586-020-03053-2 | https://reich.hms.harvard.edu/sites/reich.hms.harvard.edu/files/inline-files/s41586-020-03053-2.pdf,localizada-bloqueada,alta,"174 individuos nuevos (Bahamas, Haití, RD, PR, Curazao, Venezuela) más 89 publicados; sitios en RD: La Caleta, El Soco, Atajadizo; población efectiva de PR y La Española juntas entre 500-1.500 y 1.530-8.150, de donde estiman ~10.000-50.000 personas antes de 1492: al menos diez veces menos que las estimaciones previas; muchos dominicanos actuales descienden de gente de la Edad Cerámica; caveats: promedio de largo plazo, razón censal/efectiva incierta, muestreo sesgado y uso político; no se halló refutación formal publicada."
F-0221,cientifica,"Nieves-Colón, Maria A. et al.",Ancient DNA reconstructs the genetic legacies of pre-contact Puerto Rico (Mol. Biol. Evol. 37:3),2020,en,cientifica,M01,https://doi.org/10.1093/molbev/msz267,localizada-bloqueada,media,"124 individuos de Tibes, Punta Candelero y Paso del Indio (PR): tres haplotipos de mtDNA precolombinos persisten en puertorriqueños actuales, con afinidad autosómica con Bahamas; Puerto Rico, no La Española; DOI [POR VERIFICAR]."
F-0222,cientifica,"Lalueza-Fox, Carles et al.",MtDNA from extinct Tainos and the peopling of the Caribbean (Ann. Hum. Genet. 65:137),2001,en,cientifica,M01,https://www.researchgate.net/publication/227665865,bajo-derechos,media,"mtDNA antiguo de La Caleta (RD), ~27 individuos [POR VERIFICAR]: solo haplogrupos C y D, sin A ni B (proporciones ~75/25 [POR VERIFICAR]); si se confirma, contrasta con la abundancia de A en dominicanos actuales y apoya un aporte nativo no local."
F-0223,cientifica,"Sirak, Kendra (Harvard)",Genomas arcaicos de Samaná (XXXI Congreso Internacional de Arqueología del Caribe),2026,en,cientifica,M01,https://eldia.com.do/restos-humanos-arcaicos-hallados-en-samana-tienen-5300-anos/ | https://elnuevodiario.com.do/hallazgo-historico-en-samana-revelan-primeros-pobladores-del-caribe-llegaron-en-una-unica-gran-migracion/,fragmento-busqueda,media,"Restos de ~5.300 años de la Cueva Funeraria de Daniel, Abrigo Daniel, Abrigo Dana y Playa Madama: serían los genomas más antiguos del Caribe, con afinidad istmo-colombiana, una única gran migración y fuerte diferenciación local; ponencia de congreso sin revisión por pares, conocida por prensa."
F-0224,cientifica,"Cook, Sherburne y Borah, Woodrow","Essays in Population History, vol. 1",1971,en,cientifica,M01,,fragmento-busqueda,baja,"~8 millones (algunos citan un máximo de 14 millones) por retroproyección de tasas de declive; Henige y otros lo critican como ""matemática"" sin datos."
F-0225,cientifica,"Zambardino, Rudolph","Critique of Henige (HAHR 58:4, 700)",1978,en,cientifica,M01,https://read.dukeupress.edu/hahr/article/58/4/700/152755,localizada-bloqueada,media,Respuesta estadística a Henige que llega a ~1 millón.
F-0226,cientifica,"Denevan, William (ed.)","The Native Population of the Americas in 1492, 2.ª ed.",1992,en,cientifica,M01,https://muse.jhu.edu/book/8750,bajo-derechos,alta,Síntesis hemisférica de 54 millones; incluye el capítulo de Rosenblat sobre La Española; la cifra insular no se extrajo.
F-0227,cientifica,"Cook, Noble David",Born to Die,1998,en,cientifica,M01;M02,,fragmento-busqueda,alta,"Epidemiología histórica: discute un rango de 100.000 a 1.000.000 (p. 278) y dedica el capítulo ""In the path of the hurricane... 1492-1518""; su propia cifra no se extrajo."
F-0228,cientifica,"Livi-Bacci, Massimo","Return to Hispaniola (HAHR 83:1, 3-51)",2003,en,cientifica,M01;M02,https://muse.jhu.edu/article/49192/pdf,localizada-bloqueada,alta,"Sitúa la ""mayor probabilidad"" entre 200.000 y 300.000 habitantes y atribuye el colapso anterior a 1518 al choque de la conquista, la minería y la encomienda más que a la viruela."
F-0229,cientifica,"Stoneking, (tesis, Western Oregon University)",The Decline of the Tainos 1492-1542: A Re-Vision,2009,en,cientifica,M02;M03,https://teamsocialstudies.media.uconn.edu/wp-content/uploads/sites/47/2021/04/The-Decline-of-the-Tainos-1492-1542_-A-Re-Vision-1.pdf,localizada-bloqueada,media,"Resume la serie posterior al contacto: 60.000 en 1508, 33.523 en 1510, 26.334 en 1514, ~18.000 en 1518-19 (viruela desde diciembre de 1518) y ~2.000 en 1542 frente a los ""200"" de Las Casas."
F-0230,cientifica,"Hedges, S. Blair et al.",Estudio de deforestación de Haití (PNAS),2018,en,cientifica,M15;M16,,no-localizada,media,Haití ha perdido más del 99% de su bosque primario; las cifras de la FAO son más altas para ambos países [POR VERIFICAR].
F-0231,cientifica,"Henige, David","On the Contact Population of Hispaniola: History as Higher Mathematics (HAHR 58:2, 217); Numbers from Nowhere",1978; 1998,en,cientifica,M01,https://read.dukeupress.edu/hahr/article/58/2/217/150540 | https://www.oupress.com/9780806190365/numbers-from-nowhere/,localizada-bloqueada,alta,"Núcleo del escepticismo demográfico: es ""fútil"" dar cifras de población de contacto y las cifras altas descansan en datos ""escasos y a menudo erróneos""."
F-0232,cientifica,"Martínez-Cruzado, Juan Carlos et al. (UPR-Mayagüez)",Estudios de mtDNA de la República Dominicana y de toda la isla de Puerto Rico,2003-2010,en,cientifica,M00;M01,https://scholar.uprm.edu/entities/publication/ec3e9edf-6a1c-44ae-ba8a-431c2fe84ced | https://archive.org/download/KacikeJournal_34/MartinezEnglish.pdf | https://ictnews.org/archive/indigenous-puerto-rico-dna-evidence-upsets-established-history,localizada-bloqueada,media,"mtDNA amerindio 23% en RD frente a 61% en PR (en PR ~800 personas [POR VERIFICAR]: 61% amerindio, 27% africano, 12% europeo); RD comparte el 34% de sus secuencias con PR en solo 2 haplotipos fundadores; los linajes A2 son de origen mesoamericano y C1b/C1c de afinidad sudamericana, lo que abre la vía de indígenas esclavizados no locales."
F-0233,cientifica,"Verlinden, Charles; Rosenblat, Ángel; Cook, Sherburne y Simpson, Lesley; Watts, David",Estimaciones demográficas de La Española recogidas sin estudio propio en el informe,1954-1987,varios,cientifica,M01,,fragmento-busqueda,baja,"Verlinden ~60.000 (mínimo extremo), Rosenblat ~100.000 (recogido en Denevan 1992), Cook y Simpson ~4 millones (cifra de memoria) y Watts sin cifra extraída [POR VERIFICAR]."
F-0234,cientifica,"Mendizabal, Isabel et al.; Marcheco-Teruel, Beatriz et al.","Estudios de mezcla de Cuba (BMC Evol. Biol. 8:213, 2008; PLoS Genetics, 2014)",2008; 2014,en,cientifica,M00,https://doi.org/10.1186/1471-2148-8-213,localizada-bloqueada,media,"Cuba como comparación antillana: mtDNA 33% nativo, 45% africano y 22% euroasiático (Mendizabal); autosómico ~72% europeo, 20% africano y 8% nativo con n~1.019 (Marcheco-Teruel, [POR VERIFICAR])."
F-0235,base-de-datos,—,Trans-Atlantic Slave Trade Database (slavevoyages.org),—,en,internacional,M03;M04;M05,https://www.slavevoyages.org,localizada-bloqueada,alta,"Fuente de las cifras de Saint-Domingue (~800.000 embarcados, 691.116 desembarcados); aplicación JavaScript con descarga en CSV; dominio bloqueado, de ahí que las cifras lleguen vía Eddins."
F-0236,base-de-datos,—,Indicadores macroeconómicos y forestales (Banco Mundial; FAO),2023-24,en,internacional,M15;M16,,no-localizada,por-evaluar,"PIB per cápita RD ~10-11 mil dólares frente a Haití ~1,7-2 mil (Banco Mundial 2023-24); las cifras de cobertura forestal de la FAO son más altas que las de Diamond y Hedges para ambos países [POR VERIFICAR]."
F-0237,base-de-datos,PleIAs; Wikimedia,Corpus de texto en Hugging Face: PleIAs/Spanish-PD-Books y wikimedia/wikisource,—,varios,internacional,M00,https://huggingface.co/datasets/PleIAs/Spanish-PD-Books | https://huggingface.co/datasets/wikimedia/wikisource,localizada-bloqueada,por-evaluar,"Spanish-PD-Books reúne 302.640 textos con OCR de la BDH y de Internet Archive; ambos son parquet de cientos de MB y huggingface.co está bloqueado, así que no son usables desde este entorno."
F-0238,base-de-datos,—,"Fuentes estadísticas pendientes de consulta (IHSI de Haití; censo RD 2022, ENHOGAR, Latinobarómetro, LAPOP, PERLA)",—,varios,internacional,M13;M14;M15;M16,https://ghdx.healthdata.org/record/haiti-population-and-housing-census-1950,fragmento-busqueda,media,"Los censos del IHSI (1950, 1971, 1982, 2003) no recogen raza, lo que impide la comparación étnico-racial; las encuestas dominicanas no se obtuvieron por falta de cupo de búsqueda [POR VERIFICAR]. | F2 2026-10-06: Ficha GHDx (IHME) del censo haitiano de 1950 (IHSI): confirma que existe y su fecha, sin cifras; el sitio del IHSI no es accesible. Verificación: descargada-parcial; 1 extractos; afirmaciones: A-188."
F-0239,portal,—,PARES - Portal de Archivos Españoles (AGI),—,es,espanola,M02;M03;M04;M05,https://pares.mcu.es,localizada-bloqueada,alta,"Bloqueado (EGRESS_BLOCKED); patrón conocido /ParesBusquedas20/catalogo/search con formularios JavaScript; los manuscritos están solo en imagen, sin OCR, así que es mala opción para un agente incluso sin bloqueo."
F-0240,portal,—,Gallica (BNF),—,fr,francesa,M04;M05;M06,https://gallica.bnf.fr,localizada-bloqueada,alta,Bloqueado; API SRU conocida (/SRU?operation=searchRetrieve&version=1.2) y texto por /ark:/12148/{ark}.texteBrut; OCR de calidad variable.
F-0241,portal,—,Internet Archive,—,varios,internacional,M02;M03;M04;M05;M06;M11,https://archive.org,localizada-bloqueada,alta,"Bloqueado con WebFetch y con curl; patrones conocidos /advancedsearch.php y /download/{id}/{id}_djvu.txt; identificadores ya localizados: descriptiontopog00more, histoiredelislee11730char, buccaneersmaroon00exqu, mobot31753000521671, gri_33125000607479, generalynatural03fernrich."
F-0242,portal,—,HathiTrust,—,varios,internacional,M05;M11;M13,https://babel.hathitrust.org,localizada-bloqueada,alta,Bloqueado; patrones /cgi/ls?q1=...;anyall1=all;lmt=ft y API catalog.hathitrust.org/api/volumes/brief/oclc/{n}.json; suele poner verificaciones anti-bot y el texto plano va página a página; aloja el Protocolo de 1936 vía LLMC.
F-0243,portal,—,dLOC - Digital Library of the Caribbean,—,varios,internacional,M06;M07;M08;M11;M12,https://dloc.com | https://ufdc.ufl.edu,localizada-bloqueada,alta,Ambos dominios bloqueados; búsqueda por dloc.com/search?q=...; es el repositorio más fuerte en prensa y documentos haitianos y la sede probable de la Revue de la Société Haïtienne d'Histoire.
F-0244,portal,—,Biblioteca Virtual Miguel de Cervantes,—,es,espanola,M02;M03;M05,https://www.cervantesvirtual.com,localizada-bloqueada,alta,"Bloqueado; identificadores ark conocidos /nd/ark:/59851/{id} (bmc2f7m2 = Oviedo, bmc765t8 = Sánchez Valverde)."
F-0245,portal,—,Biblioteca Digital Hispánica (BNE),—,es,espanola,M02;M03;M05,https://bdh.bne.es,localizada-bloqueada,alta,"Bloqueado; búsqueda por /bnesearch/Search.do?text=...; su OCR está en el corpus PleIAs/Spanish-PD-Books de Hugging Face, también inaccesible desde aquí."
F-0246,portal,—,Archivo General de la Nación (República Dominicana),—,es,oficial-rd,M00;M09;M13,https://agn.gob.do/wp-content/uploads/2025/06/Catalogo-de-publicaciones-web.pdf | https://agn.gob.do,pdf-en-linea,alta,"Bloqueado (agn.gov.do no resuelve); sede del Acta de Separación, la Constitución de 1844, los documentos de la anexión y la Restauración y el fondo de la Era de Trujillo. | F2 2026-10-06: El catálogo de publicaciones del AGN (junio de 2025) abrió como PDF; la raíz agn.gob.do devolvió 403. Verificación: descargada-y-leida; 4 extractos; afirmaciones: A-165, A-166, A-169, A-181, A-183, A-191."
F-0247,portal,—,ANOM (Archives nationales d'outre-mer) y Archives Nationales d'Haïti,—,fr,francesa,M04;M05;M06;M07;M08,https://anom.archivesnationales.culture.gouv.fr,localizada-bloqueada,alta,"Bloqueado; ofrece instrumentos de búsqueda e imágenes, sin texto; series C9A/C9B y colección Moreau de Saint-Méry (F3); los Archives Nationales d'Haïti (Port-au-Prince) guardan las proclamas y los decretos de Boyer."
F-0248,portal,—,history.state.gov (FRUS),—,en,oficial-eeuu,M10;M12;M13,https://history.state.gov/historicaldocuments/frus1944v07/d150 | https://history.state.gov,texto-completo-en-linea,alta,"Bloqueado, pero hay alternativa que sí funciona: el espejo HistoryAtState/frus en GitHub. | F2 2026-10-06: history.state.gov responde 200 a curl con User-Agent Mozilla/5.0 (patrón /historicaldocuments/{vol}/d{n}). Verificación: solo-localizada; 0 extractos; afirmaciones: ninguna."
F-0249,portal,HistoryAtState,Repositorio frus en GitHub (XML TEI de FRUS),—,en,oficial-eeuu,M10;M12;M13,https://raw.githubusercontent.com/HistoryAtState/frus/master/volumes/,texto-descargado,alta,"Vía de acceso, no un texto del repositorio: patrón frus{AÑO}v{NN}.xml (algunos años usan p1; frus1862p1 da 404); conviene hacer grep de 738.39, el expediente de relaciones Haití-RD; probados con 200: 1861, 1863p1, 1864p1, 1929v02, 1930v02, 1936v05, 1937v05 y 1938v05."
F-0250,portal,—,"Wikisource (es, fr, en)",—,varios,internacional,M02;M06;M07;M09,https://es.wikisource.org | https://fr.wikisource.org | https://en.wikisource.org,localizada-bloqueada,media,"Los tres dominios probados están bloqueados; patrón de texto crudo /w/index.php?title=...&action=raw; aloja el Diario, la Brevísima, Oviedo, varias constituciones haitianas y el Manifiesto de 1844."
F-0251,portal,—,Google Books,—,varios,internacional,M00,https://books.google.com,localizada-bloqueada,media,Bloqueado; API conocida googleapis.com/books/v1/volumes?q=...&filter=full; no ofrece texto plano.
F-0252,portal,—,"JSTOR, Project MUSE, DOAJ, SciELO, Dialnet, Redalyc, Persée, OpenEdition y HAL",—,varios,internacional,M00,,localizada-bloqueada,media,Los nueve agregadores académicos se probaron y todos están bloqueados; de ahí que las obras de las tablas B y C solo lleguen por página de editorial o reseña.
F-0253,portal,Academia Dominicana de la Historia,Revista Clío y catálogo de la ADH,—,es,dominicana,M00,https://catalogo.academiadominicanahistoria.org.do | https://www.idg.org.do,localizada-bloqueada,alta,"Bloqueado; patrón descubierto /opac-tmpl/files/ppcodice/CLIO-{año}-{núm}-{pág_ini}-{pág_fin}.pdf, con libros en /files/libros/ y opúsculos en /files/opusculos/; PDFs en acceso abierto; ejemplos sin verificar: Clío 2021 n.º 201 pp. 317-348, Clío 2022 n.º 203 pp. 59-158 y Clío 1993 n.º 149-150 pp. 109-112 sobre Duarte y la ""fusión""."
F-0254,portal,Centro Bonó,Revista Estudios Sociales,—,es,dominicana,M00;M12;M13,https://estudiossociales.bono.edu.do,texto-completo-en-linea,alta,"Acceso abierto [VERIFICADO]; contiene Baud 1993, la traducción de Turits (2003) y textos de Castor. | F2 2026-10-06: Portal OJS abierto: los PDF se descargan por /article/download/{id}/{id2}/{id3} (ids 8, 191, 212, 320, 406, 428, 442); ojo: los ids de F-0075 (64) y F-0114 (320) no son de Moya Pons ni de Castor. Verificación: descargada-y-leida; 1 extractos; afirmaciones: A-179."
F-0255,portal,UASD,Revista Ecos,—,es,dominicana,M00;M16,https://revistas.uasd.edu.do/index.php/ecos,localizada-bloqueada,alta,"Acceso abierto [VERIFICADO]; publica el estudio comparado de textos escolares de González Canalda (vol. 17, 2019)."
F-0256,portal,Instituto Geográfico Nacional (RD),Revista de Historia,2022,es,dominicana,M08,https://ign.gob.do,localizada-bloqueada,media,Acceso abierto [VERIFICADO]; el n.º 4 (2022) recoge el XIII Congreso Dominicano de Historia.
F-0257,portal,—,Project Gutenberg,—,varios,internacional,M02;M03;M06;M08;M11;M12,https://www.gutenberg.org,localizada-bloqueada,alta,"Bloqueado, pero hay alternativa que sí funciona: el espejo GITenberg en GitHub."
F-0258,portal,GITenberg,Espejo de Project Gutenberg en GitHub,—,varios,internacional,M02;M03;M06;M08;M11;M12,https://raw.githubusercontent.com/GITenberg/,texto-descargado,alta,"Vía de acceso, no un texto del repositorio: patrón {Slug}_{ID}/master/{ID}-0.txt (o {ID}.txt); para localizar el repositorio, búsqueda de repos con ""user:GITenberg <término>""; el espejo no está completo (falta el vol. 2 de De Orbe Novo); es la mejor vía actual para las crónicas en dominio público."
F-0259,portal,GitHub,github.com y raw.githubusercontent.com,—,varios,internacional,M00,https://github.com | https://raw.githubusercontent.com,texto-descargado,alta,"Vía de acceso, no un texto del repositorio: los únicos dominios que el entorno puede leer con WebFetch y curl; la búsqueda de código no indexa archivos grandes (0 resultados para Quizqueia en un texto de 795 KB) y get_file_contents solo funciona en branvisuals/laespanola, así que hay que usar raw con curl y grep."
F-0260,portal,FIU / dLOC,Island Luminous,—,en,internacional,M06;M08,https://islandluminous.fiu.edu,fragmento-busqueda,media,"Exposición digital usada como fuente del relato haitiano de 1805 (decreto de Ferrand, asedio de Santo Domingo) y de 1822 (banderas izadas en Dajabón y Montecristi el 15-XI-1821)."
F-0261,portal,—,First Blacks in the Americas (firstblacks.org),—,en,internacional,M02;M03,https://firstblacks.org,localizada-bloqueada,media,"Fuente de la cronología temprana de la trata: flota de Ovando de 1502 con los primeros ladinos en el Ozama, petición de 1503 de frenar su envío porque huían con los indios y pedido de 17 esclavos para las minas en 1505; aloja también material sobre Tolentino Dipp."
F-0262,portal,"Gaffield, Julia",haitidoi.com (constituciones haitianas 1790-1860 y Dessalines Reader),—,varios,internacional,M06;M07;M08;M09;M11,https://haitidoi.com,localizada-bloqueada,alta,Bloqueado; reúne las constituciones de 1790 a 1860 y el Dessalines Reader; es la vía más completa para el corpus constitucional haitiano.
F-0263,portal,—,Statelesshub,—,en,internacional,M16,https://statelesshub.org/country/dominican-republic,localizada-bloqueada,media,Fuente de la cifra de más de 200.000 personas afectadas por la sentencia TC/0168/13 [VERIFICADO].
F-0264,portal,Hugging Face,Hub de datasets,—,varios,internacional,M00,https://huggingface.co,localizada-bloqueada,media,"Bloqueado; la herramienta solo lee metadatos y README (PleIAs/Spanish-PD-Books, wikimedia/wikisource) y los datos son parquet de cientos de MB, así que no es usable sin ampliar la red."
F-0265,portal,—,Bibliotecas digitales francesas: Manioc y Bibliothèques numériques du Ministère des Armées,—,fr,francesa,M04;M05;M06,https://www.manioc.org | https://bibliotheques-numeriques.defense.gouv.fr,localizada-bloqueada,media,"Ambas bloqueadas; alojan la Description de Moreau de Saint-Méry (Manioc, notice 13616) y Charlevoix más las dos Descriptions (Ministère des Armées)."
F-0266,portal,Senado de la RD; MIREX,Portales oficiales dominicanos del tratado fronterizo (memoriahistorica.senadord.gob.do; mirex.gob.do),—,es,oficial-rd,M12;M13;M14,https://memoriahistorica.senadord.gob.do | https://mirex.gob.do,pdf-en-linea,alta,"Ambos bloqueados; alojan el tratado fronterizo de 1929 y el protocolo de 1936 (tres bitstreams localizados en el Senado) y el acuerdo fronterizo en PDF (MIREX). | F2 2026-10-06: Repositorio DSpace del Senado: los PDF abren por /bitstreams/{uuid}/download (paquete TEXT con OCR); MIREX publica los tratados bilaterales n.º 4 a 22. Verificación: descargada-parcial; 1 extractos; afirmaciones: A-176, A-181, A-185."
F-0267,portal,Deep Blue (U. Michigan); OAPEN; KACIKE,Repositorios y revistas de acceso abierto usados en el reconocimiento,—,varios,internacional,M01;M08;M13;M14;M15,https://deepblue.lib.umich.edu | https://library.oapen.org | https://archive.org/download/KacikeJournal_34/,localizada-bloqueada,alta,"Deep Blue aloja la tesis de Walker (2018); OAPEN The Dictator's Seduction y Bêtes Noires; KACIKE, alojada en Internet Archive, publica a Guitar (con Ferbel-Azcarate y Estévez) y a Martínez-Cruzado [VERIFICADO]."
F-0268,portal,—,"Revistas no indexadas en la sesión (Ciencia y Sociedad, Revue de la SHHGG, Chemins Critiques, Journal of Haitian Studies, Caribbean Studies, NWIG, Slavery & Abolition, Small Axe)",—,varios,internacional,M00,,no-localizada,por-evaluar,El informe las lista como no indexadas [POR VERIFICAR]; la Revue de la SHHGG no se buscó y estaría probablemente en dLOC; sí se citó la reseña de Nessler en NWIG.
F-0269,secundaria,"Derby, Lauren (entonces Robin L. H.); Turits, Richard L.",Historias de terror y los terrores de la historia: la masacre haitiana de 1937 en la República Dominicana,1993,es,internacional,M13,https://estudiossociales.bono.edu.do/index.php/es/article/download/442/428/855,texto-completo-en-linea,alta,"Dos historiadores estadounidenses (Univ. de Chicago) que hicieron 19 meses de trabajo de campo con entrevistas a pobladores de la frontera (1987-88 según Turits 2003); publicado en español en Estudios Sociales 92 (abr-jun 1993, Centro Bonó, Santo Domingo), traducido por Eugenio Rivas, S.J., y Mario… Fiabilidad alta: Artículo académico con notas, basado en 19 meses de trabajo de campo y entrevistas, base de la tesis posterior de ambos autores; traducción al español publicada en revis… Afirmaciones: A-165, A-167, A-168, A-169, A-171, A-172, A-177, A-178, A-179, A-180, A-181, A-185, A-190. Verificación: descargada-y-leida (texto-completo-en-linea). Consulta 2026-10-06."
F-0270,secundaria,"Inoa, Orlando",La matanza de haitianos en la frontera dominicana en 1937,1998,es,dominicana,M13,https://estudiossociales.bono.edu.do/index.php/es/article/download/320/306,texto-completo-en-linea,alta,"Orlando Inoa, historiador dominicano; tres artículos aparecidos en El Siglo (Santo Domingo, 18-V, 7-VI y 25-VI de 1993) y reunidos en Estudios Sociales 112 (abr-jun 1998). Fiabilidad alta: Historiador dominicano que cita expedientes del Ejército Nacional en el Archivo General de la Nación (legajo 44, 1938) con remisión archivística precisa; el propio autor… Afirmaciones: A-165, A-172, A-177, A-183, A-190. Verificación: descargada-y-leida (texto-completo-en-linea). Consulta 2026-10-06. AVISO: la URL de este artículo figura en F-0114 (Castor) por error de atribución; NO fusionar con esa fila: autor y título son distintos."
F-0271,divulgacion,"Herrera, Rafael Darío",Las posibles causas del genocidio de 1937,2022,es,dominicana,M13,https://acento.com.do/opinion/las-posibles-causas-del-genocidio-de-1937-9021456.html,texto-completo-en-linea,media,"Rafael Darío Herrera, Acento, 8-I-2022. Reseña las explicaciones dominicanas del motivo de 1937 (oficiales de los años cuarenta, exiliados, historiadores marxistas y académicos) y propone una interpretación propia. Fuente de segunda mano para cada obra citada. Fiabilidad media: Estado de la cuestión escrito por un historiador dominicano, con atribuciones a obras y años concretos, útil como mapa historiográfico; no sustituye las obras citadas, q… Afirmaciones: A-165, A-171, A-172, A-173, A-174, A-179, A-182. Verificación: descargada-y-leida (texto-completo-en-linea). Consulta 2026-10-06."
F-0272,divulgacion,"Herrera, Rafael Darío",La ejecución del genocidio de haitianos y domínico-haitianos de 1937 (I),2022,es,dominicana,M13,https://acento.com.do/opinion/la-ejecucion-del-genocidio-de-haitianos-y-dominico-haitianos-de-1937-i-9025896.html,texto-completo-en-linea,media,"Rafael Darío Herrera, Acento, 22-I-2022. Primera entrega de una reconstrucción de la ejecución basada en documentos del Ejército (oficio del Tte. Cor. Manuel Emilio Castillo, 4-X-1937), en la obra de Sáez y en Cuello 1985; incluye historia local de Mao y Montecristi. Fiabilidad media: Historiador dominicano que describe un oficio militar del 4-X-1937 y el discurso de Dajabón con citas, y remite a Sáez 1988 y Cuello 1985; es una columna sin aparato com… Afirmaciones: A-165, A-166, A-171, A-172, A-177, A-182, A-185, A-186, A-188, A-191. Verificación: descargada-y-leida (texto-completo-en-linea). Consulta 2026-10-06."
F-0273,primaria,Presidencia de la República (gobierno de Jacinto B. Peynado); Secretaría de Estado de Relaciones Exteriores (observaciones dirigidas a Trujillo como Jefe Supremo del Partido Dominicano); Senado y Cámara de Diputados,"Proyecto de Ley de Inmigración (mensaje del Poder Ejecutivo del 7 de marzo de 1939, observaciones de la Secretaría de Relaciones Exteriores del 15 de marzo de 1939 y trámite legislativo hasta el 12 de abril de 1939); origen de la Ley de Inmigración núm. 95 del 14 de abril de 1939",1939,es,oficial-rd,M13,https://memoriahistorica.senadord.gob.do/bitstreams/fd81d4f6-faf1-457a-b2b1-4d042a59932b/download,pdf-en-linea,alta,"Proyecto elaborado por una comisión de técnicos designada por el Ejecutivo (que presidía Peynado desde agosto de 1938; Trujillo había dejado la presidencia pero conservaba el mando del Partido Dominicano y recibe las observaciones de la Cancillería), sometido al Senado el 7-III-1939; la Cancillería… Fiabilidad alta: Expediente oficial original; el mensaje del Ejecutivo y el dictamen del Senado están en texto extraíble con errores de OCR en muchas palabras ('oaucásico', 'estableoida'… Afirmaciones: A-165, A-174, A-179, A-185, A-186, A-187. Verificación: descargada-y-leida (pdf-en-linea). Consulta 2026-10-06. URL alternativas: https://memoriahistorica.senadord.gob.do/bitstreams/fb42a361-4190-44c0-b841-686f0867ec48/download; https://memoriahistorica.senadord.gob.do/handle/123456789/34358."
F-0274,primaria,"Trujillo Molina, Rafael L. (Presidencia de la República); Senado de la República Dominicana",Proyecto de Ley de Inmigración de 1934 (mensaje del Ejecutivo y exposición de motivos; aprobado por el Senado el 11 de agosto de 1934),1934,es,oficial-rd,M13,https://memoriahistorica.senadord.gob.do/bitstreams/5b8bdb6e-8f34-4d5d-ab17-58533eba4296/download,pdf-en-linea,alta,"Proyecto de ley de inmigración del Ejecutivo a los tres años de gobierno de Trujillo, con exposición de motivos artículo por artículo; el Senado lo aprobó y lo remitió a la Cámara el 11-VIII-1934 según oficio del presidente del Senado. Fiabilidad alta: Expediente original; la exposición de motivos se lee con errores de OCR sistemáticos (la 'a' aparece como '8'). Afirmaciones: A-179, A-185. Verificación: descargada-y-leida (pdf-en-linea). Consulta 2026-10-06."
F-0275,primaria,Presidencia de la República (gobierno de Héctor B. Trujillo); Senado de la República Dominicana,Mensaje del 9 de junio de 1953 y dictamen del Senado sobre la naturalización especial de setenta y siete hebreos de la Colonia de Sosúa,1953,es,oficial-rd,M13,https://memoriahistorica.senadord.gob.do/bitstreams/1110cf4b-0801-4e7b-8d3e-b6e7d0795c1d/download,pdf-en-linea,alta,"Mensaje núm. 21019 del Ejecutivo al Senado (9-VI-1953; habla de Rafael L. Trujillo en tercera persona, como 'Generalísimo ... Benefactor de la Patria'), dictamen de la Comisión de Relaciones Exteriores y comunicaciones del 21-VI-1953 para investir con la nacionalidad dominicana a hebreos de Sosúa.… Fiabilidad alta: Documento oficial original (mensaje y proyecto de ley con lista nominal); es discurso autojustificativo del régimen, no recuento independiente. Afirmaciones: A-185. Verificación: descargada-y-leida (pdf-en-linea). Consulta 2026-10-06."
F-0276,secundaria,"Espada, Carlos Daniel Altagracia",El cuerpo de la patria: imaginación geográfica y paisaje fronterizo en la República Dominicana durante la Era de Trujillo,2004,es,dominicana,M13,https://catalogo.academiadominicanahistoria.org.do/opac-tmpl/files/ppcodice/CLIO-2004-167-147-202.pdf,pdf-en-linea,alta,"Carlos Daniel Altagracia Espada (profesor e investigador puertorriqueño de origen dominicano, Universidad de Puerto Rico en Arecibo), Clío 167 (Academia Dominicana de la Historia, 2004). Fiabilidad alta: Artículo con aparato crítico en la revista de la Academia Dominicana de la Historia, que lee textos de Peña Batlle y de otros publicistas del régimen con cita de página. Afirmaciones: A-165, A-172, A-179, A-180. Verificación: descargada-y-leida (pdf-en-linea). Consulta 2026-10-06."
F-0277,secundaria,"González, Raymundo",Peña Batlle y su concepto histórico de la nación dominicana,1994,es,dominicana,M13,https://revistas.uasd.edu.do/index.php/ecos/article/download/46/58/64,pdf-en-linea,alta,"Raymundo González (historiador dominicano), Ecos (UASD) año 2, n.º 3, 1994, y versión en Estudios Americanos (CSIC, Sevilla). Fiabilidad alta: Estudio académico con notas de un historiador dominicano sobre la evolución ideológica de Peña Batlle, con referencias a textos y fechas verificables. Afirmaciones: A-165, A-172, A-179, A-180. Verificación: descargada-y-leida (pdf-en-linea). Consulta 2026-10-06. URL alternativas: https://estudiosamericanos.revistas.csic.es/index.php/estudiosamericanos/article/download/810/805/806."
F-0278,divulgacion,"Valerio-Holguín, Fernando","Nuestros vecinos haitianos, los primitivos (2)",2022,es,dominicana,M13,https://acento.com.do/opinion/nuestros-vecinos-haitianos-los-primitivos-2-9113746.html,texto-completo-en-linea,media,"Fernando Valerio-Holguín, columna 'El Criticón' de Acento, 3-X-2022 (parte 2 de una serie). Fiabilidad media: Columna de un profesor de literatura dominicano (Colorado State University) que cita con página pasajes de Peña Batlle y de Balaguer; falta la identificación de la edici… Afirmaciones: A-179, A-180. Verificación: descargada-y-leida (texto-completo-en-linea). Consulta 2026-10-06."
F-0279,divulgacion,"Álvarez Martín, David",Bosch: La ideología trujillista,2018,es,dominicana,M13,https://acento.com.do/opinion/bosch-la-ideologia-trujillista-8622609.html,texto-completo-en-linea,media,"David Álvarez Martín (filósofo, PUCMM), Acento, 9-XI-2018. Fiabilidad media: Columna de un filósofo dominicano que cita una carta de Bosch de 1943 con volumen y página de las Obras completas; no se leyó la carta. Afirmaciones: A-179. Verificación: descargada-y-leida (texto-completo-en-linea). Consulta 2026-10-06."
F-0280,secundaria,"Muñoz, Laura",Las fuentes documentales de la diplomacia mexicana y los acontecimientos en la frontera domínico-haitiana de 1937,2021,es,internacional,M13,https://catalogo.academiadominicanahistoria.org.do/opac-tmpl/files/clio/Clio-2021-201-317-348.pdf,pdf-en-linea,alta,"Laura Muñoz (Instituto Mora, México), Clío 201 (ene-jun 2021). Fiabilidad alta: Artículo con aparato crítico en Clío (Academia Dominicana de la Historia) basado en la correspondencia del embajador mexicano Francisco Castillo Nájera, con cota del arc… Afirmaciones: A-165, A-166, A-168, A-173, A-174, A-176, A-190. Verificación: descargada-y-leida (pdf-en-linea). Consulta 2026-10-06."
F-0281,divulgacion,"Vega, Bernardo",Mano de obra haitiana indocumentada,2026,es,dominicana,M13,https://acento.com.do/opinion/mano-de-obra-haitianaindocumentada-9663412.html,texto-completo-en-linea,media,"Bernardo Vega (economista e historiador; ex gobernador del Banco Central, embajador ante la Casa Blanca en 1997-99 y presidente de la ADH en 2013-16), columna 'En la cosa' de Acento, 21-IV-2026. Fiabilidad media: Columna del principal documentalista dominicano de la relación Trujillo-Haití, que describe el mecanismo del convenio de 1952 de memoria de su investigación (Trujillo y… Afirmaciones: A-186, A-187, A-193. Verificación: descargada-y-leida (texto-completo-en-linea). Consulta 2026-10-06."
F-0282,divulgacion,"Veras, Ramón Antonio (Negro)","La inmigración haitiana aquí es solución, no dificultad",2023,es,dominicana,M13,https://acento.com.do/opinion/la-inmigracion-haitiana-aqui-es-solucion-no-dificultad-9179829.html,texto-completo-en-linea,media,"Ramón A. (Negro) Veras, Acento, 26-III-2023. Relaciona los convenios de braceros 1952, 1959 y 1966 y los argumentos jurídicos de que el de 1966 expiró en 1971. Escrito desde la defensa de los derechos de los braceros. Fiabilidad media: Columna de un abogado y sindicalista dominicano que ha estudiado los convenios de braceros desde 1985 (Migración caribeña y un capítulo haitiano); da fechas y números de… Afirmaciones: A-187. Verificación: descargada-y-leida (texto-completo-en-linea). Consulta 2026-10-06."
F-0283,divulgacion,"Montecelos, María (EFE; publicado por El Día)","Raza y frontera, motivaciones de Trujillo para masacrar a miles de haitianos",2022,es,dominicana,M13,https://eldia.com.do/raza-y-frontera-motivaciones-de-trujillo-para-masacrar-a-miles-de-haitianos/,texto-completo-en-linea,media,"María Montecelos (EFE), El Día, 2-X-2022 (85 años de la matanza). Fiabilidad media: Despacho de agencia con declaraciones atribuidas a la directora del Museo Memorial de la Resistencia Dominicana y al presidente de la Academia Dominicana de la Historia;… Afirmaciones: A-166, A-168, A-171, A-172, A-173, A-174, A-176, A-185, A-190, A-192. Verificación: descargada-y-leida (texto-completo-en-linea). Consulta 2026-10-06."
F-0284,secundaria,"Vega, Bernardo",Etnicidad y el futuro de las relaciones dominico-haitianas,1993,es,dominicana,M13,https://estudiossociales.bono.edu.do/index.php/es/article/download/428/414/827,texto-completo-en-linea,alta,"Bernardo Vega (economista e historiador; ex gobernador del Banco Central y miembro de la ADH), Estudios Sociales 94 (oct-dic 1993, Centro Bonó). Fiabilidad alta: Síntesis del autor de la obra de referencia sobre Trujillo y Haití, publicada en una revista académica dominicana (Estudios Sociales 94); el pasaje relevante es un resum… Afirmaciones: A-165, A-166, A-179, A-181, A-185, A-186, A-187. Verificación: descargada-y-leida (texto-completo-en-linea). Consulta 2026-10-06."
F-0285,divulgacion,"Álvarez Martín, David",Bosch: Elie Lescot,2019,es,dominicana,M13,https://acento.com.do/opinion/bosch-elie-lescot-8643140.html,texto-completo-en-linea,media,"David Álvarez Martín, Acento, 18-I-2019. Reproduce pasajes del artículo de Bernardo Vega 'El antihaitianismo como instrumento' (El Caribe, 10-IX-2005) y relaciona el caso Lescot (presidente de Haití 1941-1946) con la lucha de Bosch contra Trujillo. Fiabilidad media: Columna de un filósofo dominicano que cita extensamente un artículo de Bernardo Vega de 2005 (El Caribe); la fiabilidad de las citas es de segunda mano. Afirmaciones: A-166, A-179, A-181. Verificación: descargada-y-leida (texto-completo-en-linea). Consulta 2026-10-06."
F-0286,divulgacion,"Núñez Asencio, Manuel",El duelo de dos lumbreras: Manuel A. Peña Batlle (1902-1954) y Jean Price-Mars (1876-1969),2026,es,dominicana,M13,https://acento.com.do/opinion/el-duelo-de-dos-lumbreras-manuel-a-pena-batlle-1902-1954-y-jean-price-mars-1876-1969-9719327.html,texto-completo-en-linea,media,"Manuel Núñez (autor de El ocaso de la nación dominicana, 1990), Acento, 15-VII-2026. Fiabilidad media: Columna de opinión de un intelectual nacionalista que defiende a Peña Batlle; no cita páginas de ninguna obra ni analiza los textos de 1942-46 sobre la frontera. Afirmaciones: A-179, A-180, A-193. Verificación: descargada-y-leida (texto-completo-en-linea). Consulta 2026-10-06."
F-0287,divulgacion,"Pereyra, Emilia (Diario Libre, 2017); Mercedes, Anyelo (El Día, 2021)",Notas de prensa sobre el Protocolo de la Miel de 1936 y la cesión de territorio (Diario Libre 2017; El Día 2021),2017; 2021,es,dominicana,M13,https://eldia.com.do/los-terrenos-que-cedio-trujillo,texto-completo-en-linea,baja,"Anyelo Mercedes (periodista, Congreso y partidos), El Día, 1-VI-2021, con motivo de los 60 años del ajusticiamiento de Trujillo. Fiabilidad baja: Reportaje periodístico que cita al presidente Abinader, a los historiadores Juan de la Cruz y Manuel Núñez y a Bernardo Vega; reúne posiciones de Estado y de dos histori… Afirmaciones: A-173, A-181. Verificación: descargada-y-leida (texto-completo-en-linea). Consulta 2026-10-06. Otros documentos: https://www.diariolibre.com/revista/el-dia-que-trujillo-cedio-parte-del-territorio-a-su-aliado-haitiano-FF8777502."
F-0288,primaria,Presidencia de la República Dominicana (DIECOM),"Abinader: 'Solo un pueblo que sabe de dónde viene y hacia dónde se dirige, puede caminar seguro hacia la paz' (inauguración de la exposición '1961: el año de la libertad', 29 de mayo de 2021)",2021,es,oficial-rd,M13,https://presidencia.gob.do/noticias/abinader-solo-un-pueblo-que-sabe-de-donde-viene-y-hacia-donde-se-dirige-puede-caminar,texto-completo-en-linea,alta,"Presidencia de la República (Dirección de Comunicación), 29-V-2021: inauguración de la exposición '1961: el año de la libertad' en el Centro de los Héroes, por el 60.º aniversario del ajusticiamiento de Trujillo. Fiabilidad alta: Nota oficial del propio gobierno con las palabras del presidente en la primera conmemoración estatal de la muerte de Trujillo; documenta cómo el Estado nombra la dictadu… Afirmaciones: A-172. Verificación: descargada-y-leida (texto-completo-en-linea). Consulta 2026-10-06."
F-0289,primaria,"Trujillo Molina, Rafael L. (Presidencia de la República); Senado de la República Dominicana","Mensaje del Poder Ejecutivo del 15 de marzo de 1943 que somete al Senado la reorganización territorial de las regiones fronterizas (provincias Libertador, Benefactor, San Rafael y Bahoruco; 'plan de dominicanización')",1943,es,oficial-rd,M13,https://memoriahistorica.senadord.gob.do/bitstreams/6ba68b4e-57cd-4dd3-b21a-8040f05a21c6/download,pdf-en-linea,alta,"Mensaje del presidente de la República al Senado (Ciudad Trujillo, 15-III-1943) que presenta el proyecto de ley que crea la provincia del Bahoruco y varios distritos municipales fronterizos y explica la política de 'dominicanización' de la frontera. Fiabilidad alta: Documento oficial original del expediente legislativo, con el texto del mensaje legible; es un discurso de justificación del propio régimen. Afirmaciones: A-180, A-181. Verificación: descargada-y-leida (pdf-en-linea). Consulta 2026-10-06."
F-0290,divulgacion,"Paraison, Edwin",Jean Claude Duvalier y República Dominicana,2014,es,dominicana,M13,https://acento.com.do/opinion/jean-claude-duvalier-y-republica-dominicana-8181829.html,texto-completo-en-linea,media,"Edwin Paraison, Acento, 8-X-2014, a propósito de Jean-Claude Duvalier. Fiabilidad media: Columna de un autor que escribe sobre las relaciones dominico-haitianas (la columna no da su perfil); da una referencia a 1941 sin documento ni cita, por lo que solo sir… Afirmaciones: A-187. Verificación: descargada-y-leida (texto-completo-en-linea). Consulta 2026-10-06."
F-0291,secundaria,"Matos Moquete, Manuel",La matanza de haitianos en 1937 en República Dominicana. Perspectiva trans-textual y trans-discursiva,2019,es,dominicana,M13,https://revistas.intec.edu.do/index.php/ciso/article/download/1489/2080,texto-completo-en-linea,media,"Manuel Matos Moquete (UASD), Ciencia y Sociedad 44(3), jul-sep 2019, pp. Fiabilidad media: Artículo de crítica literaria en una revista arbitrada dominicana (Ciencia y Sociedad, INTEC) que cita con página fragmentos de El Masacre se pasa a pie y de estudios pr… Afirmaciones: A-165, A-167, A-169, A-170, A-172. Verificación: descargada-y-leida (texto-completo-en-linea). Consulta 2026-10-06."
F-0292,divulgacion,"Cuevas, Julio (reseñista); Objío, Orlando (autor reseñado)","'Trujillo & Peña Batlle: El tirano y el sabio': análisis sobre nuestra historia dominicana contemporánea (reseña del libro de Orlando Objío, UASD, 2019, tomo I)",2025,es,dominicana,M13,https://acento.com.do/cultura/trujillo-pena-batlle-el-tirano-y-el-sabio-analisis-sobre-nuestra-historia-dominicana-contemporanea-9584004.html,texto-completo-en-linea,media,"Julio Cuevas, Acento, 28-XI-2025. Reseña el libro de Orlando Objío (Editora Universitaria de la UASD, 2019, 288 págs.) sobre la relación entre Trujillo y Peña Batlle. Aporta la cronología de la incorporación de Peña Batlle al Partido Dominicano (marzo de 1935) y su caracterización como ideólogo. Fiabilidad media: Reseña de un diplomático y poeta dominicano sobre un libro académico de la editorial de la UASD; las citas con página son de segunda mano; el libro (tomos I y II) no se… Afirmaciones: A-179, A-180. Verificación: descargada-y-leida (texto-completo-en-linea). Consulta 2026-10-06."
F-0293,secundaria,"Santos, Roque",Relectura de Moscoso Puello (1930-1940) como crítica velada al mito de la 'patria nueva' trujillista,2021,es,dominicana,M13,https://revistas.uasd.edu.do/index.php/ecos/article/download/279/403/396,texto-completo-en-linea,alta,"Roque Santos (UASD; doctor en Filosofía por la Universidad del País Vasco), Ecos 21 (ene-jun 2021), pp. Fiabilidad alta: Artículo con aparato crítico en Ecos (Instituto de Historia, UASD) que lee cuatro obras de un contemporáneo y cita un oficio de la legación de EE.UU. y fuentes del AGN c… Afirmaciones: A-174, A-178, A-179, A-181. Verificación: descargada-y-leida (texto-completo-en-linea). Consulta 2026-10-06."
F-0294,secundaria,"Bosch Carcuro, Matías; Acosta Matos, Eliades; Pérez Vargas, Amaury (eds.); con capítulos de Turits, Derby, Herrera, Bourgeois y Rodrigues Pinto",Masacre de 1937. 80 años después: reconstruyendo la memoria,2018,es,dominicana,M13;M16,https://biblioteca.clacso.edu.ar/clacso/se/20190424013334/Masacre_de_1937.pdf,localizada-bloqueada,media,"Libro de 2018 que reúne las ponencias del seminario académico '80 años de la masacre de 1937: reconstruyendo la memoria' (Santo Domingo, 18-20 de octubre de 2017), coeditado por la Fundación Juan Bosch, CLACSO, FLACSO-RD, el Instituto Bonó y el Instituto de Historia de la UASD. Fiabilidad media: Volumen colectivo de un seminario académico de octubre de 2017 con editores y coeditores dominicanos y latinoamericanos; fiabilidad estimada por el carácter de la edició… Afirmaciones: A-165, A-166, A-168, A-170, A-171, A-172, A-174, A-177, A-178, A-179. Verificación: fallo-fetch (localizada-bloqueada). Consulta 2026-10-06. URL alternativas: https://www.jstor.org/stable/j.ctvnp0k4x.7; https://doi.org/10.2307/j.ctvnp0k4x.7; http://web.archive.org/web/20240913192738id_/https://biblioteca.clacso.edu.ar/clacso/se/20190424013334/Masacre_de_1937.pdf."
F-0295,secundaria,"Torres-Saillant, Silvio","Introduction to Dominican Blackness (Dominican Studies Research Monograph, CUNY Dominican Studies Institute)",—,en,dominicana,M13,https://www.ccny.cuny.edu/sites/default/files/dsi/upload/Introduction_to_Dominican_Blackness_Web.pdf,localizada-bloqueada,media,"Monografía de investigación del Instituto de Estudios Dominicanos del CCNY (CUNY); su existencia y URL salen de una búsqueda. Fiabilidad media: Monografía de un autor central de la crítica interna; no se leyó, la fiabilidad es estimada. Afirmaciones: A-164, A-179. Verificación: fallo-fetch (localizada-bloqueada). Consulta 2026-10-06."
F-0296,secundaria,"Silié, Rubén (ed.); Cassá, Roberto; et al.","La República Dominicana y Haití frente al futuro (FLACSO, 1998; ed. Rubén Silié, con aportes de Roberto Cassá)",1998,es,dominicana,M13;M14;M15,https://repositorio.flacsoandes.edu.ec/bitstream/10469/22307/3/LFLACSO-01-Silie.pdf,localizada-bloqueada,media,"Libro de FLACSO cuya ficha en búsqueda lista a Silié como editor y autor ('Aspectos socio-históricos sobre la inmigración haitiana a la República Dominicana') y a Cassá; el repositorio devolvió una página 'Comprobación de Seguridad' (anti-bot). Fiabilidad media: Volumen académico de FLACSO con autores dominicanos reconocidos; no se leyó. Afirmaciones: A-179, A-187. Verificación: fallo-fetch (localizada-bloqueada). Consulta 2026-10-06."
F-0297,primaria,"République d'Haïti, Sénat (sen. Charles Duplessy)","Le Moniteur, nº 9, 31 janvier 1938: Sénat, séance du 15 janvier 1938 (minuto de silencio por los haitianos caídos en octubre de 1937 en territorio dominicano)",1938,fr,oficial-haiti,M13,https://ufdcimages.uflib.ufl.edu/UF/00/07/68/54/04845/01-31-1938_pdf.txt,texto-completo-en-linea,alta,"Journal officiel haïtien; publica con dos semanas de retraso las actas del Senado (sesión del 15-I-1938, sumario del número). Fiabilidad alta: Acta parlamentaria oficial; la cita se cotejó visualmente contra la imagen de la página 3 del PDF. Afirmaciones: A-165, A-192. Verificación: descargada-y-leida (texto-completo-en-linea). Consulta 2026-10-06. URL alternativas: https://ufdcimages.uflib.ufl.edu/UF/00/07/68/54/04845/01-31-1938.pdf; https://dloc.com/UF00076854/04845."
F-0298,primaria,"République d'Haïti, Sénat (sen. Edgard Fanfan)","Le Moniteur, 28 septembre 1942 (p. 634): Sénat, sesión ordinaria del jueves 27 de enero de 1938 (intervención del sen. Edgard Fanfan sobre las 'odieuses massacres' y el Acuerdo Balaguer-Carrié)",1942 (sesión de 1938),fr,oficial-haiti,M13,https://ufdcimages.uflib.ufl.edu/UF/00/07/68/54/04010/09-28-1942_pdf.txt,texto-completo-en-linea,alta,"El Moniteur del 28-IX-1942 imprime las actas atrasadas del Senado, entre ellas la sesión del 27-I-1938 (cuatro días antes de la firma del acuerdo de Washington). Fiabilidad alta: Acta parlamentaria oficial cotejada visualmente (página 10 del PDF); la fecha de publicación (1942) es posterior en casi cinco años a la sesión. Afirmaciones: A-165, A-172, A-175, A-192. Verificación: descargada-y-leida (texto-completo-en-linea). Consulta 2026-10-06. URL alternativas: https://ufdcimages.uflib.ufl.edu/UF/00/07/68/54/04010/09-28-1942.pdf; https://dloc.com/UF00076854/04010."
F-0299,primaria,République d'Haïti (Président Élie Lescot),"Le Moniteur, nº del lunes 14 de septiembre de 1942: Décret-loi nº 197 (Élie Lescot, 11-IX-1942) que prohíbe la emigración de ciudadanos haitianos durante la guerra salvo acuerdo diplomático",1942,fr,oficial-haiti,M13,https://ufdcimages.uflib.ufl.edu/UF/00/07/68/54/04006/09-14-1942_pdf.txt,texto-completo-en-linea,alta,"Décret-loi dictado por Lescot con aprobación del Comité Permanente de la Asamblea Nacional (4-IX-1942), firmado el 11-IX y promulgado el 12-IX-1942. Fiabilidad alta: Texto legal oficial; el OCR omite tildes pero el articulado es legible. Afirmaciones: A-187. Verificación: descargada-y-leida (texto-completo-en-linea). Consulta 2026-10-06. URL alternativas: https://ufdcimages.uflib.ufl.edu/UF/00/07/68/54/04006/09-14-1942.pdf; https://dloc.com/UF00076854/04006."
F-0300,primaria,République d'Haïti (Commission communale de Port-au-Prince; Corps législatif; Présidence),"Le Moniteur, 4, 7 y 12 de mayo de 1936: arrêté del 2-V-1936 que bautiza 'Avenue Trujillo', ley de crédito para la 'Avenue du Président Trujillo' y programa de la visita de Trujillo a la toma de posesión de Vincent (15-V-1936)",1936,fr,oficial-haiti,M13,https://ufdcimages.uflib.ufl.edu/UF/00/07/68/54/03757/05-04-1936_pdf.txt,texto-completo-en-linea,alta,"Gaceta oficial de Haití bajo Vincent, dos meses después del Protocolo de 1936. Fiabilidad alta: Textos oficiales completos; el OCR omite tildes (restituidas en la cita). Afirmaciones: A-181. Verificación: descargada-y-leida (texto-completo-en-linea). Consulta 2026-10-06. URL alternativas: https://ufdcimages.uflib.ufl.edu/UF/00/07/68/54/03759/05-07-1936_pdf.txt; https://ufdcimages.uflib.ufl.edu/UF/00/07/68/54/03761/05-12-1936_pdf.txt; https://dloc.com/UF00076854/03757."
F-0301,primaria,Le Nouvelliste (Port-au-Prince; directeur-propriétaire Ernest G. Chauvet),"Le Nouvelliste, nº 13.436, sábado 3 de noviembre de 1934, p. 1: 'Les Discours Présidentiels' (discursos de Vincent y de Trujillo en Puerto Príncipe; texto español y traducción francesa)",1934-11-03,fr,haitiana,M13,https://ufdcimages.uflib.ufl.edu/UF/00/00/00/81/02277/UF00000081_02277.pdf,pdf-en-linea,alta,"Le Nouvelliste, quotidien fondé en 1896, Port-au-Prince; diario conservador-católico de la élite urbana, favorable al orden y bajo un régimen (Vincent) que reprimía la prensa; digitalizado por la Bibliothèque Haïtienne des Pères du Saint-Esprit / Univ. Fiabilidad alta: Prensa diaria de la época leída en imagen/OCR de dLOC; la cita se cotejó contra la página impresa y no hay edición intermedia. Afirmaciones: A-181. Verificación: descargada-y-leida (pdf-en-linea). Consulta 2026-10-06. URL alternativas: https://dloc.com/UF00000081/02277."
F-0302,primaria,Le Nouvelliste (Port-au-Prince; directeur-propriétaire Ernest G. Chauvet),"Le Nouvelliste, nº 13.820, lunes 9 de marzo de 1936, p. 1: 'Arrivée du Président Trujillo' (llegada coincidente con la firma del Protocolo sobre fronteras) y nº 13.825 del 14-III-1936: cablegrama de Roosevelt a Vincent",1936-03-09,fr,haitiana,M13,https://ufdcimages.uflib.ufl.edu/UF/00/00/00/81/02509/UF00000081_02509.pdf,pdf-en-linea,alta,"Le Nouvelliste, quotidien fondé en 1896, Port-au-Prince; diario conservador-católico de la élite urbana, favorable al orden y bajo un régimen (Vincent) que reprimía la prensa; digitalizado por la Bibliothèque Haïtienne des Pères du Saint-Esprit / Univ. Fiabilidad alta: Prensa diaria de la época leída en imagen/OCR de dLOC; la cita se cotejó contra la página impresa y no hay edición intermedia. Afirmaciones: A-181. Verificación: descargada-y-leida (pdf-en-linea). Consulta 2026-10-06. URL alternativas: https://dloc.com/UF00000081/02509; https://ufdcimages.uflib.ufl.edu/UF/00/00/00/81/02514/00001.jpg."
F-0303,primaria,Le Nouvelliste (Port-au-Prince; directeur-propriétaire Ernest G. Chauvet),"Le Nouvelliste, nº 13.828, miércoles 18 de marzo de 1936, p. 1: 'Projet de Protocole' (texto del Protocolo de revisión Trujillo-Vincent presentado a las Cámaras; continuación en el nº del 19-III)",1936-03-18,fr,haitiana,M13,https://ufdcimages.uflib.ufl.edu/UF/00/00/00/81/02517/UF00000081_02517.pdf,pdf-en-linea,alta,"Le Nouvelliste, quotidien fondé en 1896, Port-au-Prince; diario conservador-católico de la élite urbana, favorable al orden y bajo un régimen (Vincent) que reprimía la prensa; digitalizado por la Bibliothèque Haïtienne des Pères du Saint-Esprit / Univ. Fiabilidad alta: Prensa diaria de la época leída en imagen/OCR de dLOC; la cita se cotejó contra la página impresa y no hay edición intermedia. Afirmaciones: A-181. Verificación: descargada-y-leida (pdf-en-linea). Consulta 2026-10-06. URL alternativas: https://dloc.com/UF00000081/02517."
F-0304,primaria,Le Nouvelliste (Port-au-Prince; directeur-propriétaire Ernest G. Chauvet),"Le Nouvelliste, nº 14.295, sábado 16 de octubre de 1937, p. 1: 'Communiqué' conjunto Carrié-Balaguer (Ciudad Trujillo, 15-X-1937) sobre 'quelques incidents ... à la Frontière Nord'",1937-10-16,fr,haitiana,M13,https://ufdcimages.uflib.ufl.edu/UF/00/00/00/81/03156/19371016.pdf,pdf-en-linea,alta,"Le Nouvelliste, quotidien fondé en 1896, Port-au-Prince; diario conservador-católico de la élite urbana, favorable al orden y bajo un régimen (Vincent) que reprimía la prensa; digitalizado por la Bibliothèque Haïtienne des Pères du Saint-Esprit / Univ. Fiabilidad alta: Prensa diaria de la época leída en imagen/OCR de dLOC; la cita se cotejó contra la página impresa y no hay edición intermedia. Afirmaciones: A-165, A-172, A-175, A-181, A-183. Verificación: descargada-y-leida (pdf-en-linea). Consulta 2026-10-06. URL alternativas: https://dloc.com/UF00000081/03156."
F-0305,primaria,Le Nouvelliste (Port-au-Prince; directeur-propriétaire Ernest G. Chauvet),"Le Nouvelliste, nº 14.307, sábado 30 de octubre de 1937, p. 1: editorial sin firma 'Sagesse et Passion'",1937-10-30,fr,haitiana,M13,https://ufdcimages.uflib.ufl.edu/UF/00/00/00/81/03168/19371030.pdf,pdf-en-linea,alta,"Le Nouvelliste, quotidien fondé en 1896, Port-au-Prince; diario conservador-católico de la élite urbana, favorable al orden y bajo un régimen (Vincent) que reprimía la prensa; digitalizado por la Bibliothèque Haïtienne des Pères du Saint-Esprit / Univ. Fiabilidad alta: Prensa diaria de la época leída en imagen/OCR de dLOC; la cita se cotejó contra la página impresa y no hay edición intermedia. Afirmaciones: A-165, A-171, A-172, A-173, A-179, A-181, A-183, A-192. Verificación: descargada-y-leida (pdf-en-linea). Consulta 2026-10-06. URL alternativas: https://dloc.com/UF00000081/03168."
F-0306,primaria,Le Nouvelliste (Port-au-Prince; directeur-propriétaire Ernest G. Chauvet),"Le Nouvelliste, nº 14.318, lunes 15 de noviembre de 1937, p. 1: 'L'Affaire haïtiano-dominicaine. Bons offices de Cuba, des Etats-Unis et du Mexique. L'initiative du Gouvernement' (mensaje de Vincent del 12-XI-1937 y respuestas de Cuba y EE. UU.) y 'Le Gouvernement a rapatrié plus de 5.000 Haïtiens'",1937-11-15,fr,haitiana,M13,https://ufdcimages.uflib.ufl.edu/UF/00/00/00/81/03181/19371115.pdf,pdf-en-linea,alta,"Le Nouvelliste, quotidien fondé en 1896, Port-au-Prince; diario conservador-católico de la élite urbana, favorable al orden y bajo un régimen (Vincent) que reprimía la prensa; digitalizado por la Bibliothèque Haïtienne des Pères du Saint-Esprit / Univ. Fiabilidad alta: Prensa diaria de la época leída en imagen/OCR de dLOC; la cita se cotejó contra la página impresa y no hay edición intermedia. Afirmaciones: A-165, A-166, A-172, A-175, A-183, A-190. Verificación: descargada-y-leida (pdf-en-linea). Consulta 2026-10-06. URL alternativas: https://dloc.com/UF00000081/03181."
F-0307,primaria,Le Nouvelliste (Port-au-Prince; directeur-propriétaire Ernest G. Chauvet),"Le Nouvelliste, nº 14.320, miércoles 17 de noviembre de 1937, p. 1: 'L'Affaire haïtiano-dominicaine. La réponse du Gouvernement mexicain' y 'Les rapports concernant le massacre haïtien étudiés à Washington' (despacho UP del 10-XI-1937)",1937-11-17,fr,haitiana,M13,https://ufdcimages.uflib.ufl.edu/UF/00/00/00/81/03183/19371117.pdf,pdf-en-linea,alta,"Le Nouvelliste, quotidien fondé en 1896, Port-au-Prince; diario conservador-católico de la élite urbana, favorable al orden y bajo un régimen (Vincent) que reprimía la prensa; digitalizado por la Bibliothèque Haïtienne des Pères du Saint-Esprit / Univ. Fiabilidad alta: Prensa diaria de la época leída en imagen/OCR de dLOC; la cita se cotejó contra la página impresa y no hay edición intermedia. Afirmaciones: A-165, A-166, A-170, A-190. Verificación: descargada-y-leida (pdf-en-linea). Consulta 2026-10-06. URL alternativas: https://dloc.com/UF00000081/03183."
F-0308,primaria,Le Nouvelliste (Port-au-Prince; directeur-propriétaire Ernest G. Chauvet),"Le Nouvelliste, nº 14.884, jueves 3 de febrero de 1938, p. 1: 'Câblogrammes échangés à l'occasion de la signature de l'accord haïtiano-dominicain'",1938-02-03,fr,haitiana,M13,https://ufdcimages.uflib.ufl.edu/UF/00/00/00/81/03250/UF00000081_03250.pdf,pdf-en-linea,alta,"Le Nouvelliste, quotidien fondé en 1896, Port-au-Prince; diario conservador-católico de la élite urbana, favorable al orden y bajo un régimen (Vincent) que reprimía la prensa; digitalizado por la Bibliothèque Haïtienne des Pères du Saint-Esprit / Univ. Fiabilidad alta: Prensa diaria de la época leída en imagen/OCR de dLOC; la cita se cotejó contra la página impresa y no hay edición intermedia. Afirmaciones: A-176. Verificación: descargada-y-leida (pdf-en-linea). Consulta 2026-10-06. URL alternativas: https://dloc.com/UF00000081/03250."
F-0309,primaria,Le Nouvelliste (Port-au-Prince; directeur-propriétaire Ernest G. Chauvet),"Le Nouvelliste, nº 14.904, sábado 26 de febrero de 1938, p. 1: 'Echange des ratifications de l'accord haïtiano-dominicain à la Nonciature apostolique'",1938-02-26,fr,haitiana,M13,https://ufdcimages.uflib.ufl.edu/UF/00/00/00/81/03270/UF00000081_03270.pdf,pdf-en-linea,alta,"Le Nouvelliste, quotidien fondé en 1896, Port-au-Prince; diario conservador-católico de la élite urbana, favorable al orden y bajo un régimen (Vincent) que reprimía la prensa; digitalizado por la Bibliothèque Haïtienne des Pères du Saint-Esprit / Univ. Fiabilidad alta: Prensa diaria de la época leída en imagen/OCR de dLOC; la cita se cotejó contra la página impresa y no hay edición intermedia. Afirmaciones: A-176, A-192. Verificación: descargada-y-leida (pdf-en-linea). Consulta 2026-10-06. URL alternativas: https://dloc.com/UF00000081/03270."
F-0310,primaria,Le Nouvelliste (Port-au-Prince; directeur-propriétaire Ernest G. Chauvet),"Le Nouvelliste, nº 14.907, viernes 4 de marzo de 1938, p. 1: 'Les 250.000 dollars serviront à créer des colonies agricoles' (proyecto de ley aprobado por la Cámara) y 'Règlement de l'incident haïtiano-dominicain' (Un peu de tout, II)",1938-03-04,fr,haitiana,M13,https://ufdcimages.uflib.ufl.edu/UF/00/00/00/81/03275/UF00000081_03275.pdf,pdf-en-linea,alta,"Le Nouvelliste, quotidien fondé en 1896, Port-au-Prince; diario conservador-católico de la élite urbana, favorable al orden y bajo un régimen (Vincent) que reprimía la prensa; digitalizado por la Bibliothèque Haïtienne des Pères du Saint-Esprit / Univ. Fiabilidad alta: Prensa diaria de la época leída en imagen/OCR de dLOC; la cita se cotejó contra la página impresa y no hay edición intermedia. Afirmaciones: A-176, A-192. Verificación: descargada-y-leida (pdf-en-linea). Consulta 2026-10-06. URL alternativas: https://dloc.com/UF00000081/03275."
F-0311,primaria,"Rigaud, Milo (recopilador); Calixte, Démosthènes P. (cita)","Contre Vincent (folleto, Port-au-Prince, 1946; pp. 21-22: cita del coronel Démosthènes Calixte, 'Calvaire d'un soldat')",1946,fr,haitiana,M13,https://ufdcimages.uflib.ufl.edu/UF/00/09/43/09/00001/00026.txt,texto-completo-en-linea,media,"Milo Rigaud (1903-1950), etnógrafo y polemista vodouista de Port-au-Prince, reúne tras la caída de Lescot (enero de 1946) textos contra el ex presidente Vincent (epígrafe de Le Nouvelliste del 29-X-1946). Fiabilidad media: Panfleto político antivincentista de 1946 con un testigo interesado (Calixte, depuesto y juzgado en rebeldía en 1938); la cita es verificable en imagen pero el contenido… Afirmaciones: A-176, A-192. Verificación: descargada-y-leida (texto-completo-en-linea). Consulta 2026-10-06. URL alternativas: https://ufdcimages.uflib.ufl.edu/UF/00/09/43/09/00001/00026.jpg; https://dloc.com/UF00094309/00001."
F-0312,terciaria,"Ambassade d'Haïti en France; Oriol, Michèle; Vilaire, Patrick; Wieser, Corinne","Chefs d'Etat haïtiens: Sténio Vincent (1930-1941) (ficha de la embajada de Haití en Francia, a partir de Oriol, Vilaire y Wieser, Chefs d'Etat en Haïti, FRIDOC/Archives Nationales d'Haïti)",2021,fr,oficial-haiti,M13,https://ambassadehaiti-france.org/wp-content/uploads/2021/07/25.-Ste%CC%81nio-Vincent-1930-1941.pdf,pdf-en-linea,media,"Sitio de la embajada de Haití en París (2021), con texto tomado de 'Chefs d'Etat en Haïti. Fiabilidad media: Ficha divulgativa oficial de cuatro páginas que resume una obra de referencia sin citas; útil como expresión de la versión estatal haitiana actual, no como prueba. Afirmaciones: A-165, A-169, A-176, A-181, A-192. Verificación: descargada-y-leida (pdf-en-linea). Consulta 2026-10-06."
F-0313,primaria,"Haití (Asamblea Constituyente y plebiscitos; transcripción de la Digithèque MJP, Univ. de Perpiñán)","Constituciones de Haití de 1935, 1946, 1950 y 1957 (título I, territorio)",1935-1957,fr,oficial-haiti,M11;M12;M13;M16,https://mjp.univ-perp.fr/constit/ht1935.htm,texto-completo-en-linea,alta,"Constituciones de Haití del periodo, según la Digithèque de la Universidad de Perpiñán. Fiabilidad alta: Texto constitucional reproducido por la Digithèque MJP (Perpiñán), con lectura directa de los artículos citados. Afirmaciones: A-181, A-193. Verificación: descargada-y-leida (texto-completo-en-linea). Consulta 2026-10-06. Otros documentos: https://mjp.univ-perp.fr/constit/ht1946.htm; https://mjp.univ-perp.fr/constit/ht1950.htm; https://mjp.univ-perp.fr/constit/ht1957.htm."
F-0314,primaria,"Radio Haïti-Inter (Jean L. Dominique y colaboradores; Radio Haiti Archive, Duke University Libraries)","50yèm anivèsè masak ayisyen 1937 la nan Dominikani (conferencia de prensa del Centre Bon Samaritain; Radio Haïti, 7-X-1987)",1987-10-07,ht,haitiana,M13,https://api.dloc.patron.uflib.ufl.edu/AA00075005/00001/citation?format=json,via-resena,media,"Radio Haïti-Inter, emisora independiente de Port-au-Prince fundada por Jean Dominique (1971), con archivo sonoro donado a Duke y espejado en dLOC bajo licencia CC BY-NC-SA 4.0; programas en kreyòl y francés para audiencia haitiana urbana y rural. Fiabilidad media: Solo se leyó el resumen catalográfico trilingüe (kreyòl/francés/inglés) de la grabación; el audio no se escuchó, de modo que el valor es de localización. Afirmaciones: A-165, A-171. Verificación: descargada-parcial (via-resena). Consulta 2026-10-06. URL alternativas: https://dloc.com/AA00075005/00001."
F-0315,primaria,"Radio Haïti-Inter (Jean L. Dominique y colaboradores; Radio Haiti Archive, Duke University Libraries)","Micro-Témoin: « Trujillo et Haïti », Guy Alexandre et Bernardo Vega (1 y 2) (Radio Haïti, 13-IV-1996)",1996-04-13,fr,haitiana,M13,https://api.dloc.patron.uflib.ufl.edu/AA00074577/00001/citation?format=json,via-resena,media,"Radio Haïti-Inter, emisora independiente de Port-au-Prince fundada por Jean Dominique (1971), con archivo sonoro donado a Duke y espejado en dLOC bajo licencia CC BY-NC-SA 4.0; programas en kreyòl y francés para audiencia haitiana urbana y rural. Fiabilidad media: Solo se leyó el resumen catalográfico trilingüe (kreyòl/francés/inglés) de la grabación; el audio no se escuchó, de modo que el valor es de localización. Afirmaciones: A-166, A-173, A-174. Verificación: descargada-parcial (via-resena). Consulta 2026-10-06. URL alternativas: https://dloc.com/AA00074577/00001; https://dloc.com/AA00074576/00001; https://repository.duke.edu/dc/radiohaiti/RL10059-CS-1901_01."
F-0316,primaria,"Radio Haïti-Inter (Jean L. Dominique y colaboradores; Radio Haiti Archive, Duke University Libraries)","Entre Nous: Livre « Le peuple des terres mêlées », René Philoctète (1 y 2) (Radio Haïti, 4-II-1990)",1990-02-04,fr,haitiana,M13,https://api.dloc.patron.uflib.ufl.edu/AA00073374/00001/citation?format=json,via-resena,media,"Radio Haïti-Inter, emisora independiente de Port-au-Prince fundada por Jean Dominique (1971), con archivo sonoro donado a Duke y espejado en dLOC bajo licencia CC BY-NC-SA 4.0; programas en kreyòl y francés para audiencia haitiana urbana y rural. Fiabilidad media: Solo se leyó el resumen catalográfico trilingüe (kreyòl/francés/inglés) de la grabación; el audio no se escuchó, de modo que el valor es de localización. Afirmaciones: A-177, A-178. Verificación: descargada-parcial (via-resena). Consulta 2026-10-06. URL alternativas: https://dloc.com/AA00073374/00001; https://dloc.com/AA00073373/00001."
F-0317,primaria,"Radio Haïti-Inter (Jean L. Dominique y colaboradores; Radio Haiti Archive, Duke University Libraries)","Entre Nous: Compte rendu de « La Récolte douce des larmes » par Edwidge Danticat (1 y 2) (Radio Haïti, 17-X-1999)",1999-10-17,fr,haitiana,M13,https://api.dloc.patron.uflib.ufl.edu/AA00073578/00001/citation?format=json,via-resena,media,"Radio Haïti-Inter, emisora independiente de Port-au-Prince fundada por Jean Dominique (1971), con archivo sonoro donado a Duke y espejado en dLOC bajo licencia CC BY-NC-SA 4.0; programas en kreyòl y francés para audiencia haitiana urbana y rural. Fiabilidad media: Solo se leyó el resumen catalográfico trilingüe (kreyòl/francés/inglés) de la grabación; el audio no se escuchó, de modo que el valor es de localización. Afirmaciones: A-170. Verificación: descargada-parcial (via-resena). Consulta 2026-10-06. URL alternativas: https://dloc.com/AA00073578/00001; https://dloc.com/AA00073577/00001."
F-0318,primaria,"Radio Haïti-Inter (Jean L. Dominique y colaboradores; Radio Haiti Archive, Duke University Libraries)","Biligi, Mayisad (reportaje de Radio Haïti sobre la colonia de Billiguy, 19-VII-1989)",1989-07-19,fr,haitiana,M13,https://api.dloc.patron.uflib.ufl.edu/AA00075301/00001/citation?format=json,via-resena,media,"Radio Haïti-Inter, emisora independiente de Port-au-Prince fundada por Jean Dominique (1971), con archivo sonoro donado a Duke y espejado en dLOC bajo licencia CC BY-NC-SA 4.0; programas en kreyòl y francés para audiencia haitiana urbana y rural. Fiabilidad media: Solo se leyó el resumen catalográfico trilingüe (kreyòl/francés/inglés) de la grabación; el audio no se escuchó, de modo que el valor es de localización. Afirmaciones: A-192. Verificación: descargada-parcial (via-resena). Consulta 2026-10-06. URL alternativas: https://dloc.com/AA00075301/00001."
F-0319,divulgacion,"Cincir, Amos; Noël, Worlgenson","80e anniversaire du massacre de 1937: un devoir de mémoire et de responsabilité citoyenne (Le Nouvelliste, 11-X-2017)",2017,fr,haitiana,M13,https://lenouvelliste.com/article/177630/80e-anniversaire-du-massacre-de-1937-un-devoir-de-memoire-et-de-responsabilite-citoyenne,fragmento-busqueda,media,"Le Nouvelliste (Port-au-Prince), crónica de la conferencia internacional del Centre Challenges y C3 Éditions (11-12 de octubre de 2017), coordinada por Watson Denis; para el lector haitiano de la élite urbana. Fiabilidad media: Crónica periodística tras muro de pago; solo el primer párrafo es legible. Afirmaciones: A-171. Verificación: descargada-parcial (fragmento-busqueda). Consulta 2026-10-06."
F-0320,divulgacion,"Eliazar, Eunice","Le massacre d'octobre 1937 des Haïtiens sombre dans l'oubli (Le Nouvelliste, 12-X-2018)",2018,fr,haitiana,M13,https://lenouvelliste.com/article/193736/le-massacre-doctobre-1937-des-haitiens-sombre-dans-loubli,fragmento-busqueda,baja,"Le Nouvelliste, sección Cultura, a propósito de la proyección del cortometraje 'L'oubli pour mensonge' de Pierre Michel Jean en la sala UNESCO de la FOKAL. Fiabilidad baja: Nota breve de prensa (2 min de lectura), sin fuente para la cifra y tras muro de pago; la fecha interna contiene un desliz ('9 octobre 2019'). Afirmaciones: A-167. Verificación: descargada-parcial (fragmento-busqueda). Consulta 2026-10-06."
F-0321,divulgacion,"Chéry, Onz (The Haitian Times)","Overdue with interest: New trial and reparations demanded for Parsley Massacre (The Haitian Times, 8-X-2024)",2024,en,haitiana,M13,https://haitiantimes.com/2024/10/08/haitian-parsley-survivors-demand-genocide-trial-reparations/,texto-completo-en-linea,media,"The Haitian Times (Nueva York, medio de la diáspora haitiana fundado en 1999) con corresponsales en Ouanaminthe (Onz Chéry, Edxon Francisque); serie del 87.º aniversario sobre los últimos sobrevivientes de Dosmond y Ferrier. Fiabilidad media: Reportaje de un medio de la diáspora con testimonios nombrados de sobrevivientes; las cifras históricas son de segunda mano (Turits; von Tunzelmann). Afirmaciones: A-176, A-192. Verificación: descargada-y-leida (texto-completo-en-linea). Consulta 2026-10-06."
F-0322,divulgacion,"Francisque, Edxon (The Haitian Times)","The last survivors: Elders recount the 1937 Parsley Massacre and life after in Haiti (The Haitian Times, 4-X-2024)",2024,en,haitiana,M13,https://haitiantimes.com/2024/10/04/haitian-parsley-massacre-last-survivors-speak/,texto-completo-en-linea,media,"The Haitian Times; entrevistas de campo del 5 días con diez sobrevivientes en Ouanaminthe (junio-septiembre de 2024); en kreyòl/español/inglés; tradición oral transmitida a corresponsales haitianos. Fiabilidad media: Testimonios orales de cinco sobrevivientes recogidos en 2024, a 87 años de los hechos; edad y memoria mediadas, pero con nombre, edad y lugar. Afirmaciones: A-165, A-169, A-177. Verificación: descargada-y-leida (texto-completo-en-linea). Consulta 2026-10-06. URL alternativas: https://haitiantimes.com/2026/10/04/dominican-haitian-parsley-massacre-survivors-series/."
F-0323,divulgacion,"Piercin, Wethzer (AyiboPost)","The 1937 massacre a point of tension between Haitian filmmaker and Dominican actors (AyiboPost, 21-II-2024)",2024,en,haitiana,M13,https://backoffice.ayibopost.com/1937-massacre-tension-haitian-dominican/,texto-completo-en-linea,media,"AyiboPost (Port-au-Prince), medio digital de periodismo de investigación haitiano; traducción al inglés de un artículo en francés sobre el documental 'Forgetting Kills Twice' de Pierre Michel Jean. Fiabilidad media: Artículo periodístico con especialistas citados; la afirmación sobre 525.000 dólares es de segunda mano y mezcla el año del acuerdo (1937 por 1938). Afirmaciones: A-176, A-192. Verificación: descargada-y-leida (texto-completo-en-linea). Consulta 2026-10-06. URL alternativas: https://ayibopost.com/un-cineaste-haitien-en-desaccord-avec-des-acteurs-dominicains-sur-le-massacre-de-1937/."
F-0324,secundaria,"Turits, Richard Lee","Dominican Responses in the Aftermath of the 1937 Haitian Massacre (Haiti: An Island Luminous, parte IX, diapositiva 7)",—,en,internacional,M13,https://islandluminous.fiu.edu/part09-slide07.html,texto-completo-en-linea,alta,"Richard L. Turits (entonces profesor asociado de la Universidad de Michigan) escribió esta ficha de unas 450 palabras para 'Haiti: An Island Luminous', proyecto digital de Florida International University con textos breves de académicos y fuentes primarias traducidas, en tres lenguas. Resume la sec… Fiabilidad alta: Texto breve firmado por el autor del estudio de referencia sobre 1937, con cifras y citas de documentos que coinciden con su artículo de 2002; sin aparato de notas, por… Afirmaciones: A-165, A-168, A-172, A-175, A-176, A-179, A-181, A-183, A-186, A-190, A-192. Verificación: descargada-y-leida (texto-completo-en-linea). Consulta 2026-10-06. URL alternativas: https://islandluminous.fiu.edu/9.html; https://islandluminous.fiu.edu/part09-slide05.html (Paulino, The 1937 Massacre)."
F-0325,portal,"Haiti Laboratory, Duke University","La Seconde Indépendance (1934-1956) (Haiti Digital Library / Bibliothèque digitale sur Haïti, Haiti Laboratory, Duke University)",2015,fr,internacional,M13,https://sites.duke.edu/haitilab/french/apres-loccupation-1934-1956/,texto-completo-en-linea,media,"Guía en francés del Haiti Lab de Duke que lista textos haitianos del período en dLOC (Vincent, Bellegarde, Rigaud, Fignolé, Charlier-Paul, Alcindor), para estudiantes e investigadores. Fiabilidad media: Guía curada de textos haitianos digitalizados en dLOC, con enlaces directos; no es una fuente histórica en sí. Afirmaciones: A-192. Verificación: descargada-y-leida (texto-completo-en-linea). Consulta 2026-10-06."
F-0326,divulgacion,AlterPresse (agencia haitiana alternativa de prensa),AlterPresse (spip.php?article13563 y article6524): artículos sobre 1937 localizados por búsqueda y bloqueados por cortafuegos,—,fr,haitiana,M13,https://alterpresse.org/spip.php?article13563,localizada-bloqueada,media,"AlterPresse, Port-au-Prince; agencia de prensa de tradición progresista haitiana. Fiabilidad media: No se leyó contenido: el cortafuegos del sitio rechazó la petición. Afirmaciones: ninguna. Verificación: fallo-fetch (localizada-bloqueada). Consulta 2026-10-06. URL alternativas: https://www.alterpresse.org/spip.php?article6524."
F-0327,primaria,Congreso Nacional de la República Dominicana (Cámara de Diputados y Senado),"Resolución del Congreso Nacional que agradece al gobierno y pueblo haitianos los homenajes tributados a Trujillo en su visita oficial a Haití (13-XI-1934) — Senado, Expediente 1798",1934,es,oficial-rd,M13,https://memoriahistorica.senadord.gob.do/bitstreams/8404ef0f-853b-4bb0-9a9a-e54b56715389/download,texto-completo-en-linea,alta,Expediente del Senado dominicano con el proyecto aprobado por la Cámara de Diputados el 13-XI-1934 y remitido al Poder Ejecutivo; muestra la política oficial de amistad con Haití en la fase prohaitiana descrita por Turits. Fiabilidad alta: Resolución legislativa original (Resolución n.º 783) cuyo texto OCR es legible; el sesgo es el de un congreso sometido a Trujillo. Afirmaciones: A-181. Verificación: descargada-y-leida (texto-completo-en-linea). Consulta 2026-10-06. URL alternativas: https://memoriahistorica.senadord.gob.do/handle/123456789/37938.
F-0328,primaria,Presidencia de la República Dominicana; Congreso Nacional,"Mensaje del Poder Ejecutivo y ley que designa ""Presidente Vincent"" la carretera Monte Cristi-Dajabón (7-IV-1936) — Senado, Expediente 2082",1936,es,oficial-rd,M13,https://memoriahistorica.senadord.gob.do/bitstreams/d3d530b6-f3f0-4b99-a90f-7b55b01fdaea/download,texto-completo-en-linea,alta,"Mensaje de Trujillo al Congreso (7-IV-1936) tras la ratificación del Protocolo, para bautizar con el nombre del presidente haitiano la carretera recién construida entre San Fernando de Monte Cristi y la común fronteriza de Dajabón. Fiabilidad alta: Mensaje y proyecto originales del expediente (Ley n.º 1089); texto OCR legible. Afirmaciones: A-181. Verificación: descargada-y-leida (texto-completo-en-linea). Consulta 2026-10-06. URL alternativas: https://memoriahistorica.senadord.gob.do/handle/123456789/33886."
F-0329,primaria,República Dominicana. Secretaría de Estado de Relaciones Exteriores,"Memoria 1934 de la Secretaría de Estado de Relaciones Exteriores (publicada en 1935): visita de Trujillo a Haití (noviembre de 1934), discursos de Vincent y de Trujillo en el Palacio Nacional de Puerto Príncipe",1935,es,oficial-rd,M13,https://memoriahistorica.senadord.gob.do/bitstreams/cf719fa6-1d13-44b2-b0cf-de4f62132841/download,pdf-en-linea,media,"Memoria anual del ministerio de Relaciones Exteriores presentada al Congreso; incluye los discursos pronunciados en el Palacio Nacional de Puerto Príncipe con ocasión de la primera visita de Trujillo a Haití (noviembre de 1934). Fiabilidad media: Informe anual oficial que transcribe los discursos; es primario y la imagen es legible, pero la selección es propagandística y el OCR del repositorio es deficiente. Afirmaciones: A-181. Verificación: descargada-y-leida (pdf-en-linea). Consulta 2026-10-06. URL alternativas: https://memoriahistorica.senadord.gob.do/handle/123456789/71278; https://memoriahistorica.senadord.gob.do/bitstreams/b8190a4f-88aa-40f6-a504-21a090fa8934/download."
F-0330,primaria,República Dominicana. Secretaría de Estado de Relaciones Exteriores,Memoria 1935 de la Secretaría de Estado de Relaciones Exteriores (publicada en 1936): visita oficial del presidente Vincent a la República Dominicana (26-II a 1-III-1935) y publicación del Acuerdo fronterizo en la Gaceta Oficial n.º 4773,1936,es,oficial-rd,M13,https://memoriahistorica.senadord.gob.do/bitstreams/e0668b4c-4e2c-4f97-8785-298734daa402/download,pdf-en-linea,media,"Memoria anual del ministerio dominicano de Relaciones Exteriores que describe la visita de Vincent del 26-II al 1-III-1935 como devolución de la visita de Trujillo de noviembre de 1934 y como culminación de las conversaciones de Dajabón-Ouanaminthe (1933) y Puerto Príncipe (1934); reproduce el comu… Fiabilidad media: Fuente oficial primaria con imagen legible (PDF de 59 páginas) y OCR deficiente en el paquete TEXT; el relato es el del gobierno anfitrión. Afirmaciones: A-177, A-181. Verificación: descargada-y-leida (pdf-en-linea). Consulta 2026-10-06. URL alternativas: https://memoriahistorica.senadord.gob.do/handle/123456789/71279; https://memoriahistorica.senadord.gob.do/bitstreams/33243023-4ad6-404b-9250-872c14a204d4/download."
F-0331,primaria,"República Dominicana. Secretaría de Estado de Relaciones Exteriores (J. Ortega Frier; en octubre de 1937, J. Balaguer interino)","Memoria 1937 de la Secretaría de Estado de Relaciones Exteriores (publicada en 1938): expediente oficial dominicano del ""incidente"" fronterizo de octubre de 1937, comunicado del 15-X-1937, mediación, Acuerdo de Washington",1938,es,oficial-rd,M13,https://memoriahistorica.senadord.gob.do/bitstreams/fb758947-8710-42c2-931f-5f102ffb3eb8/download,texto-completo-en-linea,media,"Memoria anual del ministerio de Relaciones Exteriores presentada en 1938. Fiabilidad media: Compila documentos diplomáticos auténticos (comunicado, notas, memorándum, entrevista de Trujillo) pero los enmarca con la tesis oficial; el OCR (837 KB de texto) tiene… Afirmaciones: A-165, A-172, A-175, A-179, A-183. Verificación: descargada-y-leida (texto-completo-en-linea). Consulta 2026-10-06. URL alternativas: https://memoriahistorica.senadord.gob.do/handle/123456789/71281."
F-0332,primaria,República Dominicana (Poder Ejecutivo y Congreso Nacional),"Gaceta Oficial de la República Dominicana, Año LVIII, nos. 5081-5111 (octubre-diciembre de 1937): Resolución n.º 1138 (voto de solidaridad con la política internacional de Trujillo) y decreto n.º 2057 bis (Ortega Frier, encargado de Relaciones Exteriores)",1937,es,oficial-rd,M13,https://memoriahistorica.senadord.gob.do/bitstreams/bb9db0b3-6925-49fe-bab2-b1c61af5ce0c/download,texto-completo-en-linea,alta,"Gaceta Oficial del último trimestre de 1937 (927 KB de texto OCR sobre 62 MB de PDF). Fiabilidad alta: Diario oficial del Estado; los textos de leyes y decretos son los publicados, con OCR de calidad media. Afirmaciones: A-172, A-175, A-184. Verificación: descargada-y-leida (texto-completo-en-linea). Consulta 2026-10-06. URL alternativas: https://memoriahistorica.senadord.gob.do/handle/123456789/71143."
F-0333,primaria,Presidencia de la República (Jacinto B. Peynado); Congreso Nacional de la República Dominicana,"Mensaje del presidente Peynado (23-II-1939) y resolución que aprueba el acto transaccional dominico-haitiano del 16-II-1939 (pago final de 275.000 en lugar de 500.000) — Senado, Expediente 2622",1939,es,oficial-rd,M13,https://memoriahistorica.senadord.gob.do/bitstreams/72669ff6-4f3d-4e40-a811-19fe416543be/download,pdf-en-linea,alta,"Expediente del Senado (Resolución n.º 82, 6-III-1939) con el mensaje del presidente Jacinto B. Fiabilidad alta: Mensaje mecanografiado y legible (PDF de 18 páginas) del Ejecutivo con la explicación de la liquidación; primaria para la cifra de 525.000 USD, redactada por la parte pa… Afirmaciones: A-176. Verificación: descargada-y-leida (pdf-en-linea). Consulta 2026-10-06. URL alternativas: https://memoriahistorica.senadord.gob.do/handle/123456789/37990; https://memoriahistorica.senadord.gob.do/bitstreams/a6cc3b18-8cb4-4cb0-89f0-ae238427ed64/download."
F-0334,primaria,República Dominicana. Secretaría de Estado de Relaciones Exteriores,Memoria 1938 de la Secretaría de Estado de Relaciones Exteriores (publicada en 1939): Conferencia de Évian y declaración de la delegación dominicana,1939,es,oficial-rd,M13,https://memoriahistorica.senadord.gob.do/bitstreams/1b3b0c9e-bd74-4b8c-9a4b-dd865e904b27/download,texto-completo-en-linea,media,Memoria anual del ministerio dominicano de Relaciones Exteriores con el informe de la delegación presidida por Virgilio Trujillo Molina (decreto n.º 2280 del 23-V-1938) en el Comité Intergubernamental de Évian (6-15 de julio de 1938) y el texto de la declaración que presentó Santo Domingo. Fiabilidad media: Transcribe la declaración dominicana en Évian y la resolución de la conferencia; el relato circundante es propaganda oficial. Afirmaciones: A-185. Verificación: descargada-y-leida (texto-completo-en-linea). Consulta 2026-10-06. URL alternativas: https://memoriahistorica.senadord.gob.do/handle/123456789/71283.
F-0335,primaria,República Dominicana / Haití (plenipotenciarios Despradel y Paulino Álvarez; Laleau y Noël),"Modus Operandi dominico-haitiano (Puerto Príncipe, 21-XI-1939), aprobado por la Ley n.º 199 (Gaceta Oficial n.º 5395, 20-XII-1939) — Senado, Expediente 2730 y MIREX",1939,es,oficial-rd,M13,https://mirex.gob.do/wp-content/uploads/2024/07/9.-Haiti_modus-operandi.pdf,pdf-en-linea,alta,"Instrumento previsto en el art. X del Acuerdo de Washington de 1938 que reglamenta la admisión en la frontera, la repatriación de irregulares y las sanciones; firmado el 21-XI-1939 y aprobado por el Congreso dominicano en diciembre de 1939. Fiabilidad alta: Texto oficial del instrumento bilateral (PDF limpio de MIREX y expediente del Senado con el mensaje de Trujillo). Afirmaciones: A-177, A-185, A-186, A-187. Verificación: descargada-y-leida (pdf-en-linea). Consulta 2026-10-06. URL alternativas: https://memoriahistorica.senadord.gob.do/bitstreams/9e94c1c6-de67-4f14-a73c-58bc9ef25bc4/download; https://mirex.gob.do/tratados/modus-operandi-con-la-republica-de-haiti/."
F-0336,primaria,República Dominicana. Secretaría de Estado de Relaciones Exteriores,Memoria 1941 de la Secretaría de Estado de Relaciones Exteriores (publicada en 1942): entrevista Trujillo-Lescot en Elías Piña (4-IX-1941) y comunicado haitiano sobre incursiones,1942,es,oficial-rd,M13,https://memoriahistorica.senadord.gob.do/bitstreams/2a9aad15-d7e7-4925-a2c8-6a0644bf7bc8/download,texto-completo-en-linea,media,"Memoria anual del ministerio dominicano de 1941. Fiabilidad media: Informe oficial con transcripción de un comunicado haitiano; relato del gobierno que protestaba. Afirmaciones: A-172, A-182, A-187. Verificación: descargada-y-leida (texto-completo-en-linea). Consulta 2026-10-06. URL alternativas: https://memoriahistorica.senadord.gob.do/handle/123456789/71286."
F-0337,primaria,Congreso Nacional de la República Dominicana,"Leyes de dominicanización del trabajo (Ley 597 de 1933, Exp. 1618; Ley 51 de 1938, Exp. 2588): cuota del 70 por ciento de personal dominicano y excepción de los braceros agrícolas",1933-1938,es,oficial-rd,M13,https://memoriahistorica.senadord.gob.do/bitstreams/3c962539-5461-4126-8ef7-a2a63a083886/download,texto-completo-en-linea,alta,"Expedientes del Senado con la Ley 597 (30-X-1933), la 837 (1935) y la Ley 51 de ""dominicanización del trabajo"" (15-XII-1938). Fiabilidad alta: Textos legislativos originales de los expedientes; OCR de calidad variable. Afirmaciones: A-185, A-186, A-187. Verificación: descargada-y-leida (texto-completo-en-linea). Consulta 2026-10-06. URL alternativas: https://memoriahistorica.senadord.gob.do/bitstreams/91f97011-a629-4f4d-ae73-c88231fbbd0c/download; https://memoriahistorica.senadord.gob.do/bitstreams/a3f8d33e-06fd-4451-a3e8-a2f0b02edaca/download."
F-0338,primaria,"República Dominicana / Haití (Trujillo Molina; Magloire; plenipotenciarios Díaz Ordóñez, Castillo y Richard)","Acuerdo sobre la contratación en Haití y la entrada a la República Dominicana de jornaleros temporeros haitianos (Ciudad Trujillo, 5-I-1952), con formulario de contrato y notas — Senado, Expediente 5871",1952,es,oficial-rd,M13,https://memoriahistorica.senadord.gob.do/bitstreams/47a6be2e-b2ab-4eba-947e-6242aadf857d/download,texto-completo-en-linea,alta,"Expediente con el mensaje de Trujillo (28-I-1952) y el texto del Acuerdo suscrito en Ciudad Trujillo el 5-I-1952, en vigor provisional desde su firma por canje de notas; recoge la declaración conjunta de Trujillo y Magloire del 19-II-1951 en la frontera. Fiabilidad alta: Texto íntegro del convenio y del mensaje de Trujillo en el expediente legislativo (Resolución n.º 3200, 28-I-1952); OCR legible. Afirmaciones: A-186, A-187. Verificación: descargada-y-leida (texto-completo-en-linea). Consulta 2026-10-06. URL alternativas: https://memoriahistorica.senadord.gob.do/handle/123456789/38830; https://memoriahistorica.senadord.gob.do/bitstreams/645530fe-01f6-4607-88de-361f58e2cf14/download."
F-0339,primaria,"Presidencia de la República Dominicana (Héctor B. Trujillo Molina, presidente nominal; Rafael L. Trujillo Molina, Generalísimo)","Mensajes anuales de Trujillo y de Héctor B. Trujillo al Congreso Nacional (27 de febrero de 1944, 1951, 1953, 1958 y 1959): campaña de dominicanización fronteriza, entrevistas con Magloire y Duvalier, Acuerdo de braceros de 1952",1953; 1958; 1959,es,oficial-rd,M13,https://memoriahistorica.senadord.gob.do/bitstreams/11854427-6bd0-4484-9027-98633bccb4b2/download,texto-completo-en-linea,media,"Rendiciones de cuentas anuales ante el Congreso (27 de febrero), tres de ellas leídas: la de 1953 (gestión de 1952, Héctor B. Fiabilidad media: Informes de gestión oficiales con cifras y fechas auténticas pero presentadas como rendición de cuentas de un régimen autoritario; OCR bueno. Afirmaciones: A-180, A-181, A-186, A-187. Verificación: descargada-y-leida (texto-completo-en-linea). Consulta 2026-10-06. URL alternativas: https://memoriahistorica.senadord.gob.do/bitstreams/b635e650-019e-4961-a919-c27e0033bddf/download; https://memoriahistorica.senadord.gob.do/bitstreams/f37a1dc8-dfee-4adb-952c-13d2da198280/download; https://memoriahistorica.senadord.gob.do/bitstreams/b637f78c-b71c-4f56-a8b6-0ebc78c9320f/download."
F-0340,primaria,Congreso Nacional de la República Dominicana,"Ley n.º 5047 (4-XII-1958) que dispone un monumento a la ""delimitación definitiva de nuestra frontera de occidente y a la completa dominicanización de las tierras aledañas"" — Senado, Expediente 7534",1958,es,oficial-rd,M13,https://memoriahistorica.senadord.gob.do/bitstreams/760f33ea-c3d6-420c-b999-553a8ee37436/download,texto-completo-en-linea,alta,"Expediente del Senado con la comunicación del 4-XII-1958 y el proyecto de ley aprobado por ambas cámaras; documento tardío de la política oficial de ""dominicanización de la frontera"" proclamada por Peña Batlle en 1942. Fiabilidad alta: Ley original (solo la nota de transmisión es legible en el OCR); la formulación oficial es nítida. Afirmaciones: A-180. Verificación: descargada-y-leida (texto-completo-en-linea). Consulta 2026-10-06. URL alternativas: https://memoriahistorica.senadord.gob.do/handle/123456789/42502."
F-0341,primaria,Presidencia de la República Dominicana (Trujillo); Senado,"Nombramiento de Manuel A. Peña Batlle como Embajador Extraordinario y Plenipotenciario en Haití (28-XII-1946) — Senado, Expediente 4448",1946-1947,es,oficial-rd,M13,https://memoriahistorica.senadord.gob.do/bitstreams/04af202f-88a1-4b6e-806b-b6a76640bfd8/download,texto-completo-en-linea,alta,"Mensaje de la Secretaría de Estado de la Presidencia al Senado (28-XII-1946) y oficio de aprobación del Senado (7-I-1947) sobre el nombramiento diplomático de Peña Batlle, el ideólogo de la ""dominicanización de la frontera"". Fiabilidad alta: Documento administrativo oficial; OCR deficiente pero con el contenido recuperable. Afirmaciones: A-179, A-180. Verificación: descargada-y-leida (texto-completo-en-linea). Consulta 2026-10-06. URL alternativas: https://memoriahistorica.senadord.gob.do/handle/123456789/38355."
F-0342,primaria,Asamblea Nacional de la República Dominicana,"Constituciones de la República Dominicana de 1929, 1934, 1942, 1947 y 1955: nacionalidad por nacimiento y excepción de los hijos de extranjeros ""en tránsito"" (art. 8; art. 12 en 1955)",1929-1955,es,oficial-rd,M12;M13;M14;M16,https://memoriahistorica.senadord.gob.do/bitstreams/069238be-94bd-4ae0-aca5-1480822f1306/download,texto-completo-en-linea,alta,"Constituciones promulgadas bajo Trujillo y su antecedente de 1929, tal como las conserva el repositorio del Senado. Fiabilidad alta: Textos constitucionales oficiales con OCR legible en los artículos citados. Afirmaciones: ninguna. Verificación: descargada-y-leida (texto-completo-en-linea). Consulta 2026-10-06. URL alternativas: https://memoriahistorica.senadord.gob.do/bitstreams/f787c0b4-5efc-4623-9cca-279278072f0c/download; https://memoriahistorica.senadord.gob.do/bitstreams/a29d9a3f-4253-4ebc-866d-14b3666b710e/download; https://memoriahistorica.senadord.gob.do/bitstreams/7b49e5cb-6ba4-40d1-9ccd-203abfc5a26e/download."
F-0343,primaria,"Balaguer, Joaquín","La realidad dominicana: semblanza de un país y de un régimen (Buenos Aires, Ferrari Hermanos, 1947)",1947,es,dominicana,M00;M13,https://archive.org/download/la-realidad-dominicana-semblanza-de-un-pais-y-de-un-regimen-j/La_realidad_dominicana_Semblanza_de_un_pai%CC%81s_y_de_un_re%CC%81gimen%2C_J_djvu.txt,texto-descargado,alta,"Libro de Joaquín Balaguer, publicado en Buenos Aires en 1947, con un prólogo tomado del veredicto del jurado de un concurso del Ateneo Dominicano; sistematiza la política de población y de ""nacionalización de las fronteras"" del régimen. Fiabilidad alta: Texto íntegro de la edición original (356 KB de OCR) de la obra ideológica del régimen; autenticidad bibliográfica alta, contenido de parte. Afirmaciones: A-174, A-179, A-180. Verificación: descargada-y-leida (texto-descargado). Consulta 2026-10-06. URL alternativas: https://archive.org/details/la-realidad-dominicana-semblanza-de-un-pais-y-de-un-regimen-j."
F-0344,primaria,Departamento de Estado de EE. UU. (Foreign Relations of the United States),"FRUS 1944, vol. VII (Western Hemisphere), cap. 7: Efforts of the United States to improve relations between the Dominican Republic and Haiti (documentos 143-158, febrero-marzo de 1944)",1944,en,oficial-eeuu,M13,https://raw.githubusercontent.com/HistoryAtState/frus/master/volumes/frus1944v07.xml,texto-descargado,alta,"Volumen XML TEI (9,9 MB; id d143-d158 en el cap. Fiabilidad alta: Selección oficial de documentos diplomáticos publicada por el Departamento de Estado; la perspectiva es estadounidense y la selección es editorial. Afirmaciones: A-186, A-187. Verificación: descargada-y-leida (texto-descargado). Consulta 2026-10-06. URL alternativas: https://history.state.gov/historicaldocuments/frus1944v07/d150; https://history.state.gov/historicaldocuments/frus1944v07/d158."
F-0345,primaria,Departamento de Estado de EE. UU. (Foreign Relations of the United States),"FRUS 1949, vol. II: crisis Haití-República Dominicana de febrero-marzo de 1949 (caso Roland), docs. 274-280",1949,en,oficial-eeuu,M13,https://raw.githubusercontent.com/HistoryAtState/frus/master/volumes/frus1949v02.xml,texto-descargado,alta,"Volumen XML TEI (5,2 MB). Telegramas de DeCourcy (embajador en Puerto Príncipe) y memorándum de la conversación Webb-Charles (9-III-1949) sobre las emisiones radiales del exiliado Astrel Roland desde territorio dominicano contra el presidente Estimé. Fiabilidad alta: Selección oficial de documentos diplomáticos publicada por el Departamento de Estado; la perspectiva es estadounidense y la selección es editorial. Afirmaciones: ninguna. Verificación: descargada-y-leida (texto-descargado). Consulta 2026-10-06. URL alternativas: https://history.state.gov/historicaldocuments/frus1949v02/d274; https://history.state.gov/historicaldocuments/frus1949v02/d278."
F-0346,primaria,Departamento de Estado de EE. UU. (Foreign Relations of the United States),"FRUS 1950, vol. II: cargos de Haití ante la OEA por el complot dominicano de diciembre de 1949 (docs. 338-346)",1950,en,oficial-eeuu,M13,https://raw.githubusercontent.com/HistoryAtState/frus/master/volumes/frus1950v02.xml,texto-descargado,alta,"Volumen XML TEI (7,0 MB). Memorándum de Miller al Secretario de Estado (5-I-1950) sobre los cargos haitianos de complot dominicano y declaraciones del encargado de negocios dominicano en Puerto Príncipe que desertó (Rodríguez Lora). Fiabilidad alta: Selección oficial de documentos diplomáticos publicada por el Departamento de Estado; la perspectiva es estadounidense y la selección es editorial. Afirmaciones: ninguna. Verificación: descargada-y-leida (texto-descargado). Consulta 2026-10-06. URL alternativas: https://history.state.gov/historicaldocuments/frus1950v02/d338; https://history.state.gov/historicaldocuments/frus1950v02/d340."
F-0347,primaria,Departamento de Estado de EE. UU. (Foreign Relations of the United States),"FRUS 1951, vol. II: declaraciones de política del Departamento de Estado sobre Haití (16-IV-1951, doc. 808) y República Dominicana (9-X-1951, doc. 786)",1951,en,oficial-eeuu,M13,https://raw.githubusercontent.com/HistoryAtState/frus/master/volumes/frus1951v02.xml,texto-descargado,alta,Volumen XML TEI (11 MB). Declaraciones de política redactadas en el Departamento de Estado como base de la política hacia Haití y la República Dominicana; la de Haití describe las relaciones con Trujillo y Magloire. Fiabilidad alta: Selección oficial de documentos diplomáticos publicada por el Departamento de Estado; la perspectiva es estadounidense y la selección es editorial. Afirmaciones: ninguna. Verificación: descargada-y-leida (texto-descargado). Consulta 2026-10-06. URL alternativas: https://history.state.gov/historicaldocuments/frus1951v02/d808; https://history.state.gov/historicaldocuments/frus1951v02/d786.
F-0348,primaria,Departamento de Estado de EE. UU. (Foreign Relations of the United States),"FRUS 1952-1954, vol. IV (American Republics), Haití: informes de la embajada (docs. 529 y 541)",1952-1954,en,oficial-eeuu,M13,https://raw.githubusercontent.com/HistoryAtState/frus/master/volumes/frus1952-54v04.xml,texto-descargado,alta,Volumen XML TEI (11 MB). Informe trimestral del encargado de negocios de EE. UU. en Haití (31-XII-1952) y memorándum sobre Haití (10-XI-1954). Fiabilidad alta: Selección oficial de documentos diplomáticos publicada por el Departamento de Estado; la perspectiva es estadounidense y la selección es editorial. Afirmaciones: ninguna. Verificación: descargada-y-leida (texto-descargado). Consulta 2026-10-06. URL alternativas: https://history.state.gov/historicaldocuments/frus1952-54v04/d529; https://history.state.gov/historicaldocuments/frus1952-54v04/d541.
F-0349,primaria,Departamento de Estado de EE. UU. (Office of the Historian),"Foreign Relations of the United States, 1958-1960, vol. V (American Republics): docs. 83, 90, 122 (SNIE 80-59) y 309",1958-1960,en,oficial-eeuu,M13,https://raw.githubusercontent.com/HistoryAtState/frus/master/volumes/frus1958-60v05.xml,texto-descargado,alta,"Volumen XML TEI (5,4 MB). Memorándum de conversaciones y documentos de contexto de la crisis del Caribe de 1959 y nota editorial de síntesis de la relación EE. UU.-Haití. Fiabilidad alta: Selección oficial de documentos diplomáticos publicada por el Departamento de Estado; la perspectiva es estadounidense y la selección es editorial. Afirmaciones: A-187. Verificación: descargada-y-leida (texto-descargado). Consulta 2026-10-06. URL alternativas: https://history.state.gov/historicaldocuments/frus1958-60v05/d90; https://history.state.gov/historicaldocuments/frus1958-60v05/d83; https://history.state.gov/historicaldocuments/frus1958-60v05/d122."
F-0350,primaria,"Le Nouvelliste (Ernest G. Chauvet, director-propietario)","Le Nouvelliste (Port-au-Prince), números del 13-X-1937 al 4-II-1938: editorial ""Le malheureux incident de la frontière"", comunicado del 15-X-1937, estimaciones de víctimas, ayuda a los ""rescapés"", texto francés del Acuerdo de Washington",1937-1938,fr,haitiana,M13,https://ufdcimages.uflib.ufl.edu/UF/00/00/00/81/03153/UF00000081_03153.pdf,pdf-en-linea,media,"Diario de Port-au-Prince fundado en 1896, de línea oficialista moderada. Fiabilidad media: Diario haitiano de la capital, copia digitalizada del original (dLOC/UF); los hechos que narra son de segunda mano, con cautela editorial y censura previa de hecho; las… Afirmaciones: A-165, A-166, A-167, A-172, A-175, A-176, A-181, A-190, A-192. Verificación: descargada-y-leida (pdf-en-linea). Consulta 2026-10-06. URL alternativas: https://ufdcimages.uflib.ufl.edu/UF/00/00/00/81/03156/UF00000081_03156.pdf; https://ufdcimages.uflib.ufl.edu/UF/00/00/00/81/03171/UF00000081_03171.pdf; https://ufdcimages.uflib.ufl.edu/UF/00/00/00/81/03183/UF00000081_03183.pdf."
F-0351,primaria,Pan American Union (Washington),"Bulletin of the Pan American Union, vol. 72 (febrero y marzo de 1938): cronología de octubre de 1937 y ""Settlement of the Dominican-Haitian Controversy"" (con el Acta Final de la Comisión Permanente de Washington, 31-I-1938)",1938,en,internacional,M13,https://archive.org/download/sim_bulletin-of-the-pan-american-union_1938-03_72_3/sim_bulletin-of-the-pan-american-union_1938-03_72_3_djvu.txt,texto-descargado,alta,"Revista mensual de la Unión Panamericana (antecesora de la OEA). Fiabilidad alta: Revista oficial de la organización interamericana; la crónica sigue documentos oficiales y es neutral en tono; carece de relato de las muertes. Afirmaciones: A-165, A-175, A-176. Verificación: descargada-y-leida (texto-descargado). Consulta 2026-10-06. URL alternativas: https://archive.org/download/sim_bulletin-of-the-pan-american-union_1938-02_72_2/sim_bulletin-of-the-pan-american-union_1938-02_72_2_djvu.txt; https://archive.org/details/sim_bulletin-of-the-pan-american-union_1938-03_72_3."
F-0352,primaria,Organización de los Estados Americanos (Unión Panamericana),"Organization of American States, Annals, vol. I n.º 3 (1949) y vol. II (1950): Declaración Conjunta de Haití y la República Dominicana (9-VI-1949) y examen por el Consejo de los cargos haitianos de 1949-1950",1949-1950,en,internacional,M13,https://archive.org/download/sim_organization-of-american-states-annals_1949_1_3/sim_organization-of-american-states-annals_1949_1_3_djvu.txt,texto-descargado,alta,Órgano oficial del Consejo de la OEA. El n.º 3 de 1949 (vol. 1) transcribe el texto de la Declaración Conjunta de los gobiernos de Haití y de la República Dominicana tras la mediación de la Comisión Interamericana de Métodos para la Solución Pacífica de Conflictos; el vol. 2 de 1950 recoge los carg… Fiabilidad alta: Publicación oficial de la OEA con los textos de las resoluciones y declaraciones tal como se aprobaron. Afirmaciones: ninguna. Verificación: descargada-y-leida (texto-descargado). Consulta 2026-10-06. URL alternativas: https://archive.org/details/sim_organization-of-american-states-annals_1949_1_3; https://archive.org/details/sim_organization-of-american-states-annals_1950_2_3.
F-0353,primaria,Embajada de EE. UU. en Haití (Orme Wilson); agregado naval Lt. Cdr. Taylor,"Despacho n.º 876 de la Embajada de EE. UU. en Puerto Príncipe: ""Situation on the Haitian-Dominican frontier"" (7-VII-1945), con memorándum del agregado naval sobre Ouanaminthe",1945,en,oficial-eeuu,M13,https://archive.org/download/cia-readingroom-document-cia-rdp08c01297r000300250008-6/cia-rdp08c01297r000300250008-6_djvu.txt,texto-descargado,media,Despacho enviado al Departamento de Estado (7-VII-1945) con un memorándum del agregado naval sobre su visita a Ouanaminthe; digitalizado por la CIA Reading Room (RDP08C01297R000300250008-6) y subido a archive.org. Fiabilidad media: Despacho diplomático auténtico desclasificado (CIA Reading Room); relata una visita breve y de segunda mano. Afirmaciones: A-181. Verificación: descargada-y-leida (texto-descargado). Consulta 2026-10-06. URL alternativas: https://archive.org/download/cia-readingroom-document-cia-rdp08c01297r000300250008-6/cia-rdp08c01297r000300250008-6.pdf.
F-0354,primaria,"Embajada de EE. UU. en la República Dominicana (Charles R. Burrows, encargado de negocios a.i.)","Despacho n.º 1208 de la Embajada de EE. UU. en Ciudad Trujillo: ""Two articles from La Nación on Haitian-Dominican frontier question"" (9-X-1947)",1947,en,oficial-eeuu,M13,https://archive.org/download/cia-readingroom-document-cia-rdp08c01297r000300250007-7/cia-rdp08c01297r000300250007-7.pdf,pdf-en-linea,alta,"Despacho del encargado de negocios de EE. Fiabilidad alta: Despacho oficial mecanografiado y legible, desclasificado; es un resumen de editoriales del órgano oficial La Nación. Afirmaciones: A-172, A-180. Verificación: descargada-y-leida (pdf-en-linea). Consulta 2026-10-06. URL alternativas: https://archive.org/download/cia-readingroom-document-cia-rdp08c01297r000300250007-7/cia-rdp08c01297r000300250007-7_djvu.txt."
F-0355,primaria,"""M. B."" (Workers Age, órgano del Communist Party [Majority Group], Nueva York)","""With God and Trujillo!"" (Workers Age, vol. 7, n.º 4, 22-I-1938, p. 3)",1938,en,internacional,M13,https://www.marxists.org/history/dominican-republic/1938/god-trujillo.htm,texto-completo-en-linea,baja,"Artículo del semanario Workers Age (22-I-1938) transcrito por Marxists Internet Archive en 2014. Fiabilidad baja: Artículo de prensa partidista de enero de 1938, sin fuente identificada para las cifras, aunque es de los primeros textos estadounidenses que dan un número. Afirmaciones: A-165, A-167. Verificación: descargada-y-leida (texto-completo-en-linea). Consulta 2026-10-06."
F-0356,primaria,"Machado Báez, Manuel A.","La dominicanización fronteriza (Ciudad Trujillo, 1955) — serie ""25 años"" de la Era de Trujillo",1955,es,oficial-rd,M13,https://dloc.com/UF00078440/00001,localizada-bloqueada,media,"Libro publicado en el marco de las celebraciones de los 25 años de la Era de Trujillo (1955), citado por Paulino en la exposición ""Island Luminous"" de FIU como una de las pocas fuentes con estadísticas gubernamentales de la ""dominicanización"" de la frontera. Fiabilidad media: Publicación oficial del régimen de 1955 con estadísticas de la política fronteriza; no se pudo leer. Afirmaciones: A-180. Verificación: solo-localizada (localizada-bloqueada). Consulta 2026-10-06. URL alternativas: https://islandluminous.fiu.edu/part09-slide05-images.html."
F-0357,secundaria,"Paulino, Edward","Anti-Haitianism, Historical Memory, and the Potential for Genocidal Violence in the Dominican Republic",2006,en,internacional,M13,https://digitalcommons.usf.edu/gsp/vol1/iss3/5/,pdf-en-linea,media,"Edward Paulino (historiador dominicano-estadounidense, John Jay College, CUNY; cofundador de Border of Lights en 2012) lo publicó en Genocide Studies and Prevention 1:3 (diciembre de 2006), tras las expulsiones masivas de haitianos de 2005. Fiabilidad media: Artículo revisado por pares de un historiador con tesis doctoral y archivo sobre el tema, pero escrito con propósito de alerta preventiva y con cifras remitidas a otras… Afirmaciones: A-165, A-166, A-167, A-168, A-169, A-171, A-172, A-176, A-179, A-186, A-190, A-192. Verificación: descargada-y-leida (pdf-en-linea). Consulta 2026-10-06. URL alternativas: http://web.archive.org/web/20240301093133id_/https://digitalcommons.usf.edu/cgi/viewcontent.cgi?article=1230&context=gsp; https://digitalcommons.usf.edu/cgi/viewcontent.cgi?article=1230&context=gsp; https://doi.org/10.3138/7864-3362-3r24-6231."
F-0358,secundaria,"Paulino, Edward","Dominican Republic: Bearing Witness to a Modern Genocide (Berkeley Review of Latin American Studies, primavera-otoño de 2016)",2016,en,internacional,M13,https://clas.berkeley.edu/sites/default/files/publications/brlas2016-paulino.pdf,pdf-en-linea,media,"Edward Paulino (John Jay College, CUNY; cofundador de Border of Lights) resume en tres páginas su conferencia del 16-II-2016 en el Center for Latin American Studies de UC Berkeley, a partir de su libro Dividing Hispaniola (Pitt, 2016). Fiabilidad media: Texto divulgativo de un especialista (resumen de su conferencia de febrero de 2016 y de su libro), sin aparato de notas; útil por la cita de Dajabón y por la síntesis de… Afirmaciones: A-165, A-168, A-170, A-171, A-172, A-173, A-174, A-179, A-181, A-182, A-183, A-186, A-187. Verificación: descargada-y-leida (pdf-en-linea). Consulta 2026-10-06. URL alternativas: https://clacs.berkeley.edu/node/962; https://clacs.berkeley.edu/publications/dominican-republic-bearing-witness-modern-genocide."
F-0359,secundaria,"Paulino, Edward Ramon","Birth of a Boundary: Blood, Cement, and Prejudice and the Making of the Dominican-Haitian Border, 1937-1961 (tesis doctoral)",2001,en,internacional,M13,https://d.lib.msu.edu/etd/30931/OBJ/download,pdf-en-linea,alta,"Edward Paulino (dominicano-estadounidense, hoy John Jay College/CUNY), Michigan State University. Fiabilidad alta: Tesis doctoral (Michigan State University, aprobada el 15-VIII-2001) con archivo (AGN, FDR Library, NARA), entrevistas en la frontera y bibliografía; precedente del libr… Afirmaciones: A-165, A-169, A-172, A-176, A-179, A-180, A-181, A-186, A-188, A-189, A-190, A-191, A-192. Verificación: descargada-y-leida (pdf-en-linea). Consulta 2026-10-06."
F-0360,secundaria,"Álvarez López, Luis","Reseña de Edward Paulino, Dividing Hispaniola: The Dominican Republic's Border Campaign against Haiti, 1930-1961 (Memorias. Revista Digital de Historia y Arqueología desde el Caribe, 29, pp. I-XVII)",2016,es,internacional,M13,https://www.redalyc.org/pdf/855/85549612010.pdf,via-resena,media,"Luis Álvarez López (PhD en Estudios Latinoamericanos, NYU; formado en la Universidad Interamericana de Puerto Rico y Río Piedras; con investigaciones conjuntas con el AGN de la República Dominicana, según su nota biográfica) reseñó el libro de Paulino para Memorias (Universidad del Norte, Barranqui… Fiabilidad media: Reseña académica extensa y fechada (18 pp.) que cita el libro con número de página, útil como vía de acceso a Dividing Hispaniola; pero es una reseña con juicio propio,… Afirmaciones: A-173, A-176, A-181, A-186, A-189. Verificación: descargada-y-leida (via-resena). Consulta 2026-10-06. URL alternativas: http://www.redalyc.org/articulo.oa?id=85549612010; https://rcientificas.uninorte.edu.co/index.php/memorias/article/view/8791/9587."
F-0361,secundaria,"Paulino, Edward","The 1937 Massacre (Haiti: An Island Luminous, parte IX, diapositiva 5)",—,en,internacional,M13,https://islandluminous.fiu.edu/part09-slide05.html,texto-completo-en-linea,media,"Edward Paulino (entonces profesor asistente en John Jay College, CUNY) escribió la ficha para 'Haiti: An Island Luminous' (FIU), cuando aún no había publicado su libro. Fiabilidad media: Ficha divulgativa breve (unas 350 palabras) de un especialista, con referencias a prensa de época (Le Nouvelliste, 13-X-1937) pero sin notas. Afirmaciones: A-165, A-171, A-180, A-192. Verificación: descargada-y-leida (texto-completo-en-linea). Consulta 2026-10-06. Año: s. f. (c. 2010-2012) [sin verificar]."
F-0362,secundaria,"Derby, Lauren","The Rise of Trujillo (Haiti: An Island Luminous, parte IX, diapositiva 4)",—,en,internacional,M13,https://islandluminous.fiu.edu/part09-slide04.html,texto-completo-en-linea,media,"Lauren Derby (profesora asociada de Historia en UCLA, autora de The Dictator's Seduction) escribió la ficha para 'Haiti: An Island Luminous' (FIU). Fiabilidad media: Ficha divulgativa de una especialista de UCLA; las cifras no llevan base y un dato genealógico difiere de otras fuentes. Afirmaciones: A-169, A-177. Verificación: descargada-y-leida (texto-completo-en-linea). Consulta 2026-10-06. Año: s. f. (c. 2010-2012) [sin verificar]."
F-0363,divulgacion,Island Luminous Editorial Board (Florida International University),"1935 to 1956 (Haiti: An Island Luminous, parte IX, introducción)",—,en,internacional,M13,https://islandluminous.fiu.edu/9.html,texto-completo-en-linea,media,"Texto anónimo (consejo editorial del proyecto 'Haiti: An Island Luminous', FIU) que introduce la sección sobre 1935-1956: Vincent, Lescot, Estimé y Magloire, con enlaces a fichas de especialistas. Fiabilidad media: Introducción breve de un proyecto digital universitario; útil como cronología de la presidencia haitiana, sin notas ni citas. Afirmaciones: A-175, A-181, A-192. Verificación: descargada-y-leida (texto-completo-en-linea). Consulta 2026-10-06. URL alternativas: https://islandluminous.fiu.edu/part09-slide02.html. Año: s. f. (c. 2010-2012) [sin verificar]."
F-0364,secundaria,"Smith, Matthew J.; Nadi, Selim (entrevistador)",Matthew J. Smith: Red & Black in Haiti (entrevista de Selim Nadi; versión inglesa del original publicado en Période),2018,en,internacional,M13,https://www.historicalmaterialism.org/matthew-j-smith-red-black-in-haiti/,texto-completo-en-linea,media,"Matthew J. Smith (historiador del Caribe; afiliación actual [POR VERIFICAR]) responde a Selim Nadi sobre su libro Red & Black in Haiti (UNC Press, 2009). Cubre Lescot, el golpe militar de 1946, el noirismo bajo Estimé y la campaña de 1956-57. Publicada en Historical Materialism el 30-IV-2018 a part… Fiabilidad media: Entrevista con el autor del libro de referencia sobre la política haitiana 1934-1957, publicada en una revista académica de izquierda; buena para el marco, no para datos… Afirmaciones: ninguna. Verificación: descargada-y-leida (texto-completo-en-linea). Consulta 2026-10-06. URL alternativas: https://doi.org/10.5149/9780807894156_smith."
F-0365,secundaria,"Litvak, Lily (reseñista)","Reseña de Médar Serrata, La poética del trujillismo. Épica y Romance en el discurso de «La Era» (Moenia 24, pp. 289-293)",2018,es,internacional,M13,https://revistas.usc.gal/index.php/moenia/article/view/5745/6427,via-resena,media,"Reseña publicada en Moenia (Universidad de Santiago de Compostela, 2018-2019; recibida el 15-XII-2018) del libro de Médar Serrata (Isla Negra, San Juan / Santo Domingo, 2016, 284 pp.), un estudio literario y de discurso sobre Peña Batlle, Balaguer, Tomás Hernández Franco y Ramón Marrero Aristy. Fiabilidad media: Reseña académica breve (5 pp.) que resume con juicio propio un libro de crítica literaria; sirve para ubicar a Peña Batlle y Balaguer, no para fechar ideas. Afirmaciones: A-179, A-180. Verificación: descargada-y-leida (via-resena). Consulta 2026-10-06."
F-0366,secundaria,"Roorda, Eric Paul","Genocide Next Door: The Good Neighbor Policy, the Trujillo Regime, and the Haitian Massacre of 1937 (Diplomatic History 20:3, 301-319)",1996,en,internacional,M13,https://doi.org/10.1111/j.1467-7709.1996.tb00269.x,localizada-bloqueada,media,"Eric Paul Roorda (historiador de las relaciones EE. Fiabilidad media: Artículo revisado por pares, citado por la bibliografía; solo se confirmó su existencia (Crossref) porque el editor devolvió 403 de Cloudflare. Afirmaciones: A-165, A-167, A-175, A-176. Verificación: fallo-fetch (localizada-bloqueada). Consulta 2026-10-06. URL alternativas: https://academic.oup.com/dh/article-lookup/doi/10.1111/j.1467-7709.1996.tb00269.x; https://doi.org/10.1215/9780822398325-006."
F-0367,primaria,Time (sin firma),"DOMINICAN REPUBLIC: Bloody Boundary (Time, 4 de junio de 1945)",1945,en,internacional,M13,"https://content.time.com/time/magazine/article/0,9171,775752,00.html",texto-completo-en-linea,baja,"Nota sin firma de Time del 4-VI-1945, con tono sensacionalista, sobre rumores de 'incidentes' en la frontera dominico-haitiana en plena crisis del gobierno de Lescot; cita a un exiliado dominicano y a un 'oficial haitiano' sin nombre. Fiabilidad baja: Nota breve sin firma de una revista estadounidense de 1945, con testimonios anónimos; es prensa de época, útil como índice de lo que se creía ocho años después, no como… Afirmaciones: A-165, A-179, A-191. Verificación: descargada-y-leida (texto-completo-en-linea). Consulta 2026-10-06. URL alternativas: https://time.com/archive/6772167/dominican-republic-bloody-boundary/."
F-0368,secundaria,"Alfonseca Giner de los Ríos, Juan Bernardo","Las organizaciones ciudadanas del exilio republicano español en la República Dominicana, 1939-1945 (en Interacción de los exilios en América Latina y el Caribe (siglo XX), coord. A. Santana, UNAM-CIALC, pp. 115-123)",2017,es,internacional,M13,https://rilzea.cialc.unam.mx/jspui/bitstream/CIALC_UNAM/CL281/1/IE_AL_C_XX_7.pdf,pdf-en-linea,media,"Juan Alfonseca Giner de los Ríos (investigador del Instituto Superior de Ciencias de la Educación del Estado de México) publicó en 2017 en el repositorio abierto del CIALC-UNAM este capítulo sobre las organizaciones de los refugiados españoles en la República Dominicana entre 1939 y 1945. Fiabilidad media: Capítulo académico de un especialista en el exilio español en República Dominicana (con libro en el AGN, 2012); la oferta de Évian se enuncia sin cita primaria en este t… Afirmaciones: A-168, A-174, A-185. Verificación: descargada-y-leida (pdf-en-linea). Consulta 2026-10-06. URL alternativas: https://rilzea.cialc.unam.mx/jspui/handle/CIALC-UNAM/CL281."
F-0369,terciaria,Jewish Virtual Library (American-Israeli Cooperative Enterprise); sin firma individual,Dominican Republic as Haven for Jewish Refugees (Jewish Virtual Library),—,en,internacional,M13,https://www.jewishvirtuallibrary.org/jsource/Holocaust/sosua.html,texto-completo-en-linea,baja,"Página de una enciclopedia judía en línea, sin firma individual, que resume el origen de Sosúa y cita a Nicholas Ross (American Jewish Historical Society) para el contrato de DORSA del 30-I-1940. Fiabilidad baja: Enciclopedia en línea sin autor identificable ni notas; la regla de método la limita a índice, nunca evidencia. Afirmaciones: A-168, A-185, A-190. Verificación: descargada-y-leida (texto-completo-en-linea). Consulta 2026-10-06."
F-0370,secundaria,Bloch (firma al final de la crónica; nombre de pila no dado),"IV. Sonstige Abkommen (Chronik der Staatsverträge) en Zeitschrift für ausländisches öffentliches Recht und Völkerrecht (ZaöRV), vol. 6, 1936, pp. 610-611",1936,de,internacional,M13,https://www.zaoerv.de/06_1936/6_1936_1_b_610_2_611_1.pdf,pdf-en-linea,media,"Nota de la 'Chronik der Staatsverträge' del Instituto Max Planck de Derecho Público Comparado y Derecho Internacional (Berlín), vol. Fiabilidad media: Crónica contemporánea de tratados en una revista del Instituto Max Planck, con referencia a la Gaceta Oficial dominicana; breve y con OCR defectuoso. Afirmaciones: A-181. Verificación: descargada-y-leida (pdf-en-linea). Consulta 2026-10-06."
F-0371,secundaria,"Myers, Megan Jeanette; Paulino, Edward (eds.); Turits, Richard; Derby, Lauren; y otros","The Border of Lights Reader: Bearing Witness to Genocide in the Dominican Republic (Amherst College Press; edición de acceso abierto en Fulcrum), con el capítulo 'Haitian-Dominican History and the 1937 Haitian Massacre' de Richard Turits y Lauren Derby (pp. 43-50)",2021,en,internacional,M13;M16,https://www.fulcrum.org/concern/monographs/1v53k057r,pdf-en-linea,media,"Libro editado por Megan Jeanette Myers y Edward Paulino para el colectivo Border of Lights (vigilias anuales en Dajabón-Ouanaminthe desde 2012) y publicado por Amherst College Press en 2021 (Fulcrum, Universidad de Michigan; PDF de 47,3 MB, EPUB y audiolibro). Fiabilidad media: Volumen colectivo de acceso abierto (347 pp.) con un capítulo académico de los dos autores de referencia (Turits-Derby) y muchas contribuciones activistas y artísticas;… Afirmaciones: A-165, A-168, A-169, A-170, A-171, A-173, A-177, A-178, A-179, A-186, A-190, A-191. Verificación: descargada-y-leida (pdf-en-linea). Consulta 2026-10-06. URL alternativas: https://www.fulcrum.org/ebooks/jm214q960/download?locale=en; https://library.oapen.org/handle/20.500.12657/57786; https://services.publishing.umich.edu/Books/T/The-Border-of-Lights-Reader."
F-0372,secundaria,"Hintzen, Amelia","“A Veil of Legality”: The Contested History of Anti-Haitian Ideology under the Trujillo Dictatorship (New West Indian Guide / Nieuwe West-Indische Gids 90:1-2, 28-54)",2016,en,internacional,M13,https://brill.com/view/journals/nwig/90/1-2/article-p28_2.xml,texto-completo-en-linea,alta,"Amelia Hintzen (University of Miami en 2016) publicó el artículo en NWIG el 1-I-2016. Fiabilidad alta: Artículo revisado por pares de una historiadora que usa documentos inéditos del AGN (cartas del director de Inmigración, Valdés, de julio de 1937) y los cita con fecha;… Afirmaciones: A-165, A-168, A-172, A-173, A-176, A-179, A-182, A-186, A-187, A-190. Verificación: descargada-y-leida (texto-completo-en-linea). Consulta 2026-10-06. URL alternativas: https://doi.org/10.1163/22134360-09001053; https://brill.com/downloadpdf/view/journals/nwig/90/1-2/article-p28_2.pdf."
F-0373,primaria,Departamento de Estado de EE. UU. (Office of the Historian),"Foreign Relations of the United States, 1947, vol. VIII (The American Republics): doc. 584 (memorándum de Hauch, 15-IX-1947) y cap. 42 (nota editorial; doc. 644)",1947,en,oficial-eeuu,M13,https://history.state.gov/historicaldocuments/frus1947v08/d584,texto-completo-en-linea,media,Memorándum confidencial del funcionario Charles C. Fiabilidad media: Memorándum interno de un funcionario estadounidense que registra lo que dice el embajador dominicano; sirve de testimonio de lo que Trujillo pensaba o quería hacer creer… Afirmaciones: ninguna. Verificación: descargada-y-leida (texto-completo-en-linea). Consulta 2026-10-06. URL alternativas: https://history.state.gov/historicaldocuments/frus1947v08; https://history.state.gov/historicaldocuments/frus1947v08/ch42; https://history.state.gov/historicaldocuments/frus1947v08/d644.
F-0374,secundaria,"LeGrand, Catherine C.","Informal Resistance on a Dominican Sugar Plantation during the Trujillo Dictatorship (Ecos, UASD, año 4, n.º 5)",1996,en,internacional,M13,https://revistas.uasd.edu.do/index.php/ecos/article/download/81/31/37,pdf-en-linea,alta,"Catherine C. LeGrand (versión en inglés publicada en Ecos, revista de la UASD, 1996), basada en los archivos de la compañía canadiense Ozama Sugar Company (B.C. Sugar) conservados en el AGN. Interés: mostrar a los cortadores como agentes y no solo como víctimas. Fiabilidad alta: Historia laboral basada en los informes operativos de la Ozama Sugar Company (AGN, legajos de la Secretaría de Trabajo) y en entrevistas; sus cifras de empleo son de una… Afirmaciones: A-165, A-167, A-168, A-169, A-186, A-187. Verificación: descargada-y-leida (pdf-en-linea). Consulta 2026-10-06."
F-0375,divulgacion,"Veras, Ramón A. (Negro)","La legalidad de los haitianos trabajando aquí (Acento) [reproduce Migración caribeña y un capítulo haitiano, 1985]",2024,es,dominicana,M13,https://acento.com.do/opinion/la-legalidad-de-los-haitianos-trabajando-aqui-9423217.html,texto-completo-en-linea,media,"Ramón A. (Negro) Veras, autor dominicano; reproduce en Acento (18-XI-2024) lo que escribió en Migración caribeña y un capítulo haitiano (1985) sobre los convenios de braceros. Interés: crítica a la venta de braceros por el Consejo Estatal del Azúcar en 1978-1979. Fiabilidad media: Autor de la obra de 1985 que reproduce; da fechas y números de oficio con detalle verificable, pero sin remitir a la Gaceta Oficial y con una fecha de expiración que cam… Afirmaciones: A-187. Verificación: descargada-y-leida (texto-completo-en-linea). Consulta 2026-10-06. URL alternativas: https://acento.com.do/opinion/la-inmigracion-haitiana-aqui-es-solucion-no-dificultad-9179829.html (misma lista de convenios, 26-III-2023)."
F-0376,secundaria,"Gerdsmeier, Katrin",Los trabajadores migrantes haitianos en la República Dominicana: su protección en el derecho internacional (Estudios Sociales 118),1999,es,internacional,M13,https://estudiossociales.bono.edu.do/index.php/es/article/download/275/261/525,pdf-en-linea,baja,"Katrin Gerdsmeier, abogada (Freiburg) y colaboradora del SJR; traducido por Violeta Ricart; Estudios Sociales 118 (oct.-dic. Fiabilidad baja: Estudio jurídico de una abogada del Servicio Jesuita a Refugiados cuyo contexto histórico es de segunda mano (""Ibid."" a un informe sin identificar en la extracción) y co… Afirmaciones: A-187, A-190. Verificación: descargada-y-leida (pdf-en-linea). Consulta 2026-10-06."
F-0377,divulgacion,[autor no identificado en la extracción; Diario Libre],"Algo de background (Diario Libre, sección Lecturas)",2013,es,dominicana,M12;M13;M16,https://www.diariolibre.com/opinion/lecturas/algo-de-background-KMDL409366,texto-completo-en-linea,baja,"Diario Libre (Santo Domingo), 2-XI-2013, sección Lecturas (opinión), con la autoría [POR VERIFICAR] (no figura en la extracción). Fiabilidad baja: Columna de contexto histórico sin firma legible en la extracción y sin referencias; cita cifras censales (1920, 1935, 1950, 1960) que no se pudieron contrastar con los v… Afirmaciones: A-185, A-186, A-187, A-188, A-189. Verificación: descargada-y-leida (texto-completo-en-linea). Consulta 2026-10-06."
F-0378,divulgacion,"Lois Malkún, José","¿Cuántos haitianos viven en el país? (Acento, columna de opinión)",2018,es,dominicana,M13;M16,https://acento.com.do/opinion/cuantos-haitianos-viven-pais-8557944.html,texto-completo-en-linea,baja,"José Lois Malkún, economista dominicano, Acento, 22-IV-2018, sobre la Segunda Encuesta Nacional de Inmigrantes (ENI-2017). Fiabilidad baja: Columna de un economista con formación estadística que enumera cifras censales sin citar los volúmenes; sirve como índice de las cifras 1950-2012. Afirmaciones: A-188. Verificación: descargada-y-leida (texto-completo-en-linea). Consulta 2026-10-06."
F-0379,secundaria,"Library of Congress, Federal Research Division (Area Handbook Series)","Dominican Republic: A Country Study, sección ""Haitians"" (Library of Congress, Federal Research Division; espejo en countrystudies.us)",1989,en,oficial-eeuu,M13;M14,https://countrystudies.us/dominican-republic/25.htm,texto-completo-en-linea,media,"Estudio de país de la Biblioteca del Congreso (edición y año [POR VERIFICAR]; el texto de Haití habla de 1989), reproducido por countrystudies.us. Fiabilidad media: Síntesis oficial estadounidense sin notas, de tipo manual de área; sus cifras censales redondean (""slightly under 28,000"" para 28.258) y la de muertos de 1937 (20.000) n… Afirmaciones: A-165, A-169, A-188. Verificación: descargada-y-leida (texto-completo-en-linea). Consulta 2026-10-06."
F-0380,secundaria,"Library of Congress, Federal Research Division (Area Handbook Series)","Haiti: A Country Study, sección sobre población (Library of Congress, Federal Research Division; espejo en countrystudies.us)",1989,en,oficial-eeuu,M13,https://countrystudies.us/haiti/21.htm,texto-completo-en-linea,media,"Estudio de país de la Biblioteca del Congreso sobre Haití (Área Handbook, 1989), reproducido por countrystudies.us; fuente de las cifras de 1918-19, 1950, 1971 y 1982 no declarada. Fiabilidad media: Resume los censos haitianos con la advertencia de subregistro; sin notas ni cita del volumen del IHSI. Afirmaciones: A-188. Verificación: descargada-y-leida (texto-completo-en-linea). Consulta 2026-10-06."
F-0381,base-de-datos,"Bolt, Jutta; van Zanden, Jan Luiten","Maddison Project Database 2020 (mpd2020.xlsx): PIB per cápita y población, República Dominicana y Haití",2020,en,internacional,M13;M14,https://www.rug.nl/ggdc/historicaldevelopment/maddison/data/mpd2020.xlsx,texto-descargado,media,"Groningen Growth and Development Centre (U. Fiabilidad media: Base internacional revisada por pares, pero para Haití y RD reconstruye series de la CEPAL con un benchmark de PPA que los propios autores reconocen problemático para lo… Afirmaciones: A-188. Verificación: descargada-y-leida (texto-descargado). Consulta 2026-10-06."
F-0382,secundaria,"Bolt, Jutta; van Zanden, Jan Luiten","Maddison project, re: ""Don't believe the Haiti/DR graph""",2021,en,internacional,M13;M14,https://www.rug.nl/ggdc/blog/maddison-project-re-don-t-believe-the-haiti-dr-graph,texto-completo-en-linea,media,"Blog del Groningen Growth and Development Centre, 24-IX-2021, respuesta a la crítica de Craig Palsson. Fiabilidad media: Respuesta metodológica de los responsables de la base: transparente sobre los benchmarks de PPA, pero polémica (réplica a Palsson, S26) y sin series nuevas. Afirmaciones: ninguna. Verificación: descargada-y-leida (texto-completo-en-linea). Consulta 2026-10-06."
F-0383,divulgacion,"Palsson, Craig",Don't Believe the Haiti/DR Graph (Vodou Economics),2021,en,internacional,M12;M13,https://vodoueconomics.substack.com/p/dont-believe-the-haitidr-graph,texto-completo-en-linea,baja,"Craig Palsson (economista), Substack Vodou Economics, 17-IX-2021. Fiabilidad baja: Blog de un economista que ha publicado historia económica de Haití (JEH), pero la cifra de migrantes que da no tiene fuente y contradice los censos. Afirmaciones: ninguna. Verificación: descargada-y-leida (texto-completo-en-linea). Consulta 2026-10-06."
F-0384,secundaria,United States Holocaust Memorial Museum (ed.),"Dominican Republic Settlement Association, ""Sosua: Haven in the Caribbean"" (Experiencing History: Holocaust Sources in Context)",—,en,internacional,M13,https://perspectives.ushmm.org/item/dominican-republic-settlement-association-sosua-haven-in-the-caribbean,texto-completo-en-linea,media,"USHMM, plataforma Experiencing History; ficha de la película publicitaria de la DORSA y texto explicativo. Fiabilidad media: Ficha pedagógica de un museo, con referencias a Wells (2009) y Kaplan (2008) para las cifras; no da el origen de los 645 ni de los 5.000. Afirmaciones: A-185. Verificación: descargada-y-leida (texto-completo-en-linea). Consulta 2026-10-06."
F-0385,divulgacion,"The World (PRI), redacción",The forgotten conference where the Dominican Republic took in Jewish refugees fleeing Hitler (The World / PRI),2018,en,internacional,M13,https://theworld.org/stories/2018/11/08/forgotten-conference-dominican-republic-took-jewish-refugees-fleeing-hitler-when,texto-completo-en-linea,baja,"PRI/The World, 8-XI-2018; entrevista a descendientes de refugiados de Sosúa. Fiabilidad baja: Nota de radio con testimonios; la cifra de unos 700 refugiados no tiene fuente. Afirmaciones: A-185. Verificación: descargada-y-leida (texto-completo-en-linea). Consulta 2026-10-06."
F-0386,divulgacion,"Liberman, Mark",Shibboleth and perejil (Language Log),2015,en,internacional,M13,https://languagelog.ldc.upenn.edu/nll/?p=19987,texto-completo-en-linea,media,"Mark Liberman, Language Log, 13-VII-2015; corrige la descripción fonética (trino/vibrante) que repiten Wucker (1999) y NPR (2012) y evalúa dos grabaciones (Danticat y Alvarez). Fiabilidad media: Comentario de un fonetista (Mark Liberman, Univ. de Pensilvania) con espectrogramas de dos grabaciones, útil para la plausibilidad fonética pero sin datos de campo ni mu… Afirmaciones: A-170. Verificación: descargada-y-leida (texto-completo-en-linea). Consulta 2026-10-06. URL alternativas: https://ling.upenn.edu/courses/Fall_2001/ling001/wucker.html (extracto de Wucker, Why the Cocks Fight, 1999, sobre la prueba del perejil)."
F-0387,divulgacion,"McGill University, Faculty of Arts; entrevistada: Cadeau, Sabine F.","""More Than a Massacre"" by Sabine Cadeau (entrevista, McGill Faculty of Arts)",2022,en,internacional,M13,https://www.mcgill.ca/arts/article/more-massacre-sabine-cadeau,texto-completo-en-linea,media,"Entrevista institucional de la Facultad de Artes de McGill a Sabine Cadeau (PhD Chicago 2015), con motivo de More than a Massacre (Cambridge UP, 2022). Fiabilidad media: Entrevista a la autora; fija su cifra pero no su base (que está en el libro, no leído). Afirmaciones: A-169, A-171. Verificación: descargada-y-leida (texto-completo-en-linea). Consulta 2026-10-06."
F-0388,secundaria,"Casimir, Jean","SHADA's Conception (The Island Luminous, Part IX, slide 9)",—,en,haitiana,M13,https://islandluminous.fiu.edu/part09-slide09.html,texto-completo-en-linea,media,"Jean Casimir (Université d'État d'Haïti), pasaje sobre la política agrícola de Lescot (1941-1946): creación de la SHADA con préstamo del Eximbank. Fiabilidad media: Texto breve de un sociólogo e historiador haitiano (ex embajador), favorable a Lescot como reformador económico; las hectáreas vienen de Tinois y no se verificaron. Afirmaciones: ninguna. Verificación: descargada-y-leida (texto-completo-en-linea). Consulta 2026-10-06."
F-0389,divulgacion,"Marmolejos, Abraham",Origen de la primera cédula dominicana: obligatoriedad y control estatal (Acento),2026,es,dominicana,M13,https://acento.com.do/actualidad/origen-de-la-primera-cedula-dominicana-obligatoriedad-y-control-estatal-9608995.html,texto-completo-en-linea,baja,"Abraham Marmolejos, Acento, 23-I-2026, sobre la cédula en vísperas de su nueva emisión. Fiabilidad baja: Nota divulgativa de 2026 sobre la primera cédula; da fecha y alcance de la Ley 247 sin citar la Gaceta Oficial y no menciona la categoría racial. Afirmaciones: A-164. Verificación: descargada-y-leida (texto-completo-en-linea). Consulta 2026-10-06."
F-0390,divulgacion,Movimiento Socialista de Trabajadoras y Trabajadores (RD),Declaración completa: Masacre del Perejil de 1937 (Movimiento Socialista de Trabajadoras y Trabajadores),2020,es,dominicana,M13,https://media.acento.com.do/media/storage02/uploads/2020/10/Declaración-Masacre-1937.docx,texto-completo-en-linea,baja,"Declaración publicada en Acento (octubre de 2020) por un movimiento socialista dominicano que pide la conmemoración oficial de la matanza. Fiabilidad baja: Declaración política de una organización, sin aparato crítico: documenta una versión circulante (550.000 USD pagados; fosas comunes), no los hechos. Afirmaciones: A-168, A-176, A-191. Verificación: descargada-y-leida (texto-completo-en-linea). Consulta 2026-10-06."
F-0391,secundaria,"Casey, Matthew","Empire's Guestworkers: Haitian Migrants in Cuba during the Age of US Occupation, cap. ""Returning to Haiti and the Aftermath of US Occupation"" (extracto en línea)",2017,en,internacional,M12;M13,https://resolve.cambridge.org/core/books/empires-guestworkers/returning-to-haiti-and-the-aftermath-of-us-occupation/AB41CF80F2EB35C753D4875DDF4661C7,fragmento-busqueda,alta,"Matthew Casey, Cambridge UP, 2017; trata la migración haitiana a Cuba entre 1910 y 1940 y los repatriados. Fiabilidad alta: Monografía de Cambridge UP con archivo cubano y haitiano; aquí solo un fragmento visible del capítulo. Afirmaciones: A-188. Verificación: descargada-parcial (fragmento-busqueda). Consulta 2026-10-06."
F-0392,divulgacion,El Caribe (redacción),"La llamada Masacre del Perejil (El Caribe, edición impresa)",—,es,dominicana,M13,https://www.elcaribe.com.do/edicion-impresa/la-llamada-masacre-del-perejil/,localizada-bloqueada,baja,"Periódico dominicano. Un resumen de búsqueda (que no indica cuál de varias páginas lo contenía: El Caribe, Dominican Today 2023, Diario Libre) dice que ""el último censo de población antes de la matanza, de 1936, indicaba que los haitianos que vivían en el país eran 8.492"" y que Vega concluye 4.000-… Fiabilidad baja: Página bloqueada (403); la cifra de 8.492 solo consta en un resumen de búsqueda. Afirmaciones: A-166, A-188. Verificación: fallo-fetch (localizada-bloqueada). Consulta 2026-10-06."
