id_provisional,tipo,autor,titulo,anio,idioma,tradicion,modulos,url,acceso,fiabilidad,notas
M15-N01,primaria,Corte Interamericana de Derechos Humanos,"Caso de las Niñas Yean y Bosico vs. República Dominicana, Supervisión de Cumplimiento de Sentencia: resoluciones de la Corte Interamericana de 28-XI-2007, 27-VIII-2010, 10-X-2011 y 12-III-2019 (esta última conjunta con el caso de Personas dominicanas y haitianas expulsadas); la resolución de la Presidenta de 18-V-2009 se descargó y no se leyó",2007-2019,es,internacional,M15;M16,https://www.corteidh.or.cr/docs/supervisiones/yean_28_11_07.pdf,pdf-en-linea,alta,"Resoluciones del tribunal que supervisa su sentencia de 2005. Fiabilidad alta: Resoluciones íntegras del tribunal que recogen los informes del propio Estado y las observaciones de las víctimas; se leyeron las de 2007, 2010 y 2011 (la de 2009 solo se descargó). Afirmaciones que toca: A-204. Verificación descargada-y-leida (acceso pdf-en-linea), consultada 2026-10-06; 10 extractos; lentes: dominicana, colonial-primaria, internacional, cientifica."
M15-N02,primaria,Comisión Interamericana de Derechos Humanos (CIDH),"Annual Report of the IACHR 1991, Chapter V: Situation of Haitians in the Dominican Republic (incluye la nota del Gobierno dominicano de 1-VII-1991 y declaraciones de funcionarios dominicanos)",1991 (informe publicado en 1992),en,internacional,M15;M16,https://cidh.oas.org/annualrep/91eng/chap.5.htm,texto-completo-en-linea,alta,"Capítulo del informe anual 1991 de la CIDH sobre la visita de una delegación (vicepresidente Marco Tulio Bruni Celli y la abogada Bertha Santoscoy) que se reunió con el canciller Joaquín Ricardo, el viceministro Fabio Herrera, el secretario de Trabajo Rafael Alburquerque y el director del CEA Juan Arturo Biaggi. Fiabilidad alta: Informe oficial de un órgano de la OEA tras una visita in situ (12-14-VIII-1991) que reproduce la nota del canciller dominicano y las declaraciones de los secretarios de Estado; la CIDH no es parte neutral en el sentido de que denuncia, pero cita al Estado textualmente. Afirmaciones que toca: A-203, A-204, A-210. Verificación descargada-y-leida (acceso texto-completo-en-linea), consultada 2026-10-06; 20 extractos; lentes: dominicana, colonial-primaria, internacional, cientifica."
M15-N03,secundaria,"Lozano, Wilfredo (ed.); Cedeño, Carmen; Charles, Carolle; Corten, André; Dore Cabral, Carlos; Girault, Christian; Héctor, Cary; Houellmont Despradel, Fernando; Moya Pons, Frank; Puig, Max; Silié, Rubén; Veras, Ramón Antonio","La cuestión haitiana en Santo Domingo: migración internacional, desarrollo y relaciones inter-estatales entre Haití y República Dominicana (cap. V, Veras; cap. VI, Dore-Cabral; cap. VII, Cedeño; cap. IX, Silié; cap. X, Corten)",1993 (©1992),es,dominicana,M15,https://biblio.flacsoandes.edu.ec/libros/digital/48455.pdf,pdf-en-linea,alta,"Actas del Coloquio Internacional 'La cuestión haitiana en la República Dominicana' (Santo Domingo, 2-4 de diciembre de 1991), seis meses después del Decreto 233-91 y dos después del golpe contra Aristide; ed. Fiabilidad alta: Volumen colectivo de FLACSO-Programa República Dominicana y Centro Norte-Sur (Miami), con ponencias de un coloquio de diciembre de 1991 escritas casi en caliente por juristas y científicos sociales dominicanos y haitianos; OCR con errores menores. Afirmaciones que toca: A-202, A-203, A-204, A-210. Verificación descargada-y-leida (acceso pdf-en-linea), consultada 2026-10-06; 10 extractos; lentes: dominicana."
M15-N04,primaria,"Estudios Sociales (Centro de Estudios Sociales Juan Montalvo, SJ; Centro Bonó)","Un asunto dominicano llamado Haití (editorial de Estudios Sociales, vol. XXVII, n.º 98, octubre-diciembre 1994)",1994,es,dominicana,M15,https://estudiossociales.bono.edu.do/index.php/es/article/download/402/388/775,pdf-en-linea,media,"Editorial sin firma del número 98 de la revista que edita el Centro Juan Montalvo (jesuitas, Santo Domingo), publicado cuando Aristide acababa de regresar a Haití (15-X-1994) y cinco meses después de las elecciones de mayo de 1994. Fiabilidad media: Editorial anónimo de una revista jesuita dominicana escrito al calor del regreso de Aristide (octubre de 1994); es una voz contemporánea, no un registro de hechos. Afirmaciones que toca: A-202. Verificación descargada-y-leida (acceso pdf-en-linea), consultada 2026-10-06; 2 extractos; lentes: dominicana."
M15-N05,divulgacion,"Tavares, Juan Tomás","El Cuco nos come o fusión en B menor (fusionando y onegeciando, parte atrás)",2015,es,dominicana,M15,https://acento.com.do/opinion/el-cuco-nos-come-o-fusion-en-b-menor-fusionando-y-onegeciando-parte-atras-8222466.html,texto-completo-en-linea,media,"Columna de Juan Tomás Tavares (articulista de Acento, [POR VERIFICAR] profesión) del 16-II-2015, publicada un año y medio después de la sentencia TC/0168/13 y cuando la 'fusión' volvía a invocarse; critica el discurso de la 'fusión' como espantajo (el 'Cuco'). Fiabilidad media: Columna de opinión con autor identificable y notas a pie, pero sin citar documentos de 1994-96; la fecha del discurso de Balaguer es afirmación del autor. Afirmaciones que toca: A-202. Verificación descargada-y-leida (acceso texto-completo-en-linea), consultada 2026-10-06; 4 extractos; lentes: dominicana."
M15-N06,divulgacion,"Ceara Hatton, Miguel",Los herederos de Trujillo,2014,es,dominicana,M15,https://acento.com.do/opinion/los-herederos-de-trujillo-8197956.html,texto-completo-en-linea,media,"Miguel Ceara Hatton, economista dominicano ([POR VERIFICAR] si en 2014 ocupaba cargo en el gobierno del PLD); columna del 24-XI-2014, dos meses después de TC/0168/13, que esquematiza la historia del 'antihaitianismo' en etapas y critica el nacionalismo antihaitiano. Fiabilidad media: Columna de opinión de un economista dominicano, sin cita documental del pasaje de 1994. Afirmaciones que toca: A-202. Verificación descargada-y-leida (acceso texto-completo-en-linea), consultada 2026-10-06; 1 extractos; lentes: dominicana."
M15-N07,divulgacion,"Gómez Borbón, Pablo",Unificación de la isla,2016,es,dominicana,M15,https://acento.com.do/opinion/unificacion-la-isla-8398723.html,texto-completo-en-linea,baja,"Pablo Gómez Borbón, columnista de Acento, 8-XI-2016; ataca la 'fusión' como teoría conspirativa y señala que quienes la denuncian (Acento, Bolívar Díaz, Huchi Lora) son tachados de traidores. Fiabilidad baja: Columna de opinión; el autor reconoce la duda ('Si no estoy equivocado') y no cita documentos de 1994. Afirmaciones que toca: A-202. Verificación descargada-y-leida (acceso texto-completo-en-linea), consultada 2026-10-06; 3 extractos; lentes: dominicana."
M15-N08,divulgacion,"Olivo Peña, Gustavo (Acento)",Fusión de RD y Haití no es idea extranjera sino de Balaguer y Casado Soler,2017,es,dominicana,M15,https://acento.com.do/actualidad/fusion-de-rd-y-haiti-no-es-idea-extranjera-sino-de-balaguer-y-casado-soler-1137085.html,texto-completo-en-linea,media,"Gustavo Olivo Peña, periodista de Acento, 11-VII-2017; sostiene que la federación o confederación dominico-haitiana la propusieron dos dominicanos (Balaguer, en La realidad dominicana de 1941 y La isla al revés de 1983; Casado Soler en 1949/1951), no potencias extranjeras. Fiabilidad media: Nota periodística con autor que cita páginas de dos obras (Balaguer 1941 y 1983; Casado Soler 1949, 1951); no cotejé los anexos con la obra. Afirmaciones que toca: A-202. Verificación descargada-y-leida (acceso texto-completo-en-linea), consultada 2026-10-06; 2 extractos; lentes: dominicana."
M15-N09,divulgacion,"González, Freddy",El Frente Patriótico: una trama urdida tras la crisis poselectoral del 1994,2025,es,dominicana,M15,https://acento.com.do/opinion/el-frente-patriotico-una-trama-urdida-tras-la-crisis-poselectoral-del-1994-9517049.html,texto-completo-en-linea,baja,"Freddy González, columnista de Acento, 29-VI-2025 ([POR VERIFICAR] filiación; el texto defiende a Peña Gómez y critica a los peledeístas como 'discípulos del profesor' Bosch); reconstruye el pacto del 2-VI-1996 como 'trama' de 1994; cita al historiador Frank Moya Pons para la fórmula de 45 % más un voto. Fiabilidad baja: Columna de opinión militante (lenguaje de 'ultraderecha', 'urdimbre racista'), con citas de Balaguer sin documento; se usa solo para qué dijo Balaguer según un testigo partidario. Afirmaciones que toca: A-202. Verificación descargada-y-leida (acceso texto-completo-en-linea), consultada 2026-10-06; 5 extractos; lentes: dominicana, cientifica."
M15-N10,divulgacion,"Pérez Peña, Raúl (Bacho)",¡Lavarán el 2 de junio! (columna sobre el Frente Patriótico),2024,es,dominicana,M15,https://acento.com.do/opinion/lavaran-el-2-de-junio-9347778.html,texto-completo-en-linea,baja,"Raúl Pérez Peña, 'Bacho', columnista de Acento (2-VI-2024), crítico del pacto del Frente Patriótico entre Balaguer y Leonel Fernández ([POR VERIFICAR] filiación). Fiabilidad baja: Columna de opinión militante de un autor que se opuso al pacto; sin citas documentales. Afirmaciones que toca: A-202. Verificación descargada-y-leida (acceso texto-completo-en-linea), consultada 2026-10-06; 2 extractos; lentes: dominicana."
M15-N11,divulgacion,Servicios de Acento.com.do (editorial),El fraude bastante sucio contra Peña Gómez en 1994 (editorial),2023,es,dominicana,M15,https://acento.com.do/editorial/el-fraude-bastante-sucio-contra-pena-gomez-en-1994-9223754.html,texto-completo-en-linea,baja,"Editorial de Acento del 13-VII-2023 que recoge declaraciones de John Graham (jefe de observadores de la OEA en 1994) sobre el fraude; Acento es un medio digital dominicano ([POR VERIFICAR] fecha de fundación y propiedad). Fiabilidad baja: Editorial sin firma de un medio digital con línea editorial crítica de Balaguer y del PLD; una línea sobre la ascendencia haitiana de Peña Gómez. Afirmaciones que toca: A-202. Verificación descargada-y-leida (acceso texto-completo-en-linea), consultada 2026-10-06; 1 extractos; lentes: dominicana."
M15-N12,divulgacion,"Servicios de Acento.com.do; Vega, Bernardo (entrevistado)",Bernardo Vega dice Peña Gómez ganó las elecciones de 1994 pero los peledeístas negociaron con Balaguer (entrevista a Bernardo Vega sobre Las dolosas elecciones de 1994),2022,es,dominicana,M15,https://acento.com.do/politica/bernardo-vega-dice-pena-gomez-gano-las-elecciones-de-1994-pero-los-peledeistas-negociaron-con-balaguer-y-le-impidieron-ser-presidente-9115040.html,texto-completo-en-linea,media,"Nota de Acento (5-X-2022) sobre una entrevista de Fausto Rosario Adames en AcentoTV a Bernardo Vega (historiador dominicano, autor de 81 libros según la nota; [POR VERIFICAR] cargos diplomáticos), que presenta su libro Las dolosas elecciones de 1994 y sus coincidencias con el embargo contra Haití. Fiabilidad media: Resumen periodístico de una entrevista a un historiador y exembajador dominicano con libro propio sobre el tema; no se leyó el libro. Afirmaciones que toca: A-202. Verificación descargada-y-leida (acceso texto-completo-en-linea), consultada 2026-10-06; 1 extractos; lentes: dominicana."
M15-N13,divulgacion,"García Saviñón, Jimmy",Balaguer sabía lo que nos venía encima,2015,es,dominicana,M15,https://acento.com.do/opinion/balaguer-sabia-lo-que-nos-venia-encima-8266364.html,texto-completo-en-linea,baja,"Jimmy García Saviñón, que se presenta como director del Instituto Azucarero Dominicano en 1989; columna del 13-VII-2015; relata una reunión con Balaguer en julio de 1989 cuando Americas Watch iba a denunciar ante la OIT 'esclavitud' en los ingenios, y repite la versión balaguerista de 1994. Fiabilidad baja: Testimonio de un participante (director del Instituto Azucarero Dominicano en 1989) escrito 26 años después y con un interés político claro en defender la tesis de Balaguer. Afirmaciones que toca: A-202, A-210. Verificación descargada-y-leida (acceso texto-completo-en-linea), consultada 2026-10-06; 3 extractos; lentes: dominicana."
M15-N14,divulgacion,"Grimaldi Céspedes, Víctor Manuel","Papa Francisco, Balaguer y Haití: invasiones y migraciones",2025,es,dominicana,M15,https://elnuevodiario.com.do/papa-francisco-balaguer-y-haiti-invasiones-y-migraciones/,texto-completo-en-linea,baja,"Víctor Manuel Grimaldi Céspedes (jurista dominicano; [POR VERIFICAR] cargos, el texto sugiere vínculos con la Santa Sede) en El Nuevo Diario, 2025 (tras la muerte del papa Francisco); relata una conversación con Balaguer a mediados de 1993 y otra en mayo de 1994. Fiabilidad baja: Memoria de un asesor jurídico y diplomático escrita tres décadas después, con tesis soberanista explícita y una acusación sin evidencia contra Peña Gómez. Afirmaciones que toca: A-202. Verificación descargada-y-leida (acceso texto-completo-en-linea), consultada 2026-10-06; 3 extractos; lentes: dominicana."
M15-N15,divulgacion,"Brito, Luis (El Nuevo Diario)",1996: PLD llega por primera vez al poder; Bosch cierra su ciclo y PG fracasa en último chance,2024,es,dominicana,M15,https://elnuevodiario.com.do/1996-pld-llega-por-primera-vez-al-poder-bosch-cierra-su-ciclo-y-pg-fracasa-en-ultimo-chance/,texto-completo-en-linea,media,"Luis Brito, periodista de El Nuevo Diario, serie 'Elecciones, El Nuevo Diario y sus coberturas' (7-V-2024); resume 1996 con datos de la cobertura del propio diario. Fiabilidad media: Retrospectiva periodística firmada de un diario dominicano de circulación nacional (7-V-2024), sin aparato crítico, sobre datos electorales. Afirmaciones que toca: A-202. Verificación descargada-y-leida (acceso texto-completo-en-linea), consultada 2026-10-06; 2 extractos; lentes: dominicana."
M15-N16,divulgacion,"Paraison, Edwin",Una línea frente a Haití,2014,es,haitiana,M15,https://eldia.com.do/una-linea-frente-haiti/,texto-completo-en-linea,media,"Edwin Paraison (pastor anglicano haitiano formado en Santo Domingo desde 1983; luego cónsul general de Haití y ministro de los haitianos en el extranjero) publica en El Día (3-III-2014) una columna sobre la línea oficial hacia Haití; recuerda la campaña de 1996 y la reacción de Leonel Fernández. Fiabilidad media: Columna de un diplomático haitiano residente en la República Dominicana con testimonio de primera mano sobre el emisario de Fernández a Préval en 1996, sin documento. Afirmaciones que toca: A-202. Verificación descargada-y-leida (acceso texto-completo-en-linea), consultada 2026-10-06; 2 extractos; lentes: dominicana."
M15-N17,divulgacion,El Día (redacción); declaraciones de René Préval y de Max Puig,"Preval valora ayuda recibida de República Dominicana (El Día, 17-I-2010)",2010,es,dominicana,M15,https://eldia.com.do/preval-valora-ayuda-recibida-de-republica-dominicana/,texto-completo-en-linea,media,"Crónica de El Día (17-I-2010, 4:54 p.m.) fechada en Puerto Príncipe, cinco días después del terremoto; recoge lo que Préval dijo a la prensa al recibir al secretario de Estado de Trabajo dominicano Max Puig. Fiabilidad media: Crónica de un diario dominicano sobre una visita de un funcionario dominicano a Puerto Príncipe: las palabras de Préval pasan por la versión del visitante y del medio. Afirmaciones que toca: A-205, A-206. Verificación descargada-y-leida (acceso texto-completo-en-linea), consultada 2026-10-06; 4 extractos; lentes: dominicana, haitiana."
M15-N18,divulgacion,El Día (editorial),"Dos víctimas de un terremoto (editorial de El Día, 11-I-2011)",2011,es,dominicana,M15,https://eldia.com.do/dos-victimas-de-un-terremoto/,texto-completo-en-linea,media,"Editorial de El Día en el primer aniversario del terremoto, 11-I-2011; presenta a la República Dominicana como 'segunda víctima' del terremoto y ataca la 'hipocresía' de los 'Amigos de Haití' y de Amnistía Internacional. Fiabilidad media: Editorial sin firma de un diario dominicano de línea oficialista-nacionalista; es una posición, con afirmaciones sin cifras. Afirmaciones que toca: A-205, A-206. Verificación descargada-y-leida (acceso texto-completo-en-linea), consultada 2026-10-06; 4 extractos; lentes: dominicana."
M15-N19,secundaria,"Mena Peguero, Rita; Fernández García, Carlos J.","¿Cuáles son las implicaciones del terremoto en las relaciones entre Haití y la República Dominicana? (ARI, Real Instituto Elcano, 18-VI-2010)",2010,es,internacional,M15;M16,https://www.realinstitutoelcano.org/analisis/cuales-son-las-implicaciones-del-terremoto-en-las-relaciones-entre-haiti-y-la-republica-dominicana-ari/,texto-completo-en-linea,media,"Análisis del Real Instituto Elcano (Madrid) publicado el 18-VI-2010 por Rita Mena Peguero y Carlos J. Fernández García, economistas; escrito para un público de política exterior española, cinco meses después del sismo y tras la cumbre de Santo Domingo del 2 de junio. Fiabilidad media: Análisis de un think tank español redactado por dos economistas con cifras de fuentes oficiales dominicanas y de OCHA; no verifica los números y varios están en nota. Afirmaciones que toca: A-205, A-206. Verificación descargada-y-leida (acceso texto-completo-en-linea), consultada 2026-10-06; 10 extractos; lentes: dominicana, internacional, cientifica."
M15-N20,divulgacion,"Paraison, Edwin",RD – Haití: a 5 años del terremoto,2015,es,haitiana,M15,https://acento.com.do/opinion/rd-haiti-5-anos-del-terremoto-8213171.html,texto-completo-en-linea,media,"Edwin Paraison, haitiano que vivió en la RD desde 1983 y en enero de 2010 era funcionario del Ministerio de los Haitianos Viviendo en el Extranjero (MHAVE) en Puerto Príncipe; Acento, 16-I-2015. Fiabilidad media: Testimonio de un sobreviviente que era funcionario haitiano (ministro de los haitianos en el extranjero) con vínculos de décadas en la RD; sin cifras. Afirmaciones que toca: A-205, A-206. Verificación descargada-y-leida (acceso texto-completo-en-linea), consultada 2026-10-06; 3 extractos; lentes: dominicana."
M15-N21,divulgacion,"elDinero (editorial, firma 'Redacción')","República Dominicana rompió el ""solidaridómetro"" con Haití (editorial de elDinero, 6-VII-2015)",2015,es,dominicana,M15,https://eldinero.com.do/14080/republica-dominicana-rompio-el-solidaridometro-con-haiti/,texto-completo-en-linea,baja,"Editorial de elDinero (6-VII-2015) escrito en pleno plazo del Plan Nacional de Regularización de Extranjeros y de las críticas de la OEA y la ONU tras TC/0168/13; defiende la política del presidente Danilo Medina y del canciller Andrés Navarro. Fiabilidad baja: Editorial de un diario económico de línea empresarial que usa la ayuda de 2010 como argumento en una polémica política de 2015; sin cifras fuera de unas pocas del Plan de Regularización. Afirmaciones que toca: A-205, A-206. Verificación descargada-y-leida (acceso texto-completo-en-linea), consultada 2026-10-06; 2 extractos; lentes: dominicana."
M15-N22,divulgacion,Estudios Sociales (Centro Bonó),"Estudios Sociales n.º 151, editorial 'Hispaniola Transnacional: por un pasado y un futuro común' (oct.-dic. 2009; texto escrito tras el terremoto de enero de 2010)",2010,es,dominicana,M15,https://estudiossociales.bono.edu.do/index.php/es/article/download/62/59/117,pdf-en-linea,media,"Editorial del número 151 de Estudios Sociales (indicado como octubre-diciembre de 2009 pero referido al terremoto de enero de 2010: el número salió tarde, [POR VERIFICAR] fecha real de publicación); postura de una institución jesuita que acompaña a migrantes haitianos. Fiabilidad media: Editorial anónimo de la revista jesuita, con tesis teórica ('Hispaniola transnacional') y una sola frase sobre el terremoto. Afirmaciones que toca: A-205, A-206. Verificación descargada-y-leida (acceso pdf-en-linea), consultada 2026-10-06; 1 extractos; lentes: dominicana."
M15-N23,divulgacion,"Lozano, Wilfredo","La encuesta Gallup, la inmigración haitiana y la 168-13",2014,es,dominicana,M15,https://acento.com.do/opinion/la-encuesta-gallup-la-inmigracion-haitiana-y-la-168-13-1412557.html,texto-completo-en-linea,media,"Wilfredo Lozano (sociólogo dominicano, editor del volumen FLACSO 1993; [POR VERIFICAR] cargo en 2014) comenta en Acento (4-II-2014) la encuesta Gallup publicada por el diario Hoy tras TC/0168/13. Fiabilidad media: Interpretación de un sociólogo dominicano de los resultados de una encuesta de Gallup-Hoy (enero de 2014) que no se pudo abrir; los porcentajes son los que él cita. Afirmaciones que toca: A-202, A-206. Verificación descargada-y-leida (acceso texto-completo-en-linea), consultada 2026-10-06; 3 extractos; lentes: dominicana."
M15-N24,divulgacion,Servicios de Acento.com.do (EFE),"Gallup-Hoy: mayoría quiere se impida entrada de inmigrantes de Haití y Venezuela (EFE, 22-III-2018)",2018,es,dominicana,M15,https://acento.com.do/internacional/gallup-hoy-mayoria-quiere-se-impida-entrada-inmigrantes-haiti-venezuela-8548836.html,texto-completo-en-linea,media,"Despacho de EFE (Santo Domingo, 22-III-2018) recogido por Acento sobre la encuesta Gallup publicada por el periódico Hoy; vista como comparación con la encuesta de enero de 2014 comentada por Lozano. Fiabilidad media: Despacho de agencia sobre una encuesta de Gallup publicada por Hoy (1.200 entrevistas, 5-11 de marzo de 2018, margen de error 2,8 %); no se vio el cuestionario. Afirmaciones que toca: A-206. Verificación descargada-y-leida (acceso texto-completo-en-linea), consultada 2026-10-06; 2 extractos; lentes: dominicana."
M15-N25,divulgacion,"Báez Evertsz, Carlos Julio",Color de piel y etnia: el caso dominicano,2026,es,dominicana,M15,https://acento.com.do/opinion/color-de-piel-y-etnia-el-caso-dominicano-9704605.html,texto-completo-en-linea,baja,"Carlos Julio Báez Evertsz, columnista dominicano de Acento, 24-VI-2026 ([POR VERIFICAR] profesión y filiación); defiende que los 'mezclados' son un grupo propio y que la reivindicación de una identidad negra importa un problema de EE. UU. Fiabilidad baja: Columna de opinión de un autor con posición explícita contra la categoría 'one drop'; sin citas de estudios. Afirmaciones que toca: A-207, A-209. Verificación descargada-y-leida (acceso texto-completo-en-linea), consultada 2026-10-06; 3 extractos; lentes: dominicana."
M15-N26,secundaria,"Bourgeois, Catherine","Vocabulario colorista y performatividad en la República Dominicana (Estudios Sociales, año 45, vol. XLI, n.º 154, enero-marzo 2013)",2013,es,internacional,M15,https://estudiossociales.bono.edu.do/index.php/es/article/download/44/41/81,pdf-en-linea,alta,"Ponencia presentada en el congreso 'El Caribe Hispano' (CUNY DSI, Santo Domingo, 25-27-VII-2011) y publicada en Estudios Sociales; se apoya en entrevistas a mujeres de dos sectores populares; la autora es belga y no dominicana, de ahí 'internacional'. Fiabilidad alta: Artículo revisado de una antropóloga doctoranda (ULB) con trabajo de campo en dos barrios populares de Santo Domingo desde 2004, publicado en revista académica dominicana. Afirmaciones que toca: A-207, A-208. Verificación descargada-y-leida (acceso pdf-en-linea), consultada 2026-10-06; 4 extractos; lentes: dominicana."
M15-N27,divulgacion,"Corcino, Panky (corresponsal)","Dominicanos dejarán de ser de color 'indio' (El Diario NY, 17-XI-2011)",2011,es,dominicana,M15,https://eldiariony.com/2011/11/17/dominicanos-dejaran-de-ser-de-color-indio/,texto-completo-en-linea,media,"Nota de Panky Corcino (corresponsal en Santo Domingo del diario neoyorquino El Diario) del 17-XI-2011 sobre el anuncio de Roberto Rosario, presidente de la JCE, de un proyecto de reforma de la Ley Electoral 275-97 que dejaría fuera 'indio' de los colores de la cédula; recoge un editorial de Listín Diario y a Moya Pons. Fiabilidad media: Nota de corresponsal de un diario hispano de Nueva York sobre un proyecto de la JCE, con citas del editorial de Listín Diario y de un artículo de Moya Pons de 2009, no reproducidos. Afirmaciones que toca: A-207, A-208, A-209. Verificación descargada-y-leida (acceso texto-completo-en-linea), consultada 2026-10-06; 3 extractos; lentes: dominicana."
M15-N28,divulgacion,"Álvarez de los Santos, Rafael",¡Ya no somos indios!,2016,es,dominicana,M15,https://acento.com.do/opinion/ya-no-somos-indios-8339070.html,texto-completo-en-linea,baja,"Rafael Álvarez de los Santos, columnista de Acento (11-IV-2016); cuenta que fue a la JCE a corregir un dato de su cédula y que el funcionario le dijo que ya no se anotaba el color de piel. Fiabilidad baja: Columna de opinión con anécdotas personales sin datos; solo sirve como testimonio de una persona. Afirmaciones que toca: A-207, A-209. Verificación descargada-y-leida (acceso texto-completo-en-linea), consultada 2026-10-06; 1 extractos; lentes: dominicana."
M15-N29,secundaria,"Rodríguez Huertas, Olivo","Crónica sobre la nacionalidad por jus soli y sus excepciones en República Dominicana, periodos 1908-1924 y 1929-2010",2021,es,dominicana,M15,https://acento.com.do/cultura/la-nacionalidad-por-jus-soli-y-sus-excepciones-en-rd-8990542.html,texto-completo-en-linea,media,"Olivo Rodríguez Huertas (jurista dominicano, [POR VERIFICAR] cargo) en Acento, 30-IX-2021, adelanto de un libro; cuenta que fue partidario de la lectura restrictiva de 'tránsito' y que la abandonó en 2014 tras estudiar la historia de la exigencia de 'hijo legítimo'. Fiabilidad media: Crónica jurídica con notas y citas de la bibliografía dominicana (Álvarez Aybar, Castillo Pantaleón, Esquea Guerrero) escrita por un jurista que cambió de posición; las citas no se cotejaron con las obras. Afirmaciones que toca: A-203, A-204. Verificación descargada-y-leida (acceso texto-completo-en-linea), consultada 2026-10-06; 3 extractos; lentes: dominicana."
M15-N30,primaria,Presidencia de la República Dominicana; Presidencia de la República de Haití,"Declaración conjunta de los presidentes Leonel Fernández y René Préval (Puerto Príncipe, 19-VI-1998)",1998,es,oficial-rd,M15,https://mirex.gob.do/wp-content/uploads/2024/07/19.-Haiti_declaracion-conjunta-1998.pdf,pdf-en-linea,alta,"Declaración firmada en Puerto Príncipe el 19-VI-1998 al cierre de la visita de Estado de Leonel Fernández (18-20 de junio), coincidente con la tercera reunión de la Comisión Mixta Bilateral. Fiabilidad alta: Texto oficial bilateral conservado por la cancillería dominicana (escaneo con OCR defectuoso); se cotejaron las citas. Afirmaciones que toca: A-210. Verificación descargada-y-leida (acceso pdf-en-linea), consultada 2026-10-06; 2 extractos; lentes: dominicana."
M15-N31,secundaria,"Howard, David","La etnia e identidad racial en la República Dominicana: notas de una investigación (Estudios Sociales, vol. XXXII, n.º 116, abril-junio 1999)",1999,es,internacional,M15,https://estudiossociales.bono.edu.do/index.php/es/article/download/293/279,pdf-en-linea,alta,"David Howard (School of Geography, Universidad de Oxford, y Dominican Studies Institute, City College de Nueva York) resume en 1999 su trabajo de campo: 300 entrevistas (100 en Los Guandules, 100 en Gazcue y 100 en Zambrana, Cotuí) entre 1994 y 1995; es la base de su libro Coloring the Nation (2001). Fiabilidad alta: Artículo de un geógrafo (Oxford; Dominican Studies Institute, CUNY) basado en 300 entrevistas propias (1994-95) en tres lugares, publicado en revista dominicana; la muestra es pequeña y los porcentajes son de ese trabajo de campo. Afirmaciones que toca: A-206, A-207, A-208, A-209. Verificación descargada-y-leida (acceso pdf-en-linea), consultada 2026-10-06; 6 extractos; lentes: dominicana."
M15-N32,secundaria,"Báez Evertsz, Franc","Migrantes haitianos en un barrio de Santo Domingo (Estudios Sociales, vol. XXXII, n.º 118, octubre-diciembre 1999)",1999,es,dominicana,M15,https://estudiossociales.bono.edu.do/index.php/es/article/download/276/262/527,pdf-en-linea,media,"Franc Báez Evertsz (doctor en sociología por la UNAM, profesor de la UASD, autor de Braceros haitianos en la República Dominicana, 1986) resume un censo de hogares de origen haitiano en un barrio de Santo Domingo auspiciado por el Servicio Jesuita a Refugiados y financiado por CRS (Catholic Relief Services). Fiabilidad media: Informe de un sociólogo con obra previa sobre braceros (1986), basado en un censo de 114 hogares de un solo barrio; los datos no generalizan. Afirmaciones que toca: A-203, A-204. Verificación descargada-y-leida (acceso pdf-en-linea), consultada 2026-10-06; 2 extractos; lentes: dominicana."
M15-N33,primaria,"República Dominicana, Poder Ejecutivo (presidente Joaquín Balaguer); publicación del Consultor Jurídico del Poder Ejecutivo","Gaceta Oficial de la República Dominicana, año CXI, n.º 9810 (30 de junio de 1991), Actos del Poder Ejecutivo: Decreto n.º 233-91 que dispone la repatriación de todos los trabajadores extranjeros menores de 16 años y mayores de 60 que trabajan como braceros en la caña (13 de junio de 1991), pp. 5-6",1991,es,oficial-rd,M15;M16,https://memoriahistorica.senadord.gob.do/bitstreams/13217bdc-752f-4dfc-9259-e3e4ab835606/download,pdf-en-linea,alta,"Gaceta Oficial n.º 9810 (Santo Domingo, 30-VI-1991), publicada por el Poder Ejecutivo de Joaquín Balaguer; el Decreto 233-91 lleva fecha 13-VI-1991. Fiabilidad alta: Diario oficial del Estado con certificación del Consultor Jurídico del Poder Ejecutivo de que 'la presente publicación es oficial'; capa de texto del PDF con OCR aceptable en estos artículos. Afirmaciones que toca: A-210. Verificación descargada-y-leida (acceso pdf-en-linea), consultada 2026-10-06; 5 extractos; lentes: dominicana, colonial-primaria."
M15-N34,primaria,"González Canalda, María Filomena; Silié, Rubén","Libro de Ciencias Sociales, 6.º grado (1997), González Canalda y Silié (Historia Dominicana, portal educativo)",1997,es,oficial-rd,M08;M15,https://www.historiadominicana.do/wp-content/uploads/2025/07/Libro-Ciencias-Sociales-6to-Grado-Maria-Filomena-Gonzalez-Canalda-y-Ruben-Silie-1997-1.pdf,pdf-en-linea,media,"Libro de texto de Ciencias Sociales para 6.º grado, editado hacia 1997 dentro de la reforma curricular de los años noventa; accesible en el portal 'Historia Dominicana' que mantienen los autores (su categoría 'Libros de texto de Ciencias Sociales de Rubén Silié y María Filomena González Canalda'). Fiabilidad media: Texto escolar de 1997 de dos autores dominicanos (la pedagoga González Canalda y el historiador Silié), con circulación oficial según el portal; no se leyó. Afirmaciones que toca: ninguna del módulo (contexto). Verificación solo-localizada (acceso pdf-en-linea), consultada 2026-10-06; 0 extractos; lentes: dominicana."
M15-N35,divulgacion,El Caribe (editorial),Indudablemente solidarios (editorial de El Caribe),2010,es,dominicana,M15,https://www.elcaribe.com.do/sin-categoria/indudablemente-solidarios/,localizada-bloqueada,baja,"Editorial de El Caribe citado en el registro de afirmaciones para A-206 ('indudablemente solidarios'); la fecha exacta y el contenido no se verificaron. Fiabilidad baja: Editorial de prensa dominicana; no se abrió. Afirmaciones que toca: A-206. Verificación fallo-fetch (acceso localizada-bloqueada), consultada 2026-10-06; 0 extractos; lentes: dominicana."
M15-N36,divulgacion,"Paraison, Edwin (trad. Louise Renaud)","Leonel Fernández et Haïti (AlterPresse, rubrique Documents, 25-VIII-2008; versión francesa de un texto español)",2008,fr,haitiana,M15,https://web.archive.org/web/20120317212420/http://www.alterpresse.org/spip.php?article7617,texto-completo-en-linea,media,"Edwin Paraison; el registro F-0511 lo describe como excónsul general (país no completado en el registro) y director de la Fundación Zilé [POR VERIFICAR su nacionalidad y cargo exactos]. Fiabilidad media: Balance de ocho años de gobierno de Fernández por un autor identificado, con hechos fechables y comprobables, pero es una valoración de parte (un actor ligado a la diplomacia dominicana) escrita para convencer. Afirmaciones que toca: A-202, A-203, A-204, A-210. Verificación descargada-y-leida (acceso texto-completo-en-linea), consultada 2026-10-06; 5 extractos; lentes: haitiana."
M15-N37,divulgacion,"Soto, José Luis","Expulsan de República Dominicana cientos de inmigrantes haitianos (AlterPresse, sección 'Articulos' en español, 17-VIII-2005)",2005,es,dominicana,M15,https://web.archive.org/web/20070922014046/http://www.alterpresse.org/spip.php?article3085,texto-completo-en-linea,media,"José Luis Soto, periodista dominicano; despacho fechado en Santo Domingo el 17-VIII-2005 y publicado en la sección en español de AlterPresse, agencia haitiana en línea (Puerto Príncipe); para lectores haitianos y de la región; interés informativo. Fiabilidad media: Despacho de un periodista dominicano con citas atribuidas a funcionarios y al presidente, de segunda mano y sin documento de respaldo; la copia de Internet Archive tiene acentos corruptos. Afirmaciones que toca: ninguna del módulo (contexto). Verificación descargada-y-leida (acceso texto-completo-en-linea), consultada 2026-10-06; 2 extractos; lentes: haitiana."
M15-N38,divulgacion,"Pierre, Joseph Harold","Elections présidentielles dominicaines et Haïti (Le Nouvelliste, rubrique Opinions, 17-V-2012)",2012,fr,haitiana,M15,https://lenouvelliste.com/article/105253/elections-presidentielles-dominicaines-et-haiti,texto-completo-en-linea,media,"Joseph Harold Pierre, economista y politólogo haitiano, investigador en el Ministerio de Hacienda de RD y profesor en UNIBE (según su firma); publicado en Le Nouvelliste (Puerto Príncipe, diario de referencia) el 17-V-2012, tres días antes de las elecciones dominicanas. Fiabilidad media: Ensayo de opinión de un economista y politólogo haitiano que vive en RD, sin aparato crítico, pero con firma y con apreciaciones fechadas dos años después del terremoto. Afirmaciones que toca: A-202, A-205, A-206. Verificación descargada-y-leida (acceso texto-completo-en-linea), consultada 2026-10-06; 3 extractos; lentes: haitiana."
M15-N39,divulgacion,J.P. (Le Nouvelliste),"Des travailleurs haïtiens victimes d'une vague d'hostilités (Le Nouvelliste, 6-X-2005)",2005,fr,haitiana,M15,https://lenouvelliste.com/article/21421/des-travailleurs-haitiens-victimes-dune-vague-dhostilites,bajo-derechos,media,"Le Nouvelliste (Puerto Príncipe), crónica firmada 'J.P.' el 6-X-2005 sobre el comité de seguimiento creado en Haití tras la ola de hostilidades de mayo de 2005 (Hatillo Palma); recoge a Didier Dominique, de Batay Ouvriye; para el lector haitiano; interés: movilizar a la opinión y criticar la pasividad del Estado haitiano. Fiabilidad media: Noticia de un diario haitiano con firma abreviada; solo se leyó la entradilla y el primer párrafo (el resto está tras muro de registro). Afirmaciones que toca: ninguna del módulo (contexto). Verificación descargada-parcial (acceso bajo-derechos), consultada 2026-10-06; 2 extractos; lentes: haitiana."
M15-N40,divulgacion,"Doucet, Rachelle; Mathelier, Richard; Théodat, Jean Marie (LAREHDO)","Le retournement de la perspective frontalière (Le Nouvelliste, 9-VI-2011; texto del LAREHDO)",2011,fr,haitiana,M15,https://lenouvelliste.com/article/93591/le-retournement-de-la-perspective-frontaliere,bajo-derechos,media,"Rachelle Doucet, Richard Mathelier y Jean-Marie Théodat (geógrafo haitiano, Paris-1 y Universidad del Estado de Haití) escriben 'pour le LAREHDO' (laboratorio de investigación sobre las relaciones haitiano-dominicanas). Fiabilidad media: Texto de investigadores haitianos de un laboratorio especializado, pero solo se leyó el resumen inicial; el cuerpo (23 minutos de lectura) está tras muro de registro. Afirmaciones que toca: A-206. Verificación descargada-parcial (acceso bajo-derechos), consultada 2026-10-06; 1 extractos; lentes: haitiana."
M15-N41,divulgacion,Haïti en Marche (redacción),"Punta Cana 2 Juin 2010 (Haïti en Marche, 'Les Toutes Dernières', 4-VI-2010)",2010,fr,haitiana,M15,https://haitienmarche.com/index.php?Itemid=270&catid=15&id=11387&option=com_content&view=article,texto-completo-en-linea,media,"Haïti en Marche, semanario haitiano publicado en Miami para la diáspora, nota del 4-VI-2010 sobre la reunión de donantes de Punta Cana (2-VI-2010), con extractos de las intervenciones de Fernández, Préval, Mulet, Clinton y Bellerive; interés informativo. Fiabilidad media: Resumen de prensa de un semanario haitiano, de segunda mano y con erratas, sobre las intervenciones en la conferencia de Punta Cana. Afirmaciones que toca: A-205. Verificación descargada-y-leida (acceso texto-completo-en-linea), consultada 2026-10-06; 1 extractos; lentes: haitiana."
M15-N42,secundaria,"Gémieux, Francine (CRPLC, Université des Antilles et de la Guyane, Martinique)",L'arrêt Dilcia Yean et Violeta Bosico du 8 septembre 2005 : une avancée du droit à la nationalité contrariée par une résistance étatique,s.f. (posterior al 14-XII-2005),fr,francesa,M15,https://beta-omk.manioc.org/files/original/1348/arretdilcia.pdf,pdf-en-linea,alta,"Francine Gémieux, doctora en derecho público y miembro del CRPLC (Centre de Recherche sur les Pouvoirs Locaux dans la Caraïbe, UMR CNRS 8053, Martinica); texto de comentario jurídico alojado en la biblioteca digital Manioc (Universidad de las Antilles), sin año en la primera página (posterior al 14-XII-2005. Fiabilidad alta: Artículo de derecho público de una doctora en derecho con aparato de notas, que sigue punto por punto la sentencia (cotejable con F-0524) y reporta la reacción del Estado dominicano. Afirmaciones que toca: A-203, A-204. Verificación descargada-y-leida (acceso pdf-en-linea), consultada 2026-10-06; 3 extractos; lentes: haitiana."
M15-N43,primaria,"HaïtiLibre (redacción); carta firmada por unos 150 organismos y personalidades haitianos (entre ellos Claudette Werleigh, REDH Jacques Viau, GARR)","Haïti - République Dominicaine : Montée de la violence et de la xénophobie (HaitiLibre, 20-II-2015; incluye la carta de 19-II-2015 a Leonel Fernández)",2015,fr,haitiana,M15,https://www.haitilibre.com/article-13220-haiti-republique-dominicaine-montee-de-la-violence-et-de-la-xenophobie.html,texto-completo-en-linea,media,"Carta fechada en Puerto Príncipe el 19-II-2015, firmada por más de 150 organizaciones y personalidades haitianas (ex primera ministra Claudette Werleigh, autoridades religiosas anglicanas y católicas, senadores, rectores, ONG, partidos y diáspora) y dirigida a Leonel Fernández como presidente del PLD, con copia a Danilo Medina. Fiabilidad media: Carta colectiva de la sociedad civil haitiana, documento primario de una posición pero con afirmaciones de hecho de parte y sin pruebas; sirve como testimonio de la memoria haitiana de 1996 y 2005. Afirmaciones que toca: A-202, A-205, A-206. Verificación descargada-y-leida (acceso texto-completo-en-linea), consultada 2026-10-06; 3 extractos; lentes: haitiana."
M15-N44,divulgacion,"Shaw, Danny","Anti-Haitianism Diverts Dominicans from their Real Problems (Haïti Liberté, 7-IV-2021)",2021,en,haitiana,M15,https://haitiliberte.com/anti-haitianism-diverts-dominicans-from-their-real-problems/,texto-completo-en-linea,baja,"Danny Shaw (académico estadounidense colaborador del semanario; su nacionalidad y cargo [POR VERIFICAR]) en Haïti Liberté (semanario haitiano-estadounidense con sede en Puerto Príncipe y Nueva York, heredero de Haïti Progrès); 7-IV-2021, con ocasión del muro fronterizo; para su lectorado de izquierda haitiano y diaspórico. Fiabilidad baja: Artículo de opinión militante de un semanario de izquierda haitiano, sin notas ni fuentes para la afirmación que interesa. Afirmaciones que toca: A-202. Verificación descargada-y-leida (acceso texto-completo-en-linea), consultada 2026-10-06; 1 extractos; lentes: haitiana."
M15-N45,primaria,"Groupe d'Appui aux Rapatriés et Réfugiés (GARR), Haití; reproducida por Collectif Haïti de France","Les 10 ans de l'Accord Préval-Fernandez sur les rapatriements : Quel bilan sur le plan des Droits Humains ? (GARR, 10-XII-2009)",2009,fr,haitiana,M15,https://www.collectif-haiti.fr/garr-54/,texto-completo-en-linea,media,"Groupe d'Appui aux Rapatriés et Réfugiés (GARR), organización haitiana de derechos humanos con sede en Puerto Príncipe (69 rue Christ-Roi) y red de comités fronterizos (Réseau Binational Jeannot Succès) [POR VERIFICAR: su fundación en 1991, tomada de un resumen de búsqueda no abierto]. Fiabilidad media: Nota institucional de una ONG con presencia de campo y cifras propias, de parte y sin metodología publicada; los hechos puntuales se corroboran con prensa y organismos internacionales. Afirmaciones que toca: A-210. Verificación descargada-y-leida (acceso texto-completo-en-linea), consultada 2026-10-06; 3 extractos; lentes: haitiana."
M15-N46,primaria,"Groupe d'Appui aux Rapatriés et Réfugiés (GARR), Haití; reproducida por Collectif Haïti de France","L'urgente nécessité d'aborder le dossier migratoire (GARR, 26-V-2009)",2009,fr,haitiana,M15,https://www.collectif-haiti.fr/garr-45/,texto-completo-en-linea,media,"Groupe d'Appui aux Rapatriés et Réfugiés (GARR), organización haitiana de derechos humanos con sede en Puerto Príncipe (69 rue Christ-Roi) y red de comités fronterizos (Réseau Binational Jeannot Succès) [POR VERIFICAR: su fundación en 1991, tomada de un resumen de búsqueda no abierto]. Fiabilidad media: Nota institucional de una ONG con presencia de campo y cifras propias, de parte y sin metodología publicada; los hechos puntuales se corroboran con prensa y organismos internacionales. Afirmaciones que toca: A-210. Verificación descargada-y-leida (acceso texto-completo-en-linea), consultada 2026-10-06; 3 extractos; lentes: haitiana."
M15-N47,primaria,"Groupe d'Appui aux Rapatriés et Réfugiés (GARR), Haití; reproducida por Collectif Haïti de France","Des victimes haïtiennes et dominicaines d'expulsions massives ont déposé une pétition contre la République Dominicaine (GARR, 30-IV-2009)",2009,fr,haitiana,M15,https://www.collectif-haiti.fr/garr-41/,texto-completo-en-linea,media,"Groupe d'Appui aux Rapatriés et Réfugiés (GARR), organización haitiana de derechos humanos con sede en Puerto Príncipe (69 rue Christ-Roi) y red de comités fronterizos (Réseau Binational Jeannot Succès) [POR VERIFICAR: su fundación en 1991, tomada de un resumen de búsqueda no abierto]. Fiabilidad media: Nota institucional de una ONG con presencia de campo y cifras propias, de parte y sin metodología publicada; los hechos puntuales se corroboran con prensa y organismos internacionales. Afirmaciones que toca: A-204, A-210. Verificación descargada-y-leida (acceso texto-completo-en-linea), consultada 2026-10-06; 3 extractos; lentes: haitiana."
M15-N48,primaria,"Groupe d'Appui aux Rapatriés et Réfugiés (GARR), Haití; reproducida por Collectif Haïti de France","Relations Haïtiano-Dominicaines : Le début de l'année 2007 marqué par des refoulements et rapatriements massifs (GARR, 11-I-2007)",2007,fr,haitiana,M15,https://www.collectif-haiti.fr/garr-5/,texto-completo-en-linea,media,"Groupe d'Appui aux Rapatriés et Réfugiés (GARR), organización haitiana de derechos humanos con sede en Puerto Príncipe (69 rue Christ-Roi) y red de comités fronterizos (Réseau Binational Jeannot Succès) [POR VERIFICAR: su fundación en 1991, tomada de un resumen de búsqueda no abierto]. Fiabilidad media: Nota institucional de una ONG con presencia de campo y cifras propias, de parte y sin metodología publicada; los hechos puntuales se corroboran con prensa y organismos internacionales. Afirmaciones que toca: A-210. Verificación descargada-y-leida (acceso texto-completo-en-linea), consultada 2026-10-06; 2 extractos; lentes: haitiana."
M15-N49,primaria,"Groupe d'Appui aux Rapatriés et Réfugiés (GARR), Haití; reproducida por Collectif Haïti de France","Des Experts de l'ONU proposent l'élaboration d'une loi et d'un plan d'action contre le racisme en République Dominicaine (GARR, XI-2007)",2007,fr,haitiana,M15,https://www.collectif-haiti.fr/garr-16/,texto-completo-en-linea,media,"Groupe d'Appui aux Rapatriés et Réfugiés (GARR), organización haitiana de derechos humanos con sede en Puerto Príncipe (69 rue Christ-Roi) y red de comités fronterizos (Réseau Binational Jeannot Succès) [POR VERIFICAR: su fundación en 1991, tomada de un resumen de búsqueda no abierto]. Fiabilidad media: Nota institucional de una ONG con presencia de campo y cifras propias, de parte y sin metodología publicada; los hechos puntuales se corroboran con prensa y organismos internacionales. Afirmaciones que toca: A-203, A-207. Verificación descargada-y-leida (acceso texto-completo-en-linea), consultada 2026-10-06; 3 extractos; lentes: haitiana."
M15-N50,primaria,"Groupe d'Appui aux Rapatriés et Réfugiés (GARR), Haití; reproducida por Collectif Haïti de France","Violations du droit à la nationalité dans la nouvelle Constitution : des organisations américaines adressent leurs préoccupations à l'Etat dominicain (GARR, 17-IV-2009)",2009,fr,haitiana,M15,https://www.collectif-haiti.fr/garr-40/,texto-completo-en-linea,media,"Groupe d'Appui aux Rapatriés et Réfugiés (GARR), organización haitiana de derechos humanos con sede en Puerto Príncipe (69 rue Christ-Roi) y red de comités fronterizos (Réseau Binational Jeannot Succès) [POR VERIFICAR: su fundación en 1991, tomada de un resumen de búsqueda no abierto]. Fiabilidad media: Nota institucional de una ONG con presencia de campo y cifras propias, de parte y sin metodología publicada; los hechos puntuales se corroboran con prensa y organismos internacionales. Afirmaciones que toca: A-203, A-204. Verificación descargada-y-leida (acceso texto-completo-en-linea), consultada 2026-10-06; 1 extractos; lentes: haitiana."
M15-N51,primaria,"Groupe d'Appui aux Rapatriés et Réfugiés (GARR), Haití; reproducida por Collectif Haïti de France","Le GARR préoccupé par un regain d'hostilité vis-à-vis des descendants-es d'Haïtiens en République Dominicaine (GARR, 9-II-2007)",2007,fr,haitiana,M15,https://www.collectif-haiti.fr/garr-6/,texto-completo-en-linea,media,"Groupe d'Appui aux Rapatriés et Réfugiés (GARR), organización haitiana de derechos humanos con sede en Puerto Príncipe (69 rue Christ-Roi) y red de comités fronterizos (Réseau Binational Jeannot Succès) [POR VERIFICAR: su fundación en 1991, tomada de un resumen de búsqueda no abierto]. Fiabilidad media: Nota institucional de una ONG con presencia de campo y cifras propias, de parte y sin metodología publicada; los hechos puntuales se corroboran con prensa y organismos internacionales. Afirmaciones que toca: A-204. Verificación descargada-y-leida (acceso texto-completo-en-linea), consultada 2026-10-06; 1 extractos; lentes: haitiana."
M15-N52,primaria,"Groupe d'Appui aux Rapatriés et Réfugiés (GARR), Haití; reproducida por Collectif Haïti de France","Lutte anti-choléra en République Dominicaine : entre la satisfaction des autorités et la violation des droits des migrants-es haïtiens (GARR, 31-XII-2010)",2010,fr,haitiana,M15,https://www.collectif-haiti.fr/garr-59/,texto-completo-en-linea,media,"Groupe d'Appui aux Rapatriés et Réfugiés (GARR), organización haitiana de derechos humanos con sede en Puerto Príncipe (69 rue Christ-Roi) y red de comités fronterizos (Réseau Binational Jeannot Succès) [POR VERIFICAR: su fundación en 1991, tomada de un resumen de búsqueda no abierto]. Fiabilidad media: Nota institucional de una ONG con presencia de campo y cifras propias, de parte y sin metodología publicada; los hechos puntuales se corroboran con prensa y organismos internacionales. Afirmaciones que toca: A-206. Verificación descargada-y-leida (acceso texto-completo-en-linea), consultada 2026-10-06; 2 extractos; lentes: haitiana."
M15-N53,primaria,"Groupe d'Appui aux Rapatriés et Réfugiés (GARR), Haití; reproducida por Collectif Haïti de France","La situation d'Haïti a de graves conséquences sur les Haïtiens/Haïtiennes à l'étranger (GARR, 18-XII-2010)",2010,fr,haitiana,M15,https://www.collectif-haiti.fr/garr-57/,texto-completo-en-linea,media,"Groupe d'Appui aux Rapatriés et Réfugiés (GARR), organización haitiana de derechos humanos con sede en Puerto Príncipe (69 rue Christ-Roi) y red de comités fronterizos (Réseau Binational Jeannot Succès) [POR VERIFICAR: su fundación en 1991, tomada de un resumen de búsqueda no abierto]. Fiabilidad media: Nota institucional de una ONG con presencia de campo y cifras propias, de parte y sin metodología publicada; los hechos puntuales se corroboran con prensa y organismos internacionales. Afirmaciones que toca: A-206. Verificación descargada-y-leida (acceso texto-completo-en-linea), consultada 2026-10-06; 1 extractos; lentes: haitiana."
M15-N54,primaria,"Groupe d'Appui aux Rapatriés et Réfugiés (GARR), Haití; reproducida por Collectif Haïti de France","Des milliers de travailleurs migrants haïtiens retournent sans difficulté sur leurs lieux de travail en République Dominicaine (GARR, 11-I-2010)",2010,fr,haitiana,M15,https://www.collectif-haiti.fr/garr-56/,texto-completo-en-linea,media,"Groupe d'Appui aux Rapatriés et Réfugiés (GARR), organización haitiana de derechos humanos con sede en Puerto Príncipe (69 rue Christ-Roi) y red de comités fronterizos (Réseau Binational Jeannot Succès) [POR VERIFICAR: su fundación en 1991, tomada de un resumen de búsqueda no abierto]. Fiabilidad media: Nota institucional de una ONG con presencia de campo y cifras propias, de parte y sin metodología publicada; los hechos puntuales se corroboran con prensa y organismos internacionales. Afirmaciones que toca: A-206. Verificación descargada-y-leida (acceso texto-completo-en-linea), consultada 2026-10-06; 1 extractos; lentes: haitiana."
M15-N55,primaria,"Groupe d'Appui aux Rapatriés et Réfugiés (GARR), Haití; reproducida por Collectif Haïti de France","Plus d'un millier de ressortissants haïtiens rapatriés-es de la République Dominicaine en avril 2006 (GARR, 15-V-2006)",2006,fr,haitiana,M15,https://www.collectif-haiti.fr/republique-dominicaine/,texto-completo-en-linea,media,"Groupe d'Appui aux Rapatriés et Réfugiés (GARR), organización haitiana de derechos humanos con sede en Puerto Príncipe (69 rue Christ-Roi) y red de comités fronterizos (Réseau Binational Jeannot Succès) [POR VERIFICAR: su fundación en 1991, tomada de un resumen de búsqueda no abierto]. Fiabilidad media: Nota institucional de una ONG con presencia de campo y cifras propias, de parte y sin metodología publicada; los hechos puntuales se corroboran con prensa y organismos internacionales. Afirmaciones que toca: A-210. Verificación descargada-y-leida (acceso texto-completo-en-linea), consultada 2026-10-06; 1 extractos; lentes: haitiana."
M15-N56,divulgacion,"Radio Kiskeya (Haití), vía Espacinsular; reproducido por Collectif Haïti de France","Haïti – Rép Dom : Sonia Pierre, lauréate du Prix Robert Kennedy des droits humains 2006 (Radio Kiskeya, 8-X-2006; reproducido por el Collectif Haïti de France)",2006,fr,haitiana,M15,https://www.collectif-haiti.fr/haiti-rep-dom-sonia-pierre/,texto-completo-en-linea,media,"Radio Kiskeya (emisora privada de Puerto Príncipe) transmite el 8-X-2006 una noticia tomada de Espacinsular (agencia en línea dominicana) sobre el Premio Robert F. Kennedy 2006 a Sonia Pierre (MUDHA); reproducida por el Collectif Haïti de France el 9-X-2006; para el público haitiano. Fiabilidad media: Despacho radiofónico de una emisora haitiana basado en una agencia dominicana en línea (Espacinsular), con un error evidente en la ubicación del nacimiento de las niñas. Afirmaciones que toca: A-204. Verificación descargada-y-leida (acceso texto-completo-en-linea), consultada 2026-10-06; 1 extractos; lentes: haitiana."
M15-N57,divulgacion,"Duval, Frantz","Un nouveau maître s'installe (Le Nouvelliste, éditorial de Frantz Duval, 30-III-2012)",2012,fr,haitiana,M15,https://lenouvelliste.com/article/103865/un-nouveau-maitre-sinstalle,bajo-derechos,media,"Frantz Duval, redactor jefe de Le Nouvelliste (Puerto Príncipe); editorial del 30-III-2012, dos años después del terremoto; para el público haitiano; interés: advertir de la influencia dominicana creciente en Haití. Fiabilidad media: Editorial de opinión del director del diario haitiano de referencia; solo se leyó el resumen y el primer párrafo, el resto está tras muro de registro. Afirmaciones que toca: A-205, A-206. Verificación descargada-parcial (acceso bajo-derechos), consultada 2026-10-06; 2 extractos; lentes: haitiana."
M15-N58,divulgacion,"Bèle, Patrick (Le Figaro)","Saint-Domingue s'investit dans l'aide à Haïti (Le Figaro, reproducido por Le Nouvelliste, 3-II-2012)",2012,fr,francesa,M15,https://lenouvelliste.com/article/102313/saint-domingue-sinvestit-dans-laide-a-haiti,bajo-derechos,media,"Patrick Bèle, periodista de Le Figaro (París), reportaje del 3-II-2012 sobre la inauguración de la Universidad Henri-Christophe de Limonade, financiada por RD; reproducido por Le Nouvelliste (Puerto Príncipe) el mismo día; para el lector francófono y haitiano; interés informativo. Fiabilidad media: Reportaje de un diario francés reproducido por un diario haitiano; solo se leyó la entradilla y el primer párrafo (muro de registro). Afirmaciones que toca: A-205, A-206. Verificación descargada-parcial (acceso bajo-derechos), consultada 2026-10-06; 2 extractos; lentes: haitiana."
M15-N59,primaria,"Dominique, Jean L. (Jean Léopold)",Le Point : Donner et retenir; Le Point : Élections en République dominicaine en mai 1996 (Radio Haïti-Inter; editoriales de Jean Dominique del 18-III-1991 y del 17-V-1996),1996,fr,haitiana,M15,https://api.dloc.patron.uflib.ufl.edu/AA00074472/00001/citation?format=json,fragmento-busqueda,media,"Radio Haïti-Inter, emisora privada de Puerto Príncipe dirigida por Jean L. Dominique (asesinado el 3-IV-2000 [POR VERIFICAR]); grabaciones conservadas por Duke University Libraries (Radio Haiti Archive, colección RL10059) y reflejadas en la Digital Library of the Caribbean (dLOC) con licencia CC BY-NC-SA 4.0 según el registro. Fiabilidad media: Resumen de catalogador de una grabación primaria de una emisora haitiana de referencia: fiable como índice del contenido, no como cita ni prueba de lo afirmado en la grabación. Afirmaciones que toca: A-202. Verificación descargada-parcial (acceso fragmento-busqueda), consultada 2026-10-06; 1 extractos; lentes: haitiana, colonial-primaria."
M15-N60,primaria,"Dominique, Jean L. (Jean Léopold); Préval, René; Balaguer, Joaquín","Le Point sur le visite de Préval à Santo Domingo (Radio Haïti-Inter, 14-III-1996; editorial de Jean Dominique; versiones en francés y kreyòl)",1996,fr,haitiana,M15,https://api.dloc.patron.uflib.ufl.edu/AA00074600/00001/citation?format=json,fragmento-busqueda,media,"Radio Haïti-Inter, emisora privada de Puerto Príncipe dirigida por Jean L. Dominique (asesinado el 3-IV-2000 [POR VERIFICAR]); grabaciones conservadas por Duke University Libraries (Radio Haiti Archive, colección RL10059) y reflejadas en la Digital Library of the Caribbean (dLOC) con licencia CC BY-NC-SA 4.0 según el registro. Fiabilidad media: Resumen de catalogador de una grabación primaria de una emisora haitiana de referencia: fiable como índice del contenido, no como cita ni prueba de lo afirmado en la grabación. Afirmaciones que toca: A-202. Verificación descargada-parcial (acceso fragmento-busqueda), consultada 2026-10-06; 2 extractos; lentes: haitiana."
M15-N61,primaria,"Alexandre, Guy; Dominique, Jean L. (Jean Léopold) (entrevista)","Face à l'Opinion : Anbasadè Guy Alexandre sou Rapatriman Ayisyen nan Dominikani, 22 me 1996 (1) y (2) (Radio Haïti-Inter)",1996,ht,haitiana,M15,https://api.dloc.patron.uflib.ufl.edu/AA00071585/00001/citation?format=json,fragmento-busqueda,media,"Radio Haïti-Inter, emisora privada de Puerto Príncipe dirigida por Jean L. Dominique (asesinado el 3-IV-2000 [POR VERIFICAR]); grabaciones conservadas por Duke University Libraries (Radio Haiti Archive, colección RL10059) y reflejadas en la Digital Library of the Caribbean (dLOC) con licencia CC BY-NC-SA 4.0 según el registro. Fiabilidad media: Resumen de catalogador de una grabación primaria de una emisora haitiana de referencia: fiable como índice del contenido, no como cita ni prueba de lo afirmado en la grabación. Afirmaciones que toca: A-202, A-207, A-210. Verificación descargada-parcial (acceso fragmento-busqueda), consultada 2026-10-06; 3 extractos; lentes: haitiana."
M15-N62,primaria,"Dominique, Jean L. (Jean Léopold) (entrevista); Puig, Max","Face à l'Opinion : Max Puig, commission mixte haïtiano-dominicaine (1) y (2) (Radio Haïti-Inter, 19-IX-1996)",1996,fr,haitiana,M15,https://api.dloc.patron.uflib.ufl.edu/AA00071693/00001/citation?format=json,fragmento-busqueda,media,"Radio Haïti-Inter, emisora privada de Puerto Príncipe dirigida por Jean L. Dominique (asesinado el 3-IV-2000 [POR VERIFICAR]); grabaciones conservadas por Duke University Libraries (Radio Haiti Archive, colección RL10059) y reflejadas en la Digital Library of the Caribbean (dLOC) con licencia CC BY-NC-SA 4.0 según el registro. Fiabilidad media: Resumen de catalogador de una grabación primaria de una emisora haitiana de referencia: fiable como índice del contenido, no como cita ni prueba de lo afirmado en la grabación. Afirmaciones que toca: A-202. Verificación descargada-parcial (acceso fragmento-busqueda), consultada 2026-10-06; 1 extractos; lentes: haitiana."
M15-N63,primaria,"Dominique, Jean L. (Jean Léopold) (entrevista); Cassá, Roberto; Alexandre, Guy","Face à l'Opinion : Roberto Cassá et Guy Alexandre, Haïti et la République dominicaine (Radio Haïti-Inter, 30-I-1997; cuatro registros: AA00072888/89 y AA00071797/98)",1997,fr,haitiana,M15,https://api.dloc.patron.uflib.ufl.edu/AA00072888/00001/citation?format=json,fragmento-busqueda,media,"Radio Haïti-Inter, emisora privada de Puerto Príncipe dirigida por Jean L. Dominique (asesinado el 3-IV-2000 [POR VERIFICAR]); grabaciones conservadas por Duke University Libraries (Radio Haiti Archive, colección RL10059) y reflejadas en la Digital Library of the Caribbean (dLOC) con licencia CC BY-NC-SA 4.0 según el registro. Fiabilidad media: Resumen de catalogador de una grabación primaria de una emisora haitiana de referencia: fiable como índice del contenido, no como cita ni prueba de lo afirmado en la grabación. Afirmaciones que toca: A-202, A-206. Verificación descargada-parcial (acceso fragmento-busqueda), consultada 2026-10-06; 2 extractos; lentes: haitiana."
M15-N64,primaria,"Préval, René; Longchamp, Fritz; Eugène, Jean; Bien-Aimé, Jean-Baptiste; Joseph, Limage","Ayiti-Repiblik Dominikèn : rapatriman (Radio Haïti-Inter, reportaje de 17-XI-1999; Préval, Longchamp, el cónsul haitiano en Dajabón)",1999,ht,haitiana,M15,https://api.dloc.patron.uflib.ufl.edu/AA00075499/00001/citation?format=json,fragmento-busqueda,media,"Radio Haïti-Inter, emisora privada de Puerto Príncipe dirigida por Jean L. Dominique (asesinado el 3-IV-2000 [POR VERIFICAR]); grabaciones conservadas por Duke University Libraries (Radio Haiti Archive, colección RL10059) y reflejadas en la Digital Library of the Caribbean (dLOC) con licencia CC BY-NC-SA 4.0 según el registro. Fiabilidad media: Resumen de catalogador de una grabación primaria de una emisora haitiana de referencia: fiable como índice del contenido, no como cita ni prueba de lo afirmado en la grabación. Afirmaciones que toca: A-210. Verificación descargada-parcial (acceso fragmento-busqueda), consultada 2026-10-06; 3 extractos; lentes: haitiana."
M15-N65,primaria,"Longchamp, Fritz; Joseph, Carol; Herasme Peña, Silvio; Ruquoy, Pedro (Pierre)","rapatriman, 1999-2000 (Radio Haïti-Inter; reportajes de IX-1999 a I-2000: Longchamp, Joseph, el embajador dominicano Silvio Herasme Peña)",1999-2000,ht,haitiana,M15,https://api.dloc.patron.uflib.ufl.edu/AA00075504/00001/citation?format=json,fragmento-busqueda,media,"Radio Haïti-Inter, emisora privada de Puerto Príncipe dirigida por Jean L. Dominique (asesinado el 3-IV-2000 [POR VERIFICAR]); grabaciones conservadas por Duke University Libraries (Radio Haiti Archive, colección RL10059) y reflejadas en la Digital Library of the Caribbean (dLOC) con licencia CC BY-NC-SA 4.0 según el registro. Fiabilidad media: Resumen de catalogador de una grabación primaria de una emisora haitiana de referencia: fiable como índice del contenido, no como cita ni prueba de lo afirmado en la grabación. Afirmaciones que toca: A-210. Verificación descargada-parcial (acceso fragmento-busqueda), consultada 2026-10-06; 2 extractos; lentes: haitiana."
M15-N66,primaria,"Ruquoy, Pierre (Pedro); Joseph, Carol (ONM); St. Hubert, Jean Simon (GARR)","Ayiti, Repiblik Dominikèn, rapatriman (Radio Haïti-Inter, 9 a 20-XI-1999; Ruquoy, Joseph de la ONM, Saint-Hubert del GARR)",1999,ht,haitiana,M15,https://api.dloc.patron.uflib.ufl.edu/AA00075498/00001/citation?format=json,fragmento-busqueda,media,"Radio Haïti-Inter, emisora privada de Puerto Príncipe dirigida por Jean L. Dominique (asesinado el 3-IV-2000 [POR VERIFICAR]); grabaciones conservadas por Duke University Libraries (Radio Haiti Archive, colección RL10059) y reflejadas en la Digital Library of the Caribbean (dLOC) con licencia CC BY-NC-SA 4.0 según el registro. Fiabilidad media: Resumen de catalogador de una grabación primaria de una emisora haitiana de referencia: fiable como índice del contenido, no como cita ni prueba de lo afirmado en la grabación. Afirmaciones que toca: A-210. Verificación descargada-parcial (acceso fragmento-busqueda), consultada 2026-10-06; 3 extractos; lentes: haitiana."
M15-N67,primaria,"McCalla, Jocelyn (NCHR); Dominique, Jean L. (Jean Léopold) (entrevista)","Face à l'Opinion : Jocelyn McCalla, NCHR (1) y (2) (Radio Haïti-Inter, 18-VI-1996)",1996,fr,haitiana,M15,https://api.dloc.patron.uflib.ufl.edu/AA00071609/00001/citation?format=json,fragmento-busqueda,media,"Radio Haïti-Inter, emisora privada de Puerto Príncipe dirigida por Jean L. Dominique (asesinado el 3-IV-2000 [POR VERIFICAR]); grabaciones conservadas por Duke University Libraries (Radio Haiti Archive, colección RL10059) y reflejadas en la Digital Library of the Caribbean (dLOC) con licencia CC BY-NC-SA 4.0 según el registro. Fiabilidad media: Resumen de catalogador de una grabación primaria de una emisora haitiana de referencia: fiable como índice del contenido, no como cita ni prueba de lo afirmado en la grabación. Afirmaciones que toca: A-210. Verificación descargada-parcial (acceso fragmento-busqueda), consultada 2026-10-06; 1 extractos; lentes: haitiana."
M15-N68,primaria,"Alizar, Viles (NCHR); Canois, Brigitte","Masak Guayabin, yon lane apre (Radio Haïti-Inter, 18-VI-2001) y Massacre de Guayabin, protestations (registro AA00075815, fechado 9-XII-2002 en dLOC)",2001,fr,haitiana,M15,https://api.dloc.patron.uflib.ufl.edu/AA00075674/00001/citation?format=json,fragmento-busqueda,media,"Radio Haïti-Inter, emisora privada de Puerto Príncipe dirigida por Jean L. Dominique (asesinado el 3-IV-2000 [POR VERIFICAR]); grabaciones conservadas por Duke University Libraries (Radio Haiti Archive, colección RL10059) y reflejadas en la Digital Library of the Caribbean (dLOC) con licencia CC BY-NC-SA 4.0 según el registro. Fiabilidad media: Resumen de catalogador de una grabación primaria de una emisora haitiana de referencia: fiable como índice del contenido, no como cita ni prueba de lo afirmado en la grabación. Afirmaciones que toca: ninguna del módulo (contexto). Verificación descargada-parcial (acceso fragmento-busqueda), consultada 2026-10-06; 1 extractos; lentes: haitiana."
M15-N69,primaria,"Chalmers, Camille (PAPDA); Lespinasse, Colette (GARR); Estéus, Sony (conductor)","Pawòl la Pale : Relasyon Ayiti/Sendomeng (1) y (2) (Radio Haïti-Inter, 1-VI-2002; Camille Chalmers de la PAPDA, Colette Lespinasse del GARR)",2002,fr,haitiana,M15,https://api.dloc.patron.uflib.ufl.edu/AA00074003/00001/citation?format=json,fragmento-busqueda,media,"Radio Haïti-Inter, emisora privada de Puerto Príncipe dirigida por Jean L. Dominique (asesinado el 3-IV-2000 [POR VERIFICAR]); grabaciones conservadas por Duke University Libraries (Radio Haiti Archive, colección RL10059) y reflejadas en la Digital Library of the Caribbean (dLOC) con licencia CC BY-NC-SA 4.0 según el registro. Fiabilidad media: Resumen de catalogador de una grabación primaria de una emisora haitiana de referencia: fiable como índice del contenido, no como cita ni prueba de lo afirmado en la grabación. Afirmaciones que toca: A-204. Verificación descargada-parcial (acceso fragmento-busqueda), consultada 2026-10-06; 1 extractos; lentes: haitiana."
M15-N70,primaria,"Benoît, Victor; Alexandre, Guy","Lanmo Pena-Gomez (Radio Haïti-Inter, 11-V-1998; Victor Benoît y Guy Alexandre reaccionan a la muerte de Peña Gómez)",1998,ht,haitiana,M15,https://api.dloc.patron.uflib.ufl.edu/AA00075431/00001/citation?format=json,fragmento-busqueda,media,"Radio Haïti-Inter, emisora privada de Puerto Príncipe dirigida por Jean L. Dominique (asesinado el 3-IV-2000 [POR VERIFICAR]); grabaciones conservadas por Duke University Libraries (Radio Haiti Archive, colección RL10059) y reflejadas en la Digital Library of the Caribbean (dLOC) con licencia CC BY-NC-SA 4.0 según el registro. Fiabilidad media: Resumen de catalogador de una grabación primaria de una emisora haitiana de referencia: fiable como índice del contenido, no como cita ni prueba de lo afirmado en la grabación. Afirmaciones que toca: ninguna del módulo (contexto). Verificación descargada-parcial (acceso fragmento-busqueda), consultada 2026-10-06; 1 extractos; lentes: haitiana."
M15-N71,primaria,Corte Interamericana de Derechos Humanos,Resolución de la Corte Interamericana de Derechos Humanos de 18 de agosto de 2000. Medidas provisionales solicitadas por la Comisión Interamericana respecto de la República Dominicana. Caso de Haitianos y Dominicanos de Origen Haitiano en la República Dominicana,2000,es,internacional,M15;M16,https://www.corteidh.or.cr/docs/medidas/haitianos_se_02.pdf,pdf-en-linea,alta,"Resolución de la Corte IDH (San José, 18-VIII-2000) sobre la solicitud de medidas provisionales de la CIDH del 30-V-2000 (caso 12.271), tras audiencia pública del 8-VIII-2000. Fiabilidad alta: Resolución judicial que consigna, sin darlas por probadas, las alegaciones de la CIDH y las respuestas del Estado; sirve para fechar y acotar las posiciones, no para fijar cifras. Afirmaciones que toca: A-210. Verificación descargada-y-leida (acceso pdf-en-linea), consultada 2026-10-06; 5 extractos; lentes: colonial-primaria, cientifica."
M15-N72,primaria,"Diène, Doudou; McDougall, Gay (Naciones Unidas, Consejo de Derechos Humanos)","Report of the Special Rapporteur on contemporary forms of racism, racial discrimination, xenophobia and related intolerance, Doudou Diène, and the independent expert on minority issues, Gay McDougall: Addendum, Mission to Dominican Republic (A/HRC/7/19/Add.5; A/HRC/7/23/Add.3, 18 de marzo de 2008)",2008,en,internacional,M15;M16,https://www.icj.org/wp-content/uploads/2008/03/Mission-report-SR-Racism-Dominican-Republic-2008-eng.pdf,pdf-en-linea,alta,"Dos expertos independientes del Consejo de Derechos Humanos (Diène, relator sobre racismo; McDougall, experta en minorías) que visitaron la República Dominicana del 23 al 29 de octubre de 2007 por invitación del Gobierno (Santo Domingo, Dajabón, Santiago, San Pedro de Macorís). Fiabilidad alta: Informe oficial de dos mandatos de la ONU tras visita de campo con consultas a funcionarios, ONG y comunidades; la copia procede de la Comisión Internacional de Juristas; los testimonios de campo no se verificaron uno a uno. Afirmaciones que toca: A-203, A-204, A-207, A-208, A-210. Verificación descargada-y-leida (acceso pdf-en-linea), consultada 2026-10-06; 10 extractos; lentes: colonial-primaria, cientifica."
M15-N73,primaria,"Naciones Unidas, Comité para la Eliminación de la Discriminación Racial (CERD)","Concluding observations of the Committee on the Elimination of Racial Discrimination: Dominican Republic (CERD/C/DOM/CO/12, 16 de mayo de 2008), 72.º periodo de sesiones",2008,en,internacional,M15;M16,https://humanrts.umn.edu/country/dominicanrepublic2008.pdf,pdf-en-linea,alta,"Comité de 18 expertos independientes de la Convención sobre eliminación de la discriminación racial (Ginebra), que examinó los informes periódicos 9.º a 12.º de la República Dominicana con la delegación del Estado; las observaciones recogen información de ONG y del Estado; su interés es institucional (supervisión del tratado). Fiabilidad alta: Documento oficial de un órgano de tratado tras examinar el informe del Estado (18 feb.-7 mar. 2008); formula preocupaciones 'a partir de información recibida', no hechos probados. Afirmaciones que toca: A-203, A-204, A-210. Verificación descargada-y-leida (acceso pdf-en-linea), consultada 2026-10-06; 4 extractos; lentes: colonial-primaria."
M15-N74,secundaria,"Morgan, Jana; Espinal, Rosario (ed. general: Seligson, Mitchell A.)","Cultura política de la democracia en República Dominicana, 2008: El impacto de la gobernabilidad (Barómetro de las Américas, LAPOP, Vanderbilt University)",2008,es,internacional,M15;M16,https://www.vanderbilt.edu/lapop/dr/2008-culturapolitca.pdf,pdf-en-linea,alta,"Proyecto LAPOP (Vanderbilt) con trabajo de campo de Gallup República Dominicana en marzo de 2008; análisis de dos politólogas (Tennessee y Temple); patrocinio del programa de Democracia y Gobierno de USAID. La encuesta formuló dos preguntas sobre derechos de los haitianos en 2006, 2008 y 2010. Fiabilidad alta: Informe de una encuesta nacional probabilística (n=1.500) con cuestionario y metodología publicados; mide opiniones, no hechos, y el patrocinio es de USAID. Afirmaciones que toca: A-206, A-207, A-208. Verificación descargada-y-leida (acceso pdf-en-linea), consultada 2026-10-06; 4 extractos; lentes: colonial-primaria, internacional."
M15-N75,secundaria,"Morgan, Jana; Espinal, Rosario; Seligson, Mitchell A.","Cultura política de la democracia en República Dominicana, 2010: Consolidación democrática en las Américas en tiempos difíciles (Barómetro de las Américas, LAPOP, Vanderbilt University, septiembre de 2010)",2010,es,internacional,M15;M16,https://cdn.vanderbilt.edu/vu-my/wp-content/uploads/sites/1209/2019/04/14113649/DominicanRepublic2010Spanishfinalsm.pdf,pdf-en-linea,alta,"LAPOP (Vanderbilt) con trabajo de campo de 2010 en la República Dominicana y análisis de Morgan y Espinal; fechas exactas del campo no consignadas en el texto extraído (una búsqueda indicó febrero-marzo de 2010: [POR VERIFICAR]). Fiabilidad alta: Informe de una encuesta nacional probabilística (1.500 entrevistas efectivas) con metodología en apéndice; mide opiniones y autoidentificación, y el patrocinio es de USAID. Afirmaciones que toca: A-206, A-207, A-208, A-209. Verificación descargada-y-leida (acceso pdf-en-linea), consultada 2026-10-06; 8 extractos; lentes: colonial-primaria, internacional."
M15-N76,primaria,"Reid, Alastair","Urn Burial (crónica de la campaña electoral dominicana de 1994), The New York Review of Books, 23 de junio de 1994",1994,en,internacional,M15,https://www.nybooks.com/articles/1994/06/23/urn-burial/,texto-completo-en-linea,media,"Alastair Reid, poeta, traductor y periodista escocés que pasaba buena parte del año en Samaná; escribió para el NYRB tras las elecciones del 16 de mayo de 1994, 'la tercera elección dominicana consecutiva' que observaba, para lectores angloamericanos. Fiabilidad media: Crónica firmada de un testigo presente durante la campaña y escrita semanas después, pero que no cita los anuncios ni indica quién los pagó. Afirmaciones que toca: A-202. Verificación descargada-y-leida (acceso texto-completo-en-linea), consultada 2026-10-06; 3 extractos; lentes: colonial-primaria, internacional."
M15-N77,primaria,"Wucker, Michele","New Era Opens for Caribbean Country (The Christian Science Monitor, Santo Domingo, 15 de mayo de 1996)",1996,en,internacional,M15,https://www.csmonitor.com/1996/0515/051596.intl.intl.1.html,texto-completo-en-linea,media,"Michele Wucker, periodista estadounidense, colaboradora especial del Christian Science Monitor (después autora de Why the Cocks Fight, ver F-0141); publicada el 15-V-1996, un día antes de la primera vuelta del 16 de mayo. Fiabilidad media: Crónica de una corresponsal presente en Santo Domingo, escrita la víspera de la primera vuelta; atribuye la retórica a Balaguer sin citar palabras exactas. Afirmaciones que toca: A-202. Verificación descargada-y-leida (acceso texto-completo-en-linea), consultada 2026-10-06; 2 extractos; lentes: colonial-primaria."
M15-N78,primaria,United Press International (despacho sin firma en el extracto leído),"Pena Gomez favored in Dominican election (UPI Archives, Santo Domingo, 15 de mayo de 1994)",1994,en,internacional,M15,https://www.upi.com/Archives/1994/05/15/Pena-Gomez-favored-in-Dominican-election/9049768974400/,texto-completo-en-linea,media,"Agencia estadounidense UPI, despacho fechado en Santo Domingo el 15-V-1994 (víspera de las elecciones del 16 de mayo), para clientes de prensa; fuentes de sus afirmaciones no consignadas en lo leído. Fiabilidad media: Despacho de agencia del día previo a la elección; leído solo a través del resumidor de WebFetch, por lo que las citas deben recotejarse. Afirmaciones que toca: A-202. Verificación descargada-parcial (acceso texto-completo-en-linea), consultada 2026-10-06; 2 extractos; lentes: colonial-primaria."
M15-N79,primaria,United Press International (despacho sin firma en el extracto leído),"Racism emerges in Dominican election (UPI Archives, Santo Domingo, 3 de mayo de 1996)",1996,en,internacional,M15,https://www.upi.com/Archives/1996/05/03/Racism-emerges-in-Dominican-election/2466831096000/,texto-completo-en-linea,media,"UPI, despacho fechado en Santo Domingo el 3-V-1996, para clientes de prensa; fuentes de las cifras no consignadas ('unofficial figures'). Fiabilidad media: Despacho de agencia contemporáneo (dos semanas antes de la primera vuelta); leído solo a través del resumidor de WebFetch, por lo que las citas deben recotejarse. Afirmaciones que toca: A-202. Verificación descargada-parcial (acceso texto-completo-en-linea), consultada 2026-10-06; 2 extractos; lentes: colonial-primaria."
M15-N80,primaria,Human Rights Watch,"Human Rights Watch World Report 1997: Dominican Republic, Human Rights Developments (hechos de 1996)",1997,en,internacional,M15,https://www.hrw.org/reports/1997/WR97/AMERICAS-03.htm,texto-completo-en-linea,media,"Human Rights Watch (Nueva York), capítulo anual sobre la República Dominicana con los hechos de enero a noviembre de 1996, escrito para donantes, gobiernos y prensa; ONG de incidencia con interés en documentar abusos; sin acceso a archivos oficiales dominicanos. Fiabilidad media: Informe anual de una ONG con equipos propios y corresponsales locales, redactado en 1996-1997; no cita sus fuentes para las cifras de expulsados. Afirmaciones que toca: A-202. Verificación descargada-y-leida (acceso texto-completo-en-linea), consultada 2026-10-06; 2 extractos; lentes: colonial-primaria."
M15-N81,primaria,Human Rights Watch (Americas Watch),"Human Rights Watch World Report 1992 - Dominican Republic (capítulo «Americas Watch», con el resumen de las expulsiones de junio-septiembre de 1991)",1992,en,internacional,M15,https://www.hrw.org/reports/1992/WR92/AMW-06.htm,texto-completo-en-linea,media,"Capítulo sobre la República Dominicana del World Report 1992 de HRW, redactado por Americas Watch con el National Coalition for Haitian Refugees y Caribbean Rights tras dos misiones a la RD en 1991 (principios de febrero; fines de julio). Fiabilidad media: Informe anual de una ONG con misiones de campo propias (febrero y julio de 1991) y posición declarada contra el trabajo forzoso; las cifras de expulsados son estimaciones («se cree que») sin metodología expuesta. Afirmaciones que toca: A-210. Verificación descargada-y-leida (acceso texto-completo-en-linea), consultada 2026-10-06; 6 extractos; lentes: colonial-primaria, internacional, cientifica."
M15-N82,primaria,"The White House, Office of the Press Secretary (administración Obama)","Readout of the President's Call with President Fernandez of the Dominican Republic (The White House, Office of the Press Secretary, 14 de enero de 2010)",2010,en,oficial-eeuu,M15,https://obamawhitehouse.archives.gov/realitycheck/the-press-office/readout-presidents-call-president-fernandez-dominican-republic,texto-completo-en-linea,alta,"Oficina de prensa de la Casa Blanca (Washington), 14-I-2010, dos días después del terremoto; el interés es diplomático y de comunicación pública. Fiabilidad alta: Comunicado oficial contemporáneo del gobierno estadounidense sobre una llamada con el presidente dominicano; es breve y solo informa lo que cada uno dijo. Afirmaciones que toca: A-205. Verificación descargada-y-leida (acceso texto-completo-en-linea), consultada 2026-10-06; 2 extractos; lentes: colonial-primaria."
M15-N83,primaria,Organización Panamericana de la Salud / Organización Mundial de la Salud (OPS/OMS),"La OPS/OMS reconoce y apoya el trabajo de República Dominicana en la ayuda a Haití (nota de prensa de la OPS/OMS, 23-I-2010)",2010,es,internacional,M15,https://www.paho.org/es/noticias/23-1-2010-opsoms-reconoce-apoya-trabajo-republica-dominicana-ayuda-haiti,texto-completo-en-linea,media,"Nota de prensa de la OPS/OMS, Santo Domingo, 23-I-2010 (once días después del sismo), sobre la reunión de la directora Mirta Roses con el secretario de Estado de Salud Pública, Bautista Rojas Gómez. Fiabilidad media: Nota institucional de una agencia de la ONU sobre una reunión con el ministro de Salud dominicano; las cifras proceden de lo que informó el ministro, no de una verificación independiente. Afirmaciones que toca: A-205. Verificación descargada-y-leida (acceso texto-completo-en-linea), consultada 2026-10-06; 4 extractos; lentes: colonial-primaria, cientifica."
M15-N84,secundaria,"de Ville de Goyet, Claude; Sarmiento, Juan Pablo; Grünewald, François","Health response to the earthquake in Haiti, January 2010: Lessons to be learned for the next massive sudden-onset disaster (PAHO/WHO, Washington, D.C., 2011), cap. 4, sección «Dominican Republic»",2011,en,internacional,M15;M16,https://www.paho.org/sites/default/files/2022-05/health-response-2010-haiti-earthquake-en.pdf,pdf-en-linea,alta,"Tres consultores (de Ville de Goyet, Sarmiento, Grünewald) por encargo de la OPS/OMS; evaluación posterior a la emergencia, con datos de PAHO/WHO 2010b (informe de situación que no se abrió). Fiabilidad alta: Evaluación independiente publicada por la OPS con datos de los informes de situación OPS/OMS 2010; leída solo la sección sobre la República Dominicana (pp. 45-46). Afirmaciones que toca: A-205. Verificación descargada-y-leida (acceso pdf-en-linea), consultada 2026-10-06; 3 extractos; lentes: colonial-primaria."
M15-N85,primaria,"Naciones Unidas, Centro de Noticias de la ONU","Ban calls for international support in wake of devastating Haiti quake (UN News Centre, 13 de enero de 2010)",2010,en,internacional,M15,https://news.un.org/en/story/2010/01/326462,texto-completo-en-linea,alta,"Centro de Noticias de la ONU (Nueva York), 13-I-2010; reproduce lo dicho por el secretario general Ban Ki-moon ante la Asamblea General y por el subsecretario general John Holmes; sirve a la comunicación pública de la ONU. Fiabilidad alta: Despacho del servicio de noticias de la propia ONU, del día siguiente al terremoto, que reproduce declaraciones oficiales. Afirmaciones que toca: A-205. Verificación descargada-y-leida (acceso texto-completo-en-linea), consultada 2026-10-06; 1 extractos; lentes: colonial-primaria, cientifica."
M15-N86,divulgacion,Inter Press Service (corresponsal en Santo Domingo; firma no consignada en el texto extraído),"HAITI: Tensions Put on Hold as Dominican Republic Reaches Out (Inter Press Service, Santo Domingo, 11 de febrero de 2010)",2010,en,internacional,M15,https://www.ipsnews.net/2010/02/haiti-tensions-put-on-hold-as-dominican-republic-reaches-out/,texto-completo-en-linea,media,"Agencia internacional de prensa con sede en Roma; despacho del 11-II-2010 de Santo Domingo, un mes después del terremoto; recoge declaraciones de una asistente de la fundación FUNGLODE (vinculada a Leonel Fernández) y cifras de ayuda sin fuente. Fiabilidad media: Crónica de agencia con una sola fuente nombrada (una asistente de FUNGLODE) y cifras sin atribución. Afirmaciones que toca: A-205. Verificación descargada-y-leida (acceso texto-completo-en-linea), consultada 2026-10-06; 2 extractos; lentes: colonial-primaria."
M15-N87,primaria,"Naciones Unidas, Consejo de Seguridad (actas literales; copia de UN Project)","Security Council, 49.º año, 3376.ª sesión, viernes 6 de mayo de 1994 (S/PV.3376): adopción de la resolución 917 (1994) sobre Haití; transcripción OCR en UN Project",1994,en,internacional,M15,https://un-project.org/meeting/S-PV-3376/,texto-completo-en-linea,media,"Actas del Consejo de Seguridad (Nueva York) sobre el embargo comercial total a Haití tras el golpe de septiembre de 1991 (res. Fiabilidad media: Acta literal oficial del Consejo, pero esta copia es una transcripción OCR de un sitio de terceros con oradores en parte sin atribuir; debe cotejarse con el S/PV.3376 de la ONU. Afirmaciones que toca: ninguna del módulo (contexto). Verificación descargada-y-leida (acceso texto-completo-en-linea), consultada 2026-10-06; 4 extractos; lentes: colonial-primaria."
M15-N88,primaria,"República Dominicana, Poder Ejecutivo (presidente Joaquín Balaguer)","Gaceta Oficial de la República Dominicana, año CXI, n.º 9793 (15 de octubre de 1990): Decreto n.º 417-90 que instruye a la Dirección de Migración a regularizar la presencia de los nacionales haitianos en el territorio dominicano, pp. 44-46",1990,es,oficial-rd,M14;M15,https://memoriahistorica.senadord.gob.do/bitstreams/288b073e-713a-4726-8aa9-b8670e0ada11/download,pdf-en-linea,alta,"Gaceta Oficial n.º 9793 (Santo Domingo, 15-X-1990), publicación del Poder Ejecutivo de Balaguer, ocho meses antes del Decreto 233-91; digitalizada por el Senado. Fiabilidad alta: Diario oficial con certificación del Consultor Jurídico de que la publicación es oficial; OCR del PDF legible en estos artículos. Afirmaciones que toca: A-210. Verificación descargada-y-leida (acceso pdf-en-linea), consultada 2026-10-06; 2 extractos; lentes: colonial-primaria."
M15-N89,primaria,"Asamblea Nacional (Asamblea Revisora de la Constitución), República Dominicana","Constitución de la República Dominicana votada y proclamada por la Asamblea Nacional el 14 de agosto de 1994, Gaceta Oficial n.º 9890 (20 de agosto de 1994), con arts. 11, 90 y 121-122",1994,es,oficial-rd,M15;M16,https://memoriahistorica.senadord.gob.do/bitstreams/58c3094c-3a25-40e9-8f53-4cde9fe87a03/download,pdf-en-linea,alta,"Gaceta Oficial n.º 9890 (Santo Domingo, 20-VIII-1994) con la reforma proclamada el 14-VIII-1994 que recortó a dos años el mandato de Balaguer tras las denuncias de fraude de 1994 (CSM, 15-V-1996: 'a compromise with opposition parties'); el Senado la incluyó al inicio del archivo del volumen de 1997. Fiabilidad alta: Texto oficial en la Gaceta de promulgación; la transcripción de la PDBA coincide en el art. 11 y en los arts. 90, 121 y 122. Afirmaciones que toca: A-202, A-203, A-204. Verificación descargada-y-leida (acceso pdf-en-linea), consultada 2026-10-06; 4 extractos; lentes: colonial-primaria."
M15-N90,primaria,"Asamblea Nacional (Asamblea Revisora de la Constitución), República Dominicana","Constitución Política de la República Dominicana de 2002 (votada y proclamada por la Asamblea Nacional el 25 de julio de 2002), texto de la Political Database of the Americas (PDBA, Georgetown University)",2002,es,oficial-rd,M15;M16,https://pdba.georgetown.edu/Constitutions/DomRep/domrep02.html,texto-completo-en-linea,media,"Base de datos PDBA (Center for Latin American Studies, Georgetown), copia actualizada en marzo de 2009 del texto de la reforma de 2002; es el texto vigente cuando se aprobó la Ley 285-04 (que cita expresamente 'los Artículos 11 y 37, numeral 9 de la Constitución ... proclamada el 25 de julio del año 2002'). Fiabilidad media: Transcripción de una base de datos universitaria (no cotejada con la Gaceta Oficial n.º 10120 [POR VERIFICAR]); el art. 11 coincide con el de la Gaceta de 1994. Afirmaciones que toca: A-203, A-204. Verificación descargada-y-leida (acceso texto-completo-en-linea), consultada 2026-10-06; 2 extractos; lentes: colonial-primaria."
M15-N91,primaria,"República Dominicana, Secretaría de Estado de Relaciones Exteriores (canciller Juan Aristides Taveras Guzmán)","Memoria 1991: Secretaría de Estado de Relaciones Exteriores (Santo Domingo, 1992), secciones sobre las acusaciones de Haití, los fundamentos legales de las repatriaciones y la División de Asuntos Haitianos",1992,es,oficial-rd,M15,https://memoriahistorica.senadord.gob.do/bitstreams/08a66552-df96-4944-9e3d-2f534fdbbcb1/download,pdf-en-linea,media,"Memoria anual de la Cancillería dominicana presentada al Poder Ejecutivo y al Congreso en 1992 (digitalizada por el Senado); describe las gestiones de 1991 y la defensa de la RD ante las acusaciones haitianas en la Asamblea General de la ONU (46.º periodo, septiembre-octubre de 1991). Fiabilidad media: Documento oficial de rendición de cuentas de la Cancillería, de primera mano para la posición del Estado, pero con autoalabanza, silencio sobre las cifras de expulsiones y OCR de 95 MB con errores. Afirmaciones que toca: A-210. Verificación descargada-y-leida (acceso pdf-en-linea), consultada 2026-10-06; 3 extractos; lentes: colonial-primaria."
M15-N92,primaria,"República Dominicana, Secretaría de Estado de Relaciones Exteriores (canciller Eduardo Latorre)","Memoria 1999: Secretaría de Estado de Relaciones Exteriores (Santo Domingo, 2000), secciones de la División de Asuntos Haitianos (repatriaciones y Protocolo de Entendimiento de 2-XII-1999) y de gestiones ante la CIDH",2000,es,oficial-rd,M15,https://memoriahistorica.senadord.gob.do/bitstreams/71a5885c-0e83-4ae1-b775-94a16eb81a40/download,pdf-en-linea,media,"Memoria anual de la Cancillería dominicana (2000); la División de Asuntos Haitianos describe 1999: reuniones con Haití, el Protocolo del 2-XII-1999 y el recuento de 'repatriados' notificados mediante notas diplomáticas a la Embajada de Haití; otra sección registra las gestiones ante la CIDH (medidas cautelares). Fiabilidad media: Documento oficial de la Cancillería con un recuento mensual de repatriaciones que es el único conteo oficial hallado, pero limitado a las notificadas a la Embajada haitiana, con autoalabanza y OCR con errores (p. ej. '15,11 O'). Afirmaciones que toca: A-210. Verificación descargada-y-leida (acceso pdf-en-linea), consultada 2026-10-06; 5 extractos; lentes: colonial-primaria."
M15-N93,primaria,"República Dominicana, Secretaría de Estado de Relaciones Exteriores","Memoria 1996: Secretaría de Estado de Relaciones Exteriores (Santo Domingo, 1997), resumen de las relaciones dominico-haitianas de 1996",1997,es,oficial-rd,M15,https://memoriahistorica.senadord.gob.do/bitstreams/74b4a5a3-0d16-4fea-a074-c84d39e738eb/download,pdf-en-linea,media,"Memoria anual de la Cancillería dominicana (1997); en 1996 pasaron tres cancilleres (Morales Troncoso, Castillo y el firmante) por el cambio de gobierno del 16 de agosto; describe las relaciones con Haití como de 'mejoría de consideración'. Interés: rendir cuentas de la diplomacia de Balaguer y de Fernández. Fiabilidad media: Documento oficial de primera mano sobre la versión de la Cancillería; no menciona la campaña electoral ni las expulsiones de 1996 en lo leído y su OCR tiene errores. Afirmaciones que toca: A-202. Verificación descargada-y-leida (acceso pdf-en-linea), consultada 2026-10-06; 2 extractos; lentes: colonial-primaria."
M15-N94,primaria,"República Dominicana, Ministerio de Salud Pública y Asistencia Social (SESPAS)","Memoria anual 2010: Ministerio de Salud Pública y Asistencia Social (Santo Domingo, 2011), sección «Respuesta del Sistema de Salud Ante el Terremoto de Haití», pp. 28-30",2011,es,oficial-rd,M15,https://memoriahistorica.senadord.gob.do/bitstreams/10701c24-01a6-4d29-8cd4-11c862ad31a1/download,pdf-en-linea,media,"Memoria anual del ministerio dominicano de Salud (2011) con el balance de 2010, que incluye la respuesta al terremoto del 12-I-2010 (hospital Melenciano de Jimaní y traslados a Santo Domingo); escrita por la propia institución, con interés en mostrar su gestión. Fiabilidad media: Informe oficial de primera mano de la institución que prestó la atención, pero de autoevaluación, con cifras sin desglose ni auditoría externa. Afirmaciones que toca: A-205, A-206. Verificación descargada-y-leida (acceso pdf-en-linea), consultada 2026-10-06; 3 extractos; lentes: colonial-primaria."
M15-N95,primaria,"Senado de la República Dominicana (senador Enriquillo Reyes Ramírez, proponente; vicepresidente en funciones Favián Ant. del Villar Aristy)","Resolución del Senado de la República Dominicana que denuncia como irrazonables y contrarias a la soberanía e interés nacional las sentencias sobre nacionalidad de hijos de haitianos indocumentados y la decisión de la Corte Interamericana de 8-IX-2005 (iniciativa 00728, aprobada el 25 de octubre de 2005)",2005,es,oficial-rd,M15;M16,https://memoriahistorica.senadord.gob.do/bitstreams/aab2b701-83ac-483f-bf97-5acd4b64f33c/download,pdf-en-linea,alta,"Resolución aprobada por el Senado dominicano y firmada el 25-X-2005, siete semanas después de la sentencia Yean y Bosico (8-IX-2005); se comunicó a la Cancillería, a la OEA, a la ONU y a la CIDH. Sabe lo que el Senado votó y cómo lo justificó; no es una decisión de política migratoria ni del Ejecutivo. Fiabilidad alta: Documento original del órgano legislativo; prueba la posición del Senado, no la del Poder Ejecutivo ni la de todo el Estado. Afirmaciones que toca: A-204. Verificación descargada-y-leida (acceso pdf-en-linea), consultada 2026-10-06; 5 extractos; lentes: colonial-primaria."
M15-N96,primaria,Senado de la República Dominicana (intervención del senador Enriquillo Reyes Ramírez),"Acta núm. 0154 de la sesión ordinaria del Senado de la República Dominicana, martes 18 de octubre de 2005 (lectura in voce del proyecto de resolución sobre la sentencia de la Corte Interamericana)",2005,es,oficial-rd,M15;M16,https://memoriahistorica.senadord.gob.do/bitstreams/7c4feea8-3e6a-4cd6-acfd-fbb8e358e92a/download,pdf-en-linea,alta,"Acta taquigráfica del Senado (Santo Domingo, 18-X-2005), p. Fiabilidad alta: Acta oficial de la sesión; recoge palabras de un senador, no de la mayoría ni del Ejecutivo. Afirmaciones que toca: A-204. Verificación descargada-y-leida (acceso pdf-en-linea), consultada 2026-10-06; 3 extractos; lentes: colonial-primaria."
M15-N97,primaria,"República Dominicana, Secretaría de Estado de Relaciones Exteriores (canciller Carlos A. Morales Troncoso)","Memoria institucional 1994: Secretaría de Estado de Relaciones Exteriores (Santo Domingo, 1995), discurso del canciller ante la 49.ª Asamblea General de la ONU sobre Haití tras el regreso de Aristide",1995,es,oficial-rd,M15,https://memoriahistorica.senadord.gob.do/bitstreams/803832c2-a184-4ff2-89ab-49f68e49177d/download,pdf-en-linea,media,"Memoria anual de la Cancillería dominicana (1995) sobre 1994: resume la participación de la delegación en la 49.ª Asamblea General de la ONU (otoño de 1994, delegación presidida por el canciller Morales Troncoso, en el gobierno de Balaguer de 1994-1996) y en la Asamblea de la OEA en Belem (junio de 1994). Fiabilidad media: Documento oficial de rendición de cuentas de la Cancillería; solo se leyó el pasaje del discurso ante la ONU (grep de 'Aristide' y 'embargo') y el OCR tiene errores. Afirmaciones que toca: ninguna del módulo (contexto). Verificación descargada-parcial (acceso pdf-en-linea), consultada 2026-10-06; 2 extractos; lentes: colonial-primaria."
M15-N98,secundaria,"Wooding, Bridget; Moseley-Williams, Richard","Needed but unwanted: Haitian immigrants and their descendants in the Dominican Republic (CIIR Briefing, Londres, 2004)",2004,en,internacional,M15;M16,https://web.archive.org/web/20170215162919/http://www.progressio.org.uk/sites/default/files/Needed_but_unwanted.pdf,pdf-en-linea,media,"Bridget Wooding y Richard Moseley-Williams (consultores británicos radicados en Santo Domingo, vinculados al Observatorio de Migrantes del Caribe) para el Catholic Institute for International Relations (Londres), 2004. Fiabilidad media: Informe de dos especialistas residentes en Santo Domingo con referencias, pero publicado por una ONG de defensa (CIIR) con posición declarada y previo a la Ley 285-04. Afirmaciones que toca: A-202, A-203, A-204, A-206, A-210. Verificación descargada-y-leida (acceso pdf-en-linea), consultada 2026-10-06; 7 extractos; lentes: internacional."
M15-N99,secundaria,"Wooding, Bridget","El impacto del terremoto en Haití sobre la inmigración haitiana en República Dominicana (América Latina Hoy, vol. 56, diciembre de 2010, pp. 111-129)",2010,es,internacional,M15;M16,https://www.redalyc.org/pdf/308/30816743006.pdf,pdf-en-linea,media,"Bridget Wooding (Observatorio Migrantes del Caribe, FLACSO/CIES-UNIBE, Santo Domingo), artículo recibido el 30 de noviembre de 2010, once meses después del terremoto. Fiabilidad media: Artículo de una revista arbitrada (Universidad de Salamanca) de una especialista del Observatorio Migrantes del Caribe, recibido el 30-XI-2010, con referencias a informes de la ONU y declaraciones oficiales. Afirmaciones que toca: A-205, A-206. Verificación descargada-y-leida (acceso pdf-en-linea), consultada 2026-10-06; 11 extractos; lentes: internacional, cientifica."
M15-N100,secundaria,"Lozano, Wilfredo","Geopolítica de la reconstrucción de Haití y la cooperación insular en la Hispaniola (Ciencia y Sociedad, vol. XXXVI, n.º 4, oct.-dic. de 2011, pp. 561-589)",2011,es,dominicana,M15;M16,https://www.redalyc.org/pdf/870/87022786001.pdf,pdf-en-linea,alta,"Wilfredo Lozano (sociólogo dominicano, director del CIES de la Universidad Iberoamericana, Santo Domingo), trabajo presentado en un seminario internacional (Universidad Torcuato Di Tella y Norwegian Peacebuilding Centre) y publicado en Ciencia y Sociedad (INTEC) en 2011. Fiabilidad alta: Artículo de una revista arbitrada del INTEC de un sociólogo especialista en relaciones domínico-haitianas, con argumento y notas, aunque sin cifras ni citas de las fuentes de la ayuda. Afirmaciones que toca: A-205, A-206. Verificación descargada-y-leida (acceso pdf-en-linea), consultada 2026-10-06; 4 extractos; lentes: internacional."
M15-N101,secundaria,"Seelke, Clare Ribando (Congressional Research Service)","Dominican Republic: Background and U.S. Relations (CRS Report for Congress R41482, 3 de enero de 2011)",2011,en,oficial-eeuu,M15;M16,https://www.everycrsreport.com/files/20110103_R41482_bae8da829390af06c60fbcf59ca2b30fa36a33ea.html,texto-completo-en-linea,media,"Clare Ribando Seelke (especialista en asuntos latinoamericanos del Congressional Research Service, Biblioteca del Congreso de EE.UU.), 3-I-2011, para miembros y comités del Congreso; interés institucional: informar de una relación bilateral y de la política de EE.UU.; no vio los hechos. Fiabilidad media: Informe de un servicio de análisis del Congreso de EE.UU., sin interés partidista pero compilado de prensa y bases de datos (cita a McClatchy y a EIU) y de un periodo corto tras los hechos. Afirmaciones que toca: A-205, A-206. Verificación descargada-y-leida (acceso texto-completo-en-linea), consultada 2026-10-06; 5 extractos; lentes: internacional."
M15-N102,secundaria,"Martínez, Samuel","Not a Cockfight: Rethinking Haitian-Dominican Relations (Latin American Perspectives, vol. 30, n.º 3, mayo de 2003, pp. 80-101)",2003,en,internacional,M12;M13;M14;M15;M16,https://library.fes.de/libalt/journals/swetsfulltext/16831274.pdf,pdf-en-linea,alta,"Samuel Martínez (antropólogo, University of Connecticut), con trabajo de campo de 12 meses en un batey de San Pedro de Macorís. Fiabilidad alta: Artículo arbitrado de un antropólogo con 12 meses de trabajo de campo en un batey (Monte Coca, ingenio Consuelo) y bibliografía amplia; es ensayo de crítica a Wucker, no un estudio de actitudes. Afirmaciones que toca: A-202, A-206. Verificación descargada-y-leida (acceso pdf-en-linea), consultada 2026-10-06; 5 extractos; lentes: internacional."
M15-N103,secundaria,"Guilamo, Daly","Fear of a Black Country: Dominican Anti-Haitianism, the Denial of Racism, and Contradictions in the Aftermath of the 2010 Earthquake (tesis doctoral, Temple University, agosto de 2013)",2013,en,internacional,M15;M16,https://scholarshare.temple.edu/bitstreams/94a6126c-ef74-4d88-8535-6b121135555c/download,pdf-en-linea,media,"Daly Guilamo (dominicano-estadounidense, Temple University, Departamento de African American Studies, dir. Fiabilidad media: Tesis doctoral de Temple University (African American Studies) con encuesta y grupos focales propios, pero con una muestra de tamaño no localizado, de método no probabilístico en la práctica y con tesis militante declarada. Afirmaciones que toca: A-206. Verificación descargada-y-leida (acceso pdf-en-linea), consultada 2026-10-06; 4 extractos; lentes: internacional."
M15-N104,secundaria,"Denis-Rosario, Milagros; Paulino, Edward","Desmantelando la nación dominicana: confrontando des-nacionalización, hilvanando la identidad nacional (introducción al dossier, Memorias. Revista Digital de Historia y Arqueología desde el Caribe, n.º 28, ene.-abr. de 2016, pp. A-H)",2016,es,internacional,M15;M16,https://www.redalyc.org/pdf/855/85545264007.pdf,pdf-en-linea,media,"Milagros Denis-Rosario (Hunter College, CUNY) y Edward Paulino (John Jay College, CUNY; autor de Dividing Hispaniola, 2016), presentación de un dossier de la revista Memorias (Universidad del Norte, Barranquilla) tras la sentencia TC/0168/13. Fiabilidad media: Presentación editorial de dos historiadores de CUNY a un dossier arbitrado; es un resumen sin notas, con frases de traducción deficiente y una cifra (200.000) sin fuente. Afirmaciones que toca: A-202, A-203, A-204. Verificación descargada-y-leida (acceso pdf-en-linea), consultada 2026-10-06; 4 extractos; lentes: internacional."
M15-N105,secundaria,"Sagás, Ernesto","Las elecciones de 1994 y 1996 en la República Dominicana: coyuntura política y crisis postelectoral en el ocaso de los caudillos (Revista Mexicana del Caribe, vol. VI, n.º 11, 2001, pp. 155-191)",2001,es,internacional,M15,https://www.redalyc.org/pdf/128/12801103.pdf,pdf-en-linea,alta,"Ernesto Sagás (Rutgers University, Department of Puerto Rican and Hispanic Caribbean Studies), artículo de 2001 en la Revista Mexicana del Caribe (Universidad de Quintana Roo) con resumen en cuatro idiomas. Fiabilidad alta: Artículo arbitrado del autor del libro de referencia sobre antihaitianismo (Sagás 2000), con tablas de resultados, encuestas y prensa citadas; escrito cinco años después de los hechos. Afirmaciones que toca: A-202, A-206. Verificación descargada-y-leida (acceso pdf-en-linea), consultada 2026-10-06; 7 extractos; lentes: internacional."
M15-N106,secundaria,"Congressional Research Service (Margesson, Rhoda; Taft-Morales, Maureen, según la cita de García Peña 2019; los nombres están borrados en la copia de EveryCRSReport [POR VERIFICAR para esta versión])","Haiti Earthquake: Crisis and Response (CRS Report for Congress R41023, versión del 6 de mayo de 2010; historial de versiones 15-I-2010 a 6-V-2010)",2010,en,oficial-eeuu,M15;M16,https://www.everycrsreport.com/reports/R41023.html,texto-completo-en-linea,media,"Congressional Research Service (Washington), informe actualizado cinco veces entre el 15-I-2010 y el 6-V-2010 para miembros y comités del Congreso. Fiabilidad media: Informe de un servicio de análisis del Congreso de EE.UU. que compila datos de OCHA, Factiva y LexisNexis (lo declara en la fuente del apéndice), sin trabajo de campo. Afirmaciones que toca: A-205, A-206. Verificación descargada-y-leida (acceso texto-completo-en-linea), consultada 2026-10-06; 4 extractos; lentes: internacional."
M15-N107,primaria,Corte Interamericana de Derechos Humanos,"Case of Haitians and Haitian Origin in the Dominican Republic, Order of the Court of September 14, 2000 (medidas provisionales, Serie E 2000) [Asunto de haitianos y dominicanos de origen haitiano en la República Dominicana, Resolución de la Corte de 14 de septiembre de 2000]",2000,en,internacional,M15;M16,https://hrlibrary.umn.edu/iachr/E/haitianorigin9-14-00.html,texto-completo-en-linea,alta,"Corte IDH (San José), resolución de 14-IX-2000 sobre medidas provisionales solicitadas por la CIDH el 30-V-2000 en el caso 12.271 (que culminó en la sentencia de 2014). Fiabilidad alta: Resolución oficial del tribunal; la parte de hechos resume la solicitud de la CIDH (y, por tanto, la versión de los peticionarios) y la cifra de 20.000 es una estimación de ellos, no una constatación de la Corte. Afirmaciones que toca: A-210. Verificación descargada-y-leida (acceso texto-completo-en-linea), consultada 2026-10-06; 4 extractos; lentes: internacional."
M15-N108,secundaria,"Espinal, Rosario; Morgan, Jana; Seligson, Mitchell A. (coord.); LAPOP / Vanderbilt University","Cultura política de la democracia en República Dominicana y en las Américas, 2012: hacia la igualdad de oportunidades (Barómetro de las Américas, LAPOP, Vanderbilt University, abril de 2013)",2013,es,internacional,M15;M16,https://www.vanderbilt.edu/lapop/dr/DR_Country_Report_2012_V3_revised_W.pdf,pdf-en-linea,alta,"Rosario Espinal (Temple University) y Jana Morgan (University of Tennessee) para LAPOP (Vanderbilt), con apoyo de USAID; datos recogidos por Gallup República Dominicana en la ronda de 2012 (el trabajo de campo de toda la ronda fue de enero a principios de mayo de 2012; las fechas dominicanas exactas [POR VERIFICAR]). Fiabilidad alta: Encuesta de hogares con muestra probabilística multietápica de unos 1.500 individuos, diseño común de LAPOP, trabajo de campo de Gallup República Dominicana; las mismas dos preguntas desde 2006. Afirmaciones que toca: A-206. Verificación descargada-y-leida (acceso pdf-en-linea), consultada 2026-10-06; 3 extractos; lentes: internacional."
M15-N109,primaria,"Amnistía Internacional (Secretariado Internacional, Londres)","Dominican Republic: carta de Amnistía Internacional al presidente Leonel Fernández sobre la situación de los trabajadores migrantes haitianos y los dominicanos de ascendencia haitiana (AMR 27/001/2006, Londres, 8 de marzo de 2006)",2006,en,internacional,M15;M16,https://www.amnesty.org/ar/wp-content/uploads/2021/08/amr270012006en.pdf,pdf-en-linea,media,"Amnistía Internacional (Londres), carta de 7 páginas del 8-III-2006 al presidente Leonel Fernández. Fiabilidad media: Carta de una ONG internacional a un jefe de Estado, fechada y con referencias, pero basada en 'reports received' y en cifras de ONG locales que no verifica. Afirmaciones que toca: A-204, A-206, A-210. Verificación descargada-y-leida (acceso pdf-en-linea), consultada 2026-10-06; 6 extractos; lentes: internacional."
M15-N110,primaria,"Naciones Unidas, Secretario General (Ban Ki-moon)","Secretary-General's press encounter following Security Council adoption of resolution on Haiti (Nueva York, 19 de enero de 2010)",2010,en,internacional,M15;M16,https://www.un.org/sg/en/content/former-secretary-general/press-events/2010-01-19/secretary-generals-press-encounter-following-security-council-adoption-of-resolution-haiti,texto-completo-en-linea,alta,"Declaración de Ban Ki-moon ante la prensa, Nueva York, 19-I-2010, tras la aprobación por el Consejo de Seguridad de la resolución sobre Haití, una semana después del terremoto. Fiabilidad alta: Transcripción oficial de una declaración pública del Secretario General (fiabilidad estimada, no leída): fuente primaria de la frase, que habla de una apreciación, no de una medición. Afirmaciones que toca: A-205. Verificación fallo-fetch (acceso localizada-bloqueada), consultada 2026-10-06; 0 extractos; lentes: internacional. | Ronda 2 (2026-10-06): CONFIRMA la frase de Ban Ki-moon de A-205, pero en inglés: «very generously and swiftly» (el enunciado la da en español como «generosidad y rapidez», traducción de EFE y de resúmenes de búsqueda). Es una respuesta a una pregunta de un periodista sobre el batallón y la inmigración, el 19-I-2010 en Nueva York, no una carta ni un comunicado de agradecimiento. NO dice «primer país» ni «1.500 cirugías»: eso sigue sin documento de la ONU. El texto cubre además el carácter condicionado de la apreciación (la inmigración «dentro de las normas vigentes»). Cuidado con la confusión con otros textos 2012-2 Verificación descargada-y-leida (acceso texto-completo-en-linea); 4 extractos nuevos; afirmaciones que toca ahora: A-205, A-206."
M15-N111,primaria,Human Rights Watch (Americas Watch),Human Rights Watch World Report 1993 - Dominican Republic (año 1992),1993,en,internacional,M15,https://www.hrw.org/reports/1993/WR93/Amw-04.htm,texto-completo-en-linea,media,"Capítulo del World Report 1993 (hechos de 1992) de Americas Watch/HRW, Nueva York, redactado tras una delegación a la RD en febrero-marzo de 1992. Fiabilidad media: Resumen anual de una ONG con misión de campo (febrero-marzo de 1992); da rangos («hasta 6.000», «hasta 50.000-60.000») sin método y con el tono de una organización que hacía campaña. Afirmaciones que toca: A-210. Verificación descargada-y-leida (acceso texto-completo-en-linea), consultada 2026-10-06; 3 extractos; lentes: cientifica."
M15-N112,primaria,Amnesty International (Secretariado Internacional),"República Dominicana. Una vie en transit - La situation tragique des migrants haïtiens et des Dominicains d'origine haïtienne (traducción francesa de «A life in transit», AMR 27/001/2007)",2007,fr,internacional,M15;M16,https://www.amnesty.be/IMG/pdf/AMR270012007.pdf,pdf-en-linea,media,"Informe de Amnistía Internacional de marzo de 2007, publicado el 21-III (Día Internacional contra la Discriminación Racial), tras visitas a la RD. Copia en francés de las Éditions Francophones d'Amnesty (ÉFAI). Fiabilidad media: Informe de una ONG con misión de campo y testimonios, útil para describir prácticas y para el contenido de la ley; sus cifras de población son tomadas del PNUD y no propias. Afirmaciones que toca: A-203, A-210. Verificación descargada-y-leida (acceso pdf-en-linea), consultada 2026-10-06; 5 extractos; lentes: cientifica."
M15-N113,secundaria,"Programa de las Naciones Unidas para el Desarrollo, Oficina de Desarrollo Humano (ODH/PNUD), Santo Domingo","Informe Nacional de Desarrollo Humano República Dominicana 2005. Hacia una inserción mundial incluyente y renovada, cap. V «Las migraciones: la incapacidad de ofrecer una vida digna» (Cuadros V.4 y V.5)",2005,es,internacional,M15;M16,https://mapa.do.undp.org/files/publications/INDH%20RD%202005.pdf,pdf-en-linea,alta,"Informe de desarrollo humano del PNUD en la RD (Santo Domingo, 2005, 376 pp.), elaborado por la ODH con colaboradores dominicanos y una consulta nacional; el cap. Fiabilidad alta: Informe oficial de una oficina del PNUD con equipo técnico propio que declara explícitamente que no hay cifras confiables, expone tres escenarios y sus supuestos y cita las encuestas de las que parte. Afirmaciones que toca: A-203, A-204, A-206. Verificación descargada-y-leida (acceso pdf-en-linea), consultada 2026-10-06; 8 extractos; lentes: cientifica."
M15-N114,divulgacion,"Mejía Santana, Julio César","Notas de población y desarrollo en la República Dominicana (5): Las inmigraciones internacionales a República Dominicana (Acento, 11-IX-2019)",2019,es,dominicana,M15;M16,https://acento.com.do/opinion/notas-de-poblacion-y-desarrollo-en-la-republica-dominicana-5-8727111.html,texto-completo-en-linea,media,"Columna de opinión de Julio César Mejía Santana (demógrafo dominicano) en el periódico digital Acento, quinta de una serie de «Notas de población», 11-IX-2019. Fiabilidad media: Columna de un demógrafo dominicano que resume encuestas y censos con sus cifras pero sin citar los informes originales ni el método; sirve como índice, no como evidencia. Afirmaciones que toca: A-206. Verificación descargada-y-leida (acceso texto-completo-en-linea), consultada 2026-10-06; 2 extractos; lentes: cientifica."
M15-N115,base-de-datos,"Morgan, Jana; Espinal, Rosario; Seligson, Mitchell A. (LAPOP, Vanderbilt University)","Cultura política de la democracia en República Dominicana, 2010. Consolidación democrática en las Américas en tiempos difíciles. Resumen ejecutivo (Barómetro de las Américas, LAPOP)",2010,es,internacional,M15,https://cdn.vanderbilt.edu/vu-my/wp-content/uploads/sites/1209/2019/04/14113610/DominicanRepublicExecutiveSummarySpanishsm.pdf,pdf-en-linea,alta,"Resumen ejecutivo del informe de la ronda 2010 del Barómetro de las Américas en la RD (septiembre de 2010), de LAPOP (Universidad de Vanderbilt) con la participación de Rosario Espinal (Temple University); financiado por USAID. Muestra de 1.500 personas en cuatro regiones, trabajo de campo en febrero de 2010. Fiabilidad alta: Encuesta probabilística nacional (n=1.500, febrero de 2010, trabajo de campo de Gallup República Dominicana) con diseño y metodología estándar de LAPOP e intervalos de confianza publicados; es resumen ejecutivo, no el informe completo ni la base de datos. Afirmaciones que toca: A-206, A-207, A-208, A-209. Verificación descargada-y-leida (acceso pdf-en-linea), consultada 2026-10-06; 5 extractos; lentes: cientifica."
M15-N116,secundaria,"Banco Mundial (Poverty Reduction and Economic Management Unit, Latin America and the Caribbean)","Dominican Republic Poverty Assessment: Poverty in a High-Growth Economy (1986-2000), Volume I: Main Report (Report No. 21306-DR, 17-XII-2001), cap. 3, sección C «Haitian Migration to the DR»",2001,en,internacional,M15,https://openknowledge.worldbank.org/server/api/core/bitstreams/e639713a-afbb-53fa-9891-6d2557508e2a/content,texto-completo-en-linea,alta,"Informe del Banco Mundial (Washington, 17-XII-2001; Report No. Fiabilidad alta: Informe oficial del Banco Mundial con equipo técnico de economistas y trabajos de campo que declara explícitamente sus límites y las encuestas de las que parte; las cifras de población haitiana son «estimaciones» sin censo. Afirmaciones que toca: A-204, A-210. Verificación descargada-y-leida (acceso texto-completo-en-linea), consultada 2026-10-06; 7 extractos; lentes: cientifica."
M15-N117,secundaria,"Scuriatti, Marco (Banco Mundial)","Dominican Republic Poverty Assessment, Volume II: Background Papers (Report No. 21306-DR), sección 6: «A Review of the Haitian Immigrant Population in the Dominican Republic» (Marco Scuriatti)",2001,en,internacional,M15,https://openknowledge.worldbank.org/server/api/core/bitstreams/38f731ea-9ddf-5d94-83dd-77b90fe370e7/content,texto-completo-en-linea,alta,"Documento de antecedentes de Marco Scuriatti (Banco Mundial), 2001, para el diagnóstico de pobreza; se apoya en dos evaluaciones sociales del Banco Mundial en diez bateyes y en el barrio de Ozama, entrevistas con ONG y haitianos, y la bibliografía previa (Silié 1998, Gavigan/NCHR 1995-1996, Lozano). Fiabilidad alta: Documento de trabajo del Banco Mundial que combina dos evaluaciones sociales en bateyes y un barrio de Santo Domingo con entrevistas y literatura previa; cita fuentes con su base (CREP 1999, ENGIH 1998, NCHR 1995). Afirmaciones que toca: ninguna del módulo (contexto). Verificación descargada-y-leida (acceso texto-completo-en-linea), consultada 2026-10-06; 6 extractos; lentes: cientifica."
M15-N118,primaria,Comisión Interamericana de Derechos Humanos (CIDH/OEA),"Report on the Situation of Human Rights in Haiti (OEA/Ser.L/II.85, Doc. 28 rev., 1994), cap. III «The Political Situation in Haiti»: elecciones del 16-XII-1990 y golpe del 29-IX-1991",1994,en,internacional,M15,https://hrlibrary.umn.edu/iachr/country-reports/haiti1994-ch3.html,texto-completo-en-linea,alta,"Informe de la CIDH sobre Haití aprobado en 1994 (OEA/Ser.L/II.85, Doc. Fiabilidad alta: Informe de país de un órgano de la OEA con dato electoral oficial proclamado por el Consejo Electoral y relato de los hechos de 1990-1991; el recuento de muertos tras el golpe es de «varias fuentes». Afirmaciones que toca: A-210. Verificación descargada-y-leida (acceso texto-completo-en-linea), consultada 2026-10-06; 4 extractos; lentes: cientifica."
M15-N119,secundaria,"Jiménez Polanco, Jacqueline","Las elecciones dominicanas de 1994: el último clivaje de una cuasipoliarquía gerontocrática y delegativa (América Latina Hoy, vol. 13, 1996)",1996,es,internacional,M15,https://revistas.usal.es/cuatro/index.php/1130-2887/article/view/2351,pdf-en-linea,media,"Jacqueline Jiménez Polanco (CECAL, Universidad Complutense de Madrid; Instituto de Estudios de Iberoamérica y Portugal, Universidad de Salamanca), artículo del vol. Fiabilidad media: Artículo de politóloga dominicana de la Universidad de Salamanca/Complutense con datos de la JCE y prensa de la época; escrito en 1995-1996, sin acceso a las actas ni a los spots; el tono interpretativo es de la autora. Afirmaciones que toca: A-202. Verificación descargada-y-leida (acceso pdf-en-linea), consultada 2026-10-06; 4 extractos; lentes: cientifica."
M15-N120,cientifica,"Kolbe, Athena R.; Hutson, Royce A.; Shannon, Harry; Trzcinski, Eileen; Miles, Bart; Levitz, Naomi; Puccio, Marie; James, Leah; Noel, Jean Roger; Muggah, Robert","Mortality, Crime and Access to Basic Needs Before and After the Haiti Earthquake: A Random Survey of Port-au-Prince Households (Medicine, Conflict and Survival 26(4): 281-297)",2010,en,cientifica,M15,https://experts.boisestate.edu/en/publications/mortality-crime-and-access-to-basic-needs-before-and-after-the-ha/,bajo-derechos,alta,"Equipo de las universidades de Michigan, Wayne State y McMaster (según la ficha de Boise State) con Athena Kolbe como autora principal. Fiabilidad alta: Artículo revisado por pares con encuesta probabilística de 1.800 hogares de Puerto Príncipe (2009) y re-entrevista del 93 % a las seis semanas del sismo; se leyó solo el resumen (artículo de pago). Afirmaciones que toca: ninguna del módulo (contexto). Verificación descargada-parcial (acceso bajo-derechos), consultada 2026-10-06; 2 extractos; lentes: cientifica."
M15-N121,secundaria,"Schwartz, Timothy T.; Pierre, Yves-François; Calpas, Eric (LTL Strategies)","BARR Survey Final Report: Building Assessments and Rubble Removal in Quake-Affected Neighborhoods in Haiti (LTL Strategies para USAID/Haití, abril de 2011)",2011,en,internacional,M15,https://timothyschwartzhaiti.com/wp-content/uploads/BARR_Report_PauP_Final_v_11-April-21-2.pdf,pdf-en-linea,media,"Informe final de la BARR Survey redactado por Timothy T. Schwartz con Yves-François Pierre y Eric Calpas para LTL Strategies y USAID/Haití (abril de 2011). Fiabilidad media: Informe encargado por USAID a una consultora con una encuesta de edificios en barrios de Puerto Príncipe y extrapolación a la población afectada; el propio texto declara intervalos estadísticos, pero la copia leída está en el sitio personal del autor y no en un repositorio de USAID. Afirmaciones que toca: ninguna del módulo (contexto). Verificación descargada-y-leida (acceso pdf-en-linea), consultada 2026-10-06; 2 extractos; lentes: cientifica."
M15-N122,divulgacion,Agência EFE (publicado en el Jornal de Brasília),"Milhares de feridos pelo terremoto são atendidos na R. Dominicana (despacho de la Agência EFE, Jornal de Brasília, 14-I-2010)",2010,pt,internacional,M15,https://jornaldebrasilia.com.br/noticias/mundo/milhares-de-feridos-pelo-terremoto-sao-atendidos-na-rdominicana/,texto-completo-en-linea,media,"Despacho de la agencia EFE (Santo Domingo, 14-I-2010, dos días después del sismo) en la versión en portugués que publicó el Jornal de Brasília. Fiabilidad media: Despacho de agencia que atribuye las cifras al Centro de Operaciones de Emergencias dominicano (COE), de modo que son cifras oficiales no verificadas; texto traducido al portugués del despacho original en español. Afirmaciones que toca: A-205. Verificación descargada-y-leida (acceso texto-completo-en-linea), consultada 2026-10-06; 2 extractos; lentes: cientifica."
M15-N123,divulgacion,Agência EFE (publicado en el Jornal de Brasília),"República Dominicana e Haiti se aproximam após terremoto (despacho de la Agência EFE, Jornal de Brasília, 24-I-2010)",2010,pt,internacional,M15,https://jornaldebrasilia.com.br/noticias/mundo/republica-dominicana-e-haiti-se-aproximam-apos-terremoto/,texto-completo-en-linea,media,"Crónica de la agencia EFE (24-I-2010, doce días después del sismo) en portugués, publicada por el Jornal de Brasília. Fiabilidad media: Crónica de agencia que cita al secretario general de la ONU (en traducción al portugués) y a un funcionario de los Comedores Económicos dominicanos; las afirmaciones de «el primero» y «el único» son de la agencia, sin fuente. Afirmaciones que toca: A-205, A-206. Verificación descargada-y-leida (acceso texto-completo-en-linea), consultada 2026-10-06; 4 extractos; lentes: cientifica."
M15-N124,base-de-datos,"Morgan, Jana; Espinal, Rosario; Seligson, Mitchell A. (LAPOP, Vanderbilt University)","Cultura política de la democracia en República Dominicana, 2008: El impacto de la gobernabilidad. Resumen ejecutivo (Barómetro de las Américas, LAPOP, marzo de 2009)",2009,es,internacional,M15,https://cdn.vanderbilt.edu/vu-my/wp-content/uploads/sites/1209/2019/04/14113601/Resumen__Republica_Dominicana_v2_Mar24_edited.pdf,pdf-en-linea,alta,"Resumen ejecutivo del informe de la ronda 2008 del Barómetro de las Américas para la RD (marzo de 2009), de los mismos autores y la misma metodología que la ronda 2010; financiado por USAID. Muestra de 1.507 personas en cuatro regiones; trabajo de campo en marzo de 2008, antes del terremoto de 2010. Fiabilidad alta: Encuesta probabilística nacional (n=1.507, marzo de 2008) con diseño de LAPOP y trabajo de campo de Gallup República Dominicana; es solo el resumen ejecutivo del informe. Afirmaciones que toca: A-206. Verificación descargada-y-leida (acceso pdf-en-linea), consultada 2026-10-06; 1 extractos; lentes: cientifica."
M15-N149,primaria,"República de Haití, Constitución de 27-VIII-1983 (Imprimerie de l'État, Port-au-Prince; copia de la Digithèque MJP)","Constitution de la République d'Haïti du 27 août 1983 (régimen de Jean-Claude Duvalier, presidente vitalicio): arts. 1-3 (territorio) y 11 (nacionalidad de origen)",1983,fr,oficial-haiti,M15,https://mjp.univ-perp.fr/constit/ht1983.htm,texto-completo-en-linea,alta,"Constitución dictada bajo Jean-Claude Duvalier («presidente vitalicio»), vigente desde agosto de 1983 hasta su sustitución por la de 1987 tras la caída del régimen (7-II-1986). Estaba en vigor cuando nació Violeta Bosico (13-III-1985). Sabe la doctrina territorial y de nacionalidad del régimen duvalierista; fue redactada sin debate abierto. Fiabilidad alta: Texto constitucional completo en la Digithèque MJP (Univ. de Perpiñán), que declara como fuente el folleto oficial de la Imprimerie de l'État; coherente con la Constitución de 1987 en su forma y con el Décret de 1984 en la regla de nacionalidad. Afirmaciones que toca: A-204. Verificación descargada-y-leida (acceso texto-completo-en-linea), consultada 2026-10-06; 4 extractos; lentes: colonial-primaria."
M15-N128,primaria,"Dominique, Jean L.; Peña Gómez, José Francisco; catalogación del Duke / dLOC","Jose Francisco Pena Gomez (entrevista de Jean L. Dominique, Radio Haïti-Inter, 31-X-1986; registro dLOC AA00074977)",1986,en,haitiana,M15,https://api.dloc.patron.uflib.ufl.edu/AA00074977/00001/citation?format=json,fragmento-busqueda,media,"Entrevista de Jean Dominique (Radio Haïti-Inter) a Peña Gómez el 31-X-1986, ocho meses después de la caída de Duvalier y ocho años antes de la campaña de 1994. Conservada por Duke y reflejada en dLOC; el resumen es del catalogador. Fiabilidad media: Resumen de catalogador (inglés) de una entrevista primaria en la que habla el propio Peña Gómez; el audio no se escuchó. Afirmaciones que toca: A-202. Verificación descargada-parcial (acceso fragmento-busqueda), consultada 2026-10-06; 1 extractos; lentes: haitiana."
M15-N206,primaria,"Torres, Maruja (firma), en El Caribe","Reportaje «Los reclutan para zafra» (El Caribe, Santo Domingo, 23-VI-1988, portada y pp. 5-6)",1988,es,dominicana,M15;M16,https://dloc.com/AA00113834/00148,texto-completo-en-linea,media,"Reportaje de Maruja Torres (periodista española; la procedencia original, probablemente El País o agencia, no consta en el texto leído [POR VERIFICAR]) publicado en la portada y las páginas interiores de El Caribe el 23-VI-1988, sobre el reclutamiento forzoso de braceros haitianos para la zafra tras la muerte de un joven haitiano, Diomedes Pie, y sobre el trasfondo racial. Entrevista al padre Edwin M. Paraison (Pastoral Haitiana de la Iglesia Episcopal), al doctor Estévez (presidente del Comité de Solidaridad con el Pueblo Haitiano) y a un funcionario de ACNUR. Fiabilidad media: Reportaje de prensa de época firmado, con entrevistas a nombre propio (un sacerdote episcopal y un funcionario de ACNUR); leído por OCR de dLOC, con palabras dañadas. Afirmaciones que toca: A-207, A-210. Verificación descargada-y-leida (acceso texto-completo-en-linea), consultada 2026-10-06; 5 extractos; lentes: dominicana."
M15-N207,primaria,"El Caribe (redacción); Matos Espinosa, Juan Francisco (firma de la nota de p. 6)","Carta pastoral del Episcopado Dominicano sobre «el año mariano y los desafíos nacionales al comienzo de año», y condena del párroco de Enriquillo a las redadas contra haitianos (El Caribe, 23-I-1988, p. 1 y p. 6)",1988,es,dominicana,M15,https://dloc.com/AA00113834/00020,texto-completo-en-linea,media,"El Caribe (Santo Domingo) publicó el 23-I-1988 el resumen de la carta pastoral de la Conferencia del Episcopado Dominicano divulgada el día anterior, y en la p. 6 un despacho de Juan Francisco Matos Espinosa desde Enriquillo (Barahona) con las declaraciones del párroco Avelino Fernández sobre redadas del Ejército contra haitianos. El mismo reportero firma el 15-I-1988 (p. A-9) «Pide evitar maltrato a haitianos» con el obispo de Barahona, Mons. Fabio Mamerto Rivas Santos (texto OCR no legible). Fiabilidad media: Prensa de época sobre un documento episcopal que cita entre comillas; no se localizó el texto íntegro de la carta; OCR dañado en varias palabras. Afirmaciones que toca: A-206, A-210. Verificación descargada-y-leida (acceso texto-completo-en-linea), consultada 2026-10-06; 5 extractos; lentes: dominicana."
M15-N208,primaria,"Fabián, Dulce (firma), en El Caribe","Obispos negros de la Iglesia Episcopal Anglicana piden revisar el caso de los braceros («Piden revisar caso braceros», por Dulce Fabián), El Caribe, 31-III-1989, p. 1 y p. 6",1989,es,dominicana,M15,https://dloc.com/AA00113834/00383,texto-completo-en-linea,media,"Crónica de la rueda de prensa del 30-III-1989 en el hotel Sheraton de Santo Domingo, al final de una reunión de obispos «negros» de la Iglesia Episcopal (Anglicana) de EE. UU. y el Caribe, para presentar el resumen de su carta pastoral. Hablaron los obispos Telésforo A. Isaac (Iglesia Episcopal Dominicana), James Ottley (Panamá, presidente del Sínodo de la Iglesia Episcopal en América Latina y el Caribe) y Harold T. Lewis (Nueva York). Es una voz eclesial no católica y parcialmente extranjera, pero reunida y publicada en la RD. Fiabilidad media: Crónica de prensa de época con citas de una carta pastoral anglicana; leída por OCR de dLOC (con errores como «perjuicios» por prejuicios y «hatianos»); no se localizó el texto íntegro de la carta. Afirmaciones que toca: A-207, A-210. Verificación descargada-y-leida (acceso texto-completo-en-linea), consultada 2026-10-06; 3 extractos; lentes: dominicana."
M15-N202,primaria,"El Caribe (redacción), nota sin firma","El Caribe, 8-V-1990, p. 1 (nota sin firma sobre el discurso de José Francisco Peña Gómez en la presentación del libro de Víctor Salmador)",1990,es,dominicana,M15,https://dloc.com/AA00113834/00687,texto-completo-en-linea,media,"Nota de El Caribe (Santo Domingo, diario fundado en 1948, línea conservadora) sobre lo dicho por Peña Gómez la noche del 7 de mayo de 1990, nueve días antes de las elecciones de ese año, en la presentación del libro del periodista español Víctor Salmador («José Francisco Peña Gómez, sus orígenes, su biografía, su personalidad, su temperamento») en el Museo de las Casas Reales. Leída por la API de texto de página de dLOC (OCR); la colección El Caribe en dLOC cubre 1988 a 13-II-1991. Fiabilidad media: Diario dominicano de época leído por OCR de dLOC, con palabras dañadas; la cita de Peña Gómez es indirecta (resumen del periodista), no su texto literal. Afirmaciones que toca: A-202. Verificación descargada-y-leida (acceso texto-completo-en-linea), consultada 2026-10-06; 2 extractos; lentes: dominicana."
M15-N203,primaria,"El Caribe (redacción), nota sin firma","El Caribe, 20-VI-1990, p. 4 (declaraciones de la Cancillería y la Secretaría de Trabajo sobre «alegado maltrato a los braceros haitianos»)",1990,es,dominicana,M15,https://dloc.com/AA00113834/00724,texto-completo-en-linea,media,"Nota de El Caribe del 20 de junio de 1990 con la posición del canciller Joaquín Ricardo y de la Secretaría de Estado de Trabajo, tres meses antes del Decreto 417-90, ante las denuncias internacionales de maltrato a braceros haitianos. Fiabilidad media: Diario dominicano de época leído por OCR; reproduce posición oficial (Cancillería y Trabajo) sin contraste, con texto dañado en algunas palabras. Afirmaciones que toca: A-210. Verificación descargada-y-leida (acceso texto-completo-en-linea), consultada 2026-10-06; 2 extractos; lentes: dominicana."
M15-N125,primaria,"Aristide, Jean-Bertrand (presidente de Haití); Naciones Unidas, Asamblea General (acta literal)","Discurso de Jean-Bertrand Aristide ante la 46.ª Asamblea General de las Naciones Unidas, 25 de septiembre de 1991 (A/46/PV.9), copia OCR del acta literal en UN Project",1991,en,oficial-haiti,M15,https://un-project.org/debate/46/1067/,texto-completo-en-linea,alta,"Intervención del presidente electo Aristide en el debate general de la 46.ª Asamblea General el 25-IX-1991, cinco días antes del golpe del 29/30-IX. Dirigida a la comunidad internacional (diez 'mandamientos' de la democracia haitiana). El texto disponible es la interpretación inglesa del acta oficial; según el catálogo de Radio Haïti, Aristide habló también en kreyòl (AA00075626). El pasaje sobre la República Dominicana no cita el Decreto 233-91 ni fechas: habla de 'forced repatriation', de más de 50.000 repatriados 'conservadoramente' y pide reparación. Fiabilidad alta: Acta literal oficial de la ONU (versión inglesa de la interpretación) reproducida por OCR en un portal de terceros: es documento primario, pero la copia tiene errores de OCR y no es el audio original. Afirmaciones que toca: A-210. Verificación descargada-y-leida (acceso texto-completo-en-linea), consultada 2026-10-06; 5 extractos; lentes: haitiana."
M15-N126,primaria,"Taveras Guzmán, Juan Arístides (secretario de Estado de Relaciones Exteriores de la República Dominicana); Naciones Unidas, Asamblea General (acta literal)","Intervención del canciller dominicano Juan Arístides Taveras Guzmán ante la 46.ª Asamblea General de las Naciones Unidas, 10 de octubre de 1991 (A/46/PV.30), copia OCR del acta literal en UN Project",1991,en,oficial-rd,M15,https://un-project.org/debate/46/10076/,texto-completo-en-linea,alta,"Intervención del canciller de Balaguer en el debate general, quince días después del discurso de Aristide, expresamente 'para poner las cosas en su sitio'. Dirigida a la Asamblea General y a la opinión dominicana; interés: rechazar la denuncia y presentar las repatriaciones como aplicación de la ley migratoria. No cita el Decreto 233-91 ni el límite de edad: habla de repatriar 'extranjeros que han entrado ilegalmente'. Fiabilidad alta: Acta literal oficial (interpretación inglesa) de la ONU; la copia OCR tiene errores ('Myrtiho Seletin', 'kilom3tres') pero es documento primario de la posición oficial dominicana. Afirmaciones que toca: A-210. Verificación descargada-y-leida (acceso texto-completo-en-linea), consultada 2026-10-06; 5 extractos; lentes: haitiana."
M15-N127,primaria,"Dominique, Jean J. (presentación); Aristide, Jean-Bertrand (discurso); catalogación del Duke / dLOC","Diskou Aristide, Asanble Jeneral Nasyonzini (Radio Haïti-Inter; registro dLOC AA00075885 = Duke RL10059-RR-1204_01; el catálogo fecha el programa el 2-IX-1991)",1991,fr,haitiana,M15,https://api.dloc.patron.uflib.ufl.edu/AA00075885/00001/citation?format=json,fragmento-busqueda,media,"Radio Haïti-Inter (Puerto Príncipe), dirigida por Jean L. Dominique; en el programa J.J. Dominique presenta y resume el discurso de Aristide ante la Asamblea General y luego difunde la grabación completa. Conservado por Duke University Libraries (colección RL10059), reflejado en dLOC con licencia CC BY-NC-SA 4.0; el audio (RL10059-RR-1204_01.mp3) no se escuchó y no se descargó. El resumen está en kreyòl, inglés y francés. Fiabilidad media: Resumen de catalogador de una grabación primaria de una emisora haitiana; confirma que el discurso se difundió en Haití con el pasaje sobre la RD, pero no es el audio ni su transcripción. Afirmaciones que toca: A-210. Verificación descargada-parcial (acceso fragmento-busqueda), consultada 2026-10-06; 1 extractos; lentes: haitiana."
M15-N129,primaria,Libète (redacción; fundador y director: Jean-Yves Urfié),"Libète (semanario en kreyòl, Delmas), n.º 30, 19 de junio de 1991",1991,ht,haitiana,M15,https://ufdcimages.uflib.ufl.edu/AA/00/09/20/61/00030/06-19-1991_pdf.txt,texto-completo-en-linea,media,"Libète, semanario en kreyòl fundado en noviembre de 1990 por el padre Jean-Yves Urfié y publicado en Delmas (Puerto Príncipe); según la nota de las bibliotecas del MIT, independiente de partidos, con cerca del 70 % de su distribución en provincias. Escribe para un público haitiano popular desde una posición pro-democrática (en los pasajes leídos es crítico de Balaguer y de los gobiernos haitianos anteriores). La colección (1990-1998) fue digitalizada en 2022 por la Bibliothèque Haïtienne des Spiritains, dLOC y el MIT; no tiene números entre el 1-X-1991 y el 25-XI-1992 ni entre el 12-X-1993 y el 18-V-1994. Sus textos son de redacción sin firma salvo indicación; no consta qué presenció cada redactor. Fiabilidad media: Prensa haitiana contemporánea de los hechos, en kreyòl y de redacción sin firma; las cifras no declaran fuente y el OCR omite los diacríticos (è, ò) y a veces separa letras, por lo que solo se citan pasajes verificados por subcadena. Afirmaciones que toca: A-210. Verificación descargada-y-leida (acceso texto-completo-en-linea), consultada 2026-10-06; 2 extractos; lentes: haitiana."
M15-N130,primaria,Libète (redacción; fundador y director: Jean-Yves Urfié),"Libète (semanario en kreyòl, Delmas), n.º 31, 26 de junio de 1991",1991,ht,haitiana,M15,https://ufdcimages.uflib.ufl.edu/AA/00/09/20/61/00031/06-26-1991_pdf.txt,texto-completo-en-linea,media,"Libète, semanario en kreyòl fundado en noviembre de 1990 por el padre Jean-Yves Urfié y publicado en Delmas (Puerto Príncipe); según la nota de las bibliotecas del MIT, independiente de partidos, con cerca del 70 % de su distribución en provincias. Escribe para un público haitiano popular desde una posición pro-democrática (en los pasajes leídos es crítico de Balaguer y de los gobiernos haitianos anteriores). La colección (1990-1998) fue digitalizada en 2022 por la Bibliothèque Haïtienne des Spiritains, dLOC y el MIT; no tiene números entre el 1-X-1991 y el 25-XI-1992 ni entre el 12-X-1993 y el 18-V-1994. Sus textos son de redacción sin firma salvo indicación; no consta qué presenció cada redactor. Fiabilidad media: Prensa haitiana contemporánea de los hechos, en kreyòl y de redacción sin firma; las cifras no declaran fuente y el OCR omite los diacríticos (è, ò) y a veces separa letras, por lo que solo se citan pasajes verificados por subcadena. Afirmaciones que toca: A-210. Verificación descargada-y-leida (acceso texto-completo-en-linea), consultada 2026-10-06; 5 extractos; lentes: haitiana."
M15-N131,primaria,Libète (redacción; fundador y director: Jean-Yves Urfié),"Libète (semanario en kreyòl, Delmas), n.º 32, 3 de julio de 1991",1991,ht,haitiana,M15,https://ufdcimages.uflib.ufl.edu/AA/00/09/20/61/00032/07-03-1991_pdf.txt,texto-completo-en-linea,media,"Libète, semanario en kreyòl fundado en noviembre de 1990 por el padre Jean-Yves Urfié y publicado en Delmas (Puerto Príncipe); según la nota de las bibliotecas del MIT, independiente de partidos, con cerca del 70 % de su distribución en provincias. Escribe para un público haitiano popular desde una posición pro-democrática (en los pasajes leídos es crítico de Balaguer y de los gobiernos haitianos anteriores). La colección (1990-1998) fue digitalizada en 2022 por la Bibliothèque Haïtienne des Spiritains, dLOC y el MIT; no tiene números entre el 1-X-1991 y el 25-XI-1992 ni entre el 12-X-1993 y el 18-V-1994. Sus textos son de redacción sin firma salvo indicación; no consta qué presenció cada redactor. Fiabilidad media: Prensa haitiana contemporánea de los hechos, en kreyòl y de redacción sin firma; las cifras no declaran fuente y el OCR omite los diacríticos (è, ò) y a veces separa letras, por lo que solo se citan pasajes verificados por subcadena. Afirmaciones que toca: A-210. Verificación descargada-y-leida (acceso texto-completo-en-linea), consultada 2026-10-06; 3 extractos; lentes: haitiana."
M15-N132,primaria,Libète (redacción; fundador y director: Jean-Yves Urfié),"Libète (semanario en kreyòl, Delmas), n.º 33, 10 de julio de 1991",1991,ht,haitiana,M15,https://ufdcimages.uflib.ufl.edu/AA/00/09/20/61/00033/07-10-1991_pdf.txt,texto-completo-en-linea,media,"Libète, semanario en kreyòl fundado en noviembre de 1990 por el padre Jean-Yves Urfié y publicado en Delmas (Puerto Príncipe); según la nota de las bibliotecas del MIT, independiente de partidos, con cerca del 70 % de su distribución en provincias. Escribe para un público haitiano popular desde una posición pro-democrática (en los pasajes leídos es crítico de Balaguer y de los gobiernos haitianos anteriores). La colección (1990-1998) fue digitalizada en 2022 por la Bibliothèque Haïtienne des Spiritains, dLOC y el MIT; no tiene números entre el 1-X-1991 y el 25-XI-1992 ni entre el 12-X-1993 y el 18-V-1994. Sus textos son de redacción sin firma salvo indicación; no consta qué presenció cada redactor. Fiabilidad media: Prensa haitiana contemporánea de los hechos, en kreyòl y de redacción sin firma; las cifras no declaran fuente y el OCR omite los diacríticos (è, ò) y a veces separa letras, por lo que solo se citan pasajes verificados por subcadena. Afirmaciones que toca: A-210. Verificación descargada-y-leida (acceso texto-completo-en-linea), consultada 2026-10-06; 3 extractos; lentes: haitiana."
M15-N133,primaria,Libète (redacción; fundador y director: Jean-Yves Urfié),"Libète (semanario en kreyòl, Delmas), n.º 39, 28 de agosto de 1991",1991,ht,haitiana,M15,https://ufdcimages.uflib.ufl.edu/AA/00/09/20/61/00039/08-28-1991_pdf.txt,texto-completo-en-linea,media,"Libète, semanario en kreyòl fundado en noviembre de 1990 por el padre Jean-Yves Urfié y publicado en Delmas (Puerto Príncipe); según la nota de las bibliotecas del MIT, independiente de partidos, con cerca del 70 % de su distribución en provincias. Escribe para un público haitiano popular desde una posición pro-democrática (en los pasajes leídos es crítico de Balaguer y de los gobiernos haitianos anteriores). La colección (1990-1998) fue digitalizada en 2022 por la Bibliothèque Haïtienne des Spiritains, dLOC y el MIT; no tiene números entre el 1-X-1991 y el 25-XI-1992 ni entre el 12-X-1993 y el 18-V-1994. Sus textos son de redacción sin firma salvo indicación; no consta qué presenció cada redactor. Fiabilidad media: Prensa haitiana contemporánea de los hechos, en kreyòl y de redacción sin firma; las cifras no declaran fuente y el OCR omite los diacríticos (è, ò) y a veces separa letras, por lo que solo se citan pasajes verificados por subcadena. Afirmaciones que toca: A-210. Verificación descargada-y-leida (acceso texto-completo-en-linea), consultada 2026-10-06; 3 extractos; lentes: haitiana."
M15-N134,primaria,Libète (redacción; fundador y director: Jean-Yves Urfié),"Libète (semanario en kreyòl, Delmas), n.º 42, 18 de septiembre de 1991",1991,ht,haitiana,M15,https://ufdcimages.uflib.ufl.edu/AA/00/09/20/61/00042/09-18-1991_pdf.txt,texto-completo-en-linea,media,"Libète, semanario en kreyòl fundado en noviembre de 1990 por el padre Jean-Yves Urfié y publicado en Delmas (Puerto Príncipe); según la nota de las bibliotecas del MIT, independiente de partidos, con cerca del 70 % de su distribución en provincias. Escribe para un público haitiano popular desde una posición pro-democrática (en los pasajes leídos es crítico de Balaguer y de los gobiernos haitianos anteriores). La colección (1990-1998) fue digitalizada en 2022 por la Bibliothèque Haïtienne des Spiritains, dLOC y el MIT; no tiene números entre el 1-X-1991 y el 25-XI-1992 ni entre el 12-X-1993 y el 18-V-1994. Sus textos son de redacción sin firma salvo indicación; no consta qué presenció cada redactor. Fiabilidad media: Prensa haitiana contemporánea de los hechos, en kreyòl y de redacción sin firma; las cifras no declaran fuente y el OCR omite los diacríticos (è, ò) y a veces separa letras, por lo que solo se citan pasajes verificados por subcadena. Afirmaciones que toca: A-210. Verificación descargada-y-leida (acceso texto-completo-en-linea), consultada 2026-10-06; 1 extractos; lentes: haitiana."
M15-N205,primaria,"Estados Unidos, Cámara de Representantes, Comité de Asuntos Exteriores (presidente del subcomité: Robert G. Torricelli); testigos: Joseph F. Becelia, padre Edwin Paraison, William O'Neill, Holly Burkhalter","The Plight of the Haitian Sugarcane Cutters in the Dominican Republic (audiencia ante los Subcomités de Derechos Humanos y Organizaciones Internacionales y de Asuntos del Hemisferio Occidental del Comité de Asuntos Exteriores de la Cámara de Representantes de EE. UU., 11 de junio de 1991; Washington, U.S. Government Printing Office, 1991, 77 pp.)",1991,en,oficial-eeuu,M15,https://dloc.com/AA00001207/00001,texto-completo-en-linea,alta,"Audiencia del 11 de junio de 1991 (dos días antes del Decreto 233-91), tras el reportaje de ABC «Primetime Live» del 30 de mayo de 1991. Declara el padre Edwin Paraison, coordinador del Ministerio Haitiano de la Iglesia Episcopal de la República Dominicana (Pastoral Haitiana); el Departamento de Estado presenta el informe de su embajada; la Embajada dominicana y el asesor económico de Balaguer, Juan José Arteaga, remiten declaraciones escritas. Texto leído por la API de texto de página de dLOC (LLMC Digital, copia de la Columbia Law Library). Fiabilidad alta: Documento oficial impreso por la Imprenta del Gobierno de EE. UU. con testimonios jurados y materiales presentados al registro; los testigos hablan con interés (ONG, Iglesia, Departamento de Estado) y la copia de dLOC tiene OCR con errores leves. Afirmaciones que toca: A-210. Verificación descargada-y-leida (acceso texto-completo-en-linea), consultada 2026-10-06; 7 extractos; lentes: dominicana."
M15-N153,primaria,"Naciones Unidas, Comité de Derechos Humanos","Comments of the Human Rights Committee: Dominican Republic (CCPR/C/79/Add.18, 5 de mayo de 1993): párr. 5",1993,en,internacional,M15,https://documents.un.org/api/symbol/access?s=CCPR/C/79/Add.18&l=en&t=pdf,pdf-en-linea,alta,"Comité de Derechos Humanos (Ginebra), tras el examen del tercer informe dominicano (CCPR/C/70/Add.3) en las sesiones 1213-1215 del 25-26-III-1993, aprobado el 8-IV-1993. Se basa en el informe del Estado y en el diálogo con la delegación dominicana (párr. 2). Fiabilidad alta: Documento oficial de la ONU leído completo (tres páginas) en su versión original inglesa; es la primera valoración de un órgano de tratados de la ONU sobre el Decreto 233-91, aunque no incorpora investigación propia. Afirmaciones que toca: A-210. Verificación descargada-y-leida (acceso pdf-en-linea), consultada 2026-10-06; 1 extractos; lentes: colonial-primaria."
M15-N135,primaria,Libète (redacción; fundador y director: Jean-Yves Urfié),"Libète (semanario en kreyòl, Delmas), n.º 90, 18 de mayo de 1994",1994,ht,haitiana,M15,https://ufdcimages.uflib.ufl.edu/AA/00/09/20/61/00090/05-18-1994_pdf.txt,texto-completo-en-linea,media,"Libète, semanario en kreyòl fundado en noviembre de 1990 por el padre Jean-Yves Urfié y publicado en Delmas (Puerto Príncipe); según la nota de las bibliotecas del MIT, independiente de partidos, con cerca del 70 % de su distribución en provincias. Escribe para un público haitiano popular desde una posición pro-democrática (en los pasajes leídos es crítico de Balaguer y de los gobiernos haitianos anteriores). La colección (1990-1998) fue digitalizada en 2022 por la Bibliothèque Haïtienne des Spiritains, dLOC y el MIT; no tiene números entre el 1-X-1991 y el 25-XI-1992 ni entre el 12-X-1993 y el 18-V-1994. Sus textos son de redacción sin firma salvo indicación; no consta qué presenció cada redactor. Fiabilidad media: Prensa haitiana contemporánea de los hechos, en kreyòl y de redacción sin firma; las cifras no declaran fuente y el OCR omite los diacríticos (è, ò) y a veces separa letras, por lo que solo se citan pasajes verificados por subcadena. Afirmaciones que toca: A-202. Verificación descargada-y-leida (acceso texto-completo-en-linea), consultada 2026-10-06; 3 extractos; lentes: haitiana."
M15-N189,primaria,"Estudios Sociales (Centro de Estudios Sociales Padre Juan Montalvo, S. J.), editorial sin firma","150 años de la proclamación de independencia y elecciones generales 94-98 (editorial de Estudios Sociales, vol. XXVI [sic; OJS: 27], n.º 95, enero-marzo de 1994, pp. 1-10 del PDF)",1994,es,dominicana,M15;M16,https://estudiossociales.bono.edu.do/index.php/es/article/download/420/406,pdf-en-linea,media,"Editorial del primer número de 1994 de la revista del Centro Bonó (jesuitas), publicado antes de las elecciones de mayo de 1994 y de la ola de campaña contra Peña Gómez. Critica la «lectura dominante» de la historia nacional heredada de Trujillo y del balaguerismo. Escribe desde la tradición crítica interna de la historiografía dominicana. Fiabilidad media: Editorial coetáneo y sin firma de un centro jesuita dominicano; lee críticamente el nacionalismo, pero es posición institucional. Afirmaciones que toca: A-207. Verificación descargada-y-leida (acceso pdf-en-linea), consultada 2026-10-06; 1 extractos; lentes: dominicana."
M15-N190,primaria,"Estudios Sociales (Centro de Estudios Sociales Padre Juan Montalvo, S. J.), editorial sin firma","Elecciones dominicanas 1994. Notas ético-políticas (editorial de Estudios Sociales, vol. XXVII, n.º 96, abril-junio de 1994, pp. 1-7 del PDF)",1994,es,dominicana,M15,https://estudiossociales.bono.edu.do/index.php/es/article/download/413/399/797,pdf-en-linea,media,"Editorial de la revista del Centro Bonó (jesuitas) escrito en las semanas posteriores a las elecciones del 16 de mayo de 1994, durante la crisis del fraude. Valora éticamente el proceso, la actuación de la Junta Central Electoral y la reacción «nacionalista» contra observadores extranjeros. Es testimonio de un actor dominicano no estatal y no partidista, con simpatía por la institucionalidad democrática y crítica del balaguerismo. Fiabilidad media: Texto coetáneo (escrito tras el 16 de mayo de 1994) de una institución dominicana; sin firma, con una errata evidente y sin citas de los materiales de campaña. Afirmaciones que toca: A-202. Verificación descargada-y-leida (acceso pdf-en-linea), consultada 2026-10-06; 4 extractos; lentes: dominicana."
M15-N191,primaria,"Ferguson, James (For Caribbean Week)","Dominican Republic braced for tense election finale (Caribbean Week, vol. 5, n.º 16, 14-27 de mayo de 1994, p. 4)",1994,en,internacional,M15,https://dloc.com/AA00095897/00023,texto-completo-en-linea,media,"James Ferguson escribe para Caribbean Week (Caribbean Communications, Barbados; «The regional newspaper of the Caribbean») la víspera de las elecciones dominicanas de 1994. Es un observador externo al conflicto y no aliado de ninguno de los dos relatos nacionales. Texto leído por la API de texto de página de dLOC (OCR). Fiabilidad media: Prensa regional coetánea (semanario de Barbados) con firma, redactada la semana de las elecciones; texto leído por OCR de dLOC y con estilo periodístico, sin citar fuentes de la acusación. Afirmaciones que toca: A-202. Verificación descargada-y-leida (acceso texto-completo-en-linea), consultada 2026-10-06; 4 extractos; lentes: dominicana."
M15-N192,primaria,"Watson, Karl (For Caribbean Week)","Country's problems are real, but... Visitors still find warm welcome in Dominican Republic (columna de viaje, Caribbean Week, vol. 5, n.º 24, 3-16 de septiembre de 1994, pp. 24-25)",1994,en,internacional,M15;M16,https://dloc.com/AA00095897/00030,texto-completo-en-linea,baja,"Karl Watson, historiador barbadense (presumiblemente el de la Universidad de las Indias Occidentales [POR VERIFICAR]), escribe para Caribbean Week sobre su visita a la RD en el verano de 1994, poco después del pacto entre Balaguer y Peña Gómez. Lo conversado es de segunda mano y anecdótico. Fiabilidad baja: Columna de viaje de un visitante caribeño; recoge rumores y estereotipos oídos en la calle y no verifica nada, aunque tiene valor como testimonio de clima de opinión. Afirmaciones que toca: A-202, A-207. Verificación descargada-y-leida (acceso texto-completo-en-linea), consultada 2026-10-06; 2 extractos; lentes: dominicana."
M15-N211,primaria,"Torres, Ismael (AP)","Blind DR leader heads election poll (The St. Croix Avis, Christiansted, 14-V-1994, p. 4; despacho de la agencia AP)",1994,en,internacional,M15,https://dloc.com/AA00083639/14019,texto-completo-en-linea,media,"Despacho de la Associated Press reproducido por The St. Croix Avis (Christiansted, Islas Vírgenes de EE. UU.), diario de la colección dLOC AA00083639. Observador externo a los dos relatos nacionales; la fuente original (AP, Santo Domingo) no consta más que por el encabezamiento. Texto leído por la API de texto de página de dLOC (OCR con errores). Fiabilidad media: Despacho de agencia (AP) reproducido por un diario de las Islas Vírgenes de EE. UU., leído por OCR de dLOC; no atribuye la mayoría de las afirmaciones a un emisor nombrado. Afirmaciones que toca: A-202. Verificación descargada-y-leida (acceso texto-completo-en-linea), consultada 2026-10-06; 2 extractos; lentes: dominicana."
M15-N212,primaria,Agencia AP (San Juan),"DR consul rejects PR Senate call (The St. Croix Avis, Christiansted, 24-V-1994, p. 9; despacho de la agencia AP)",1994,en,internacional,M15,https://dloc.com/AA00083639/14027,texto-completo-en-linea,media,"Despacho de la Associated Press reproducido por The St. Croix Avis (Christiansted, Islas Vírgenes de EE. UU.), diario de la colección dLOC AA00083639. Observador externo a los dos relatos nacionales; la fuente original (AP, Santo Domingo) no consta más que por el encabezamiento. Texto leído por la API de texto de página de dLOC (OCR con errores). Fiabilidad media: Despacho de agencia (AP) reproducido por un diario de las Islas Vírgenes de EE. UU., leído por OCR de dLOC; no atribuye la mayoría de las afirmaciones a un emisor nombrado. Afirmaciones que toca: A-202. Verificación descargada-y-leida (acceso texto-completo-en-linea), consultada 2026-10-06; 1 extractos; lentes: dominicana."
M15-N213,primaria,"Rojas León, Ricardo (AP) [nombre por OCR «Richardo»; POR VERIFICAR]","D.R. fears flood of poor Haitians as embargo tightens (The St. Croix Avis, Christiansted, 27-V-1994, p. 10; despacho de la agencia AP)",1994,en,internacional,M15,https://dloc.com/AA00083639/14030,texto-completo-en-linea,media,"Despacho de la Associated Press reproducido por The St. Croix Avis (Christiansted, Islas Vírgenes de EE. UU.), diario de la colección dLOC AA00083639. Observador externo a los dos relatos nacionales; la fuente original (AP, Santo Domingo) no consta más que por el encabezamiento. Texto leído por la API de texto de página de dLOC (OCR con errores). Fiabilidad media: Despacho de agencia (AP) reproducido por un diario de las Islas Vírgenes de EE. UU., leído por OCR de dLOC; no atribuye la mayoría de las afirmaciones a un emisor nombrado. Afirmaciones que toca: A-202. Verificación descargada-y-leida (acceso texto-completo-en-linea), consultada 2026-10-06; 3 extractos; lentes: dominicana."
M15-N181,primaria,"Clinton, William J. (Presidente de EE. UU.)","Message to the Congress Reporting on the National Emergency With Respect to Haiti (Bill Clinton, 3 de febrero de 1995; The American Presidency Project)",1995,en,oficial-eeuu,M15,https://presidency.ucsb.edu/node/220561,texto-completo-en-linea,media,"Informe semestral de Clinton al Congreso (3-II-1995) sobre la emergencia nacional respecto de Haití (IEEPA), publicado por el American Presidency Project (UC Santa Barbara). Interés: justificar la intervención de septiembre de 1994 y el estado de las sanciones. Fiabilidad media: Mensaje oficial del Presidente al Congreso, de primera mano sobre la política de EE. UU., pero con un lenguaje diplomático que no describe la eficacia dominicana. Afirmaciones que toca: ninguna del módulo (contexto). Verificación descargada-y-leida (acceso texto-completo-en-linea), consultada 2026-10-06; 1 extractos; lentes: internacional."
M15-N136,primaria,Libète (redacción; fundador y director: Jean-Yves Urfié),"Libète (semanario en kreyòl, Delmas), n.º 191, 22 de mayo de 1996",1996,ht,haitiana,M15,https://ufdcimages.uflib.ufl.edu/AA/00/09/20/61/00191/05-22-1996_pdf.txt,texto-completo-en-linea,media,"Libète, semanario en kreyòl fundado en noviembre de 1990 por el padre Jean-Yves Urfié y publicado en Delmas (Puerto Príncipe); según la nota de las bibliotecas del MIT, independiente de partidos, con cerca del 70 % de su distribución en provincias. Escribe para un público haitiano popular desde una posición pro-democrática (en los pasajes leídos es crítico de Balaguer y de los gobiernos haitianos anteriores). La colección (1990-1998) fue digitalizada en 2022 por la Bibliothèque Haïtienne des Spiritains, dLOC y el MIT; no tiene números entre el 1-X-1991 y el 25-XI-1992 ni entre el 12-X-1993 y el 18-V-1994. Sus textos son de redacción sin firma salvo indicación; no consta qué presenció cada redactor. Fiabilidad media: Prensa haitiana contemporánea de los hechos, en kreyòl y de redacción sin firma; las cifras no declaran fuente y el OCR omite los diacríticos (è, ò) y a veces separa letras, por lo que solo se citan pasajes verificados por subcadena. Afirmaciones que toca: A-202, A-210. Verificación descargada-y-leida (acceso texto-completo-en-linea), consultada 2026-10-06; 5 extractos; lentes: haitiana."
M15-N137,primaria,Libète (redacción; fundador y director: Jean-Yves Urfié),"Libète (semanario en kreyòl, Delmas), n.º 197, 3 de julio de 1996",1996,ht,haitiana,M15,https://ufdcimages.uflib.ufl.edu/AA/00/09/20/61/00197/07-03-1996_pdf.txt,texto-completo-en-linea,media,"Libète, semanario en kreyòl fundado en noviembre de 1990 por el padre Jean-Yves Urfié y publicado en Delmas (Puerto Príncipe); según la nota de las bibliotecas del MIT, independiente de partidos, con cerca del 70 % de su distribución en provincias. Escribe para un público haitiano popular desde una posición pro-democrática (en los pasajes leídos es crítico de Balaguer y de los gobiernos haitianos anteriores). La colección (1990-1998) fue digitalizada en 2022 por la Bibliothèque Haïtienne des Spiritains, dLOC y el MIT; no tiene números entre el 1-X-1991 y el 25-XI-1992 ni entre el 12-X-1993 y el 18-V-1994. Sus textos son de redacción sin firma salvo indicación; no consta qué presenció cada redactor. Fiabilidad media: Prensa haitiana contemporánea de los hechos, en kreyòl y de redacción sin firma; las cifras no declaran fuente y el OCR omite los diacríticos (è, ò) y a veces separa letras, por lo que solo se citan pasajes verificados por subcadena. Afirmaciones que toca: A-202. Verificación descargada-y-leida (acceso texto-completo-en-linea), consultada 2026-10-06; 2 extractos; lentes: haitiana."
M15-N193,primaria,AJB (iniciales; corresponsal de Caribbean Week en Santo Domingo [POR VERIFICAR]),"Vice-President claims “Haitians on voters' list” (Caribbean Week, vol. 7, n.º 7, 6-19 de enero de 1996, p. 16)",1996,en,internacional,M15,https://dloc.com/AA00095897/00064,texto-completo-en-linea,media,"Nota del corresponsal con iniciales AJB en Caribbean Week sobre la precampaña de 1996. Informa de las acusaciones de Jacinto Peynado (candidato del PRSC, vicepresidente de Balaguer) de inscripción ilegal de haitianos en el padrón, recuerda la afirmación de Vincho Castillo (FNP) tras 1994 y recoge la réplica de Peña Gómez. Fiabilidad media: Nota breve de corresponsal en prensa regional coetánea; atribuye a nombre propio las acusaciones del vicepresidente Peynado y de Vincho Castillo, sin contraste documental. Afirmaciones que toca: A-202. Verificación descargada-y-leida (acceso texto-completo-en-linea), consultada 2026-10-06; 3 extractos; lentes: dominicana."
M15-N194,primaria,AJB (iniciales; corresponsal de Caribbean Week en Santo Domingo [POR VERIFICAR]),"Candidatos a la presidencia: perfiles de Fernández, Peña Gómez y Peynado (Caribbean Week, vol. 7, n.º 17, 25 de mayo-7 de junio de 1996, pp. 4-5)",1996,en,internacional,M15,https://dloc.com/AA00095897/00074,texto-completo-en-linea,media,"Perfiles de los tres candidatos tras la primera vuelta del 16 de mayo de 1996, publicados en Caribbean Week. Texto por OCR (títulos de la sección no recuperados con certeza; el encabezado «Candidatos a la presidencia» es descriptivo, no literal). Fiabilidad media: Perfiles de candidatos en prensa regional coetánea, sin firma completa; sirven solo para fechar lo que un observador externo decía sobre el origen de Peña Gómez. Afirmaciones que toca: A-202. Verificación descargada-y-leida (acceso texto-completo-en-linea), consultada 2026-10-06; 1 extractos; lentes: dominicana."
M15-N195,primaria,AJB (iniciales; corresponsal de Caribbean Week en Santo Domingo [POR VERIFICAR]),"Bosch, Balaguer sign alliance / Peña Gómez's position weakened (Caribbean Week, vol. 7, n.º 19, 22 de junio-5 de julio de 1996, p. 16)",1996,en,internacional,M15,https://dloc.com/AA00095897/00076,texto-completo-en-linea,media,"Dos notas de la página «Dominican Republic» de Caribbean Week sobre el pacto Balaguer-Bosch del 2 de junio de 1996 (Frente Patriótico Nacional) y la debilidad de Peña Gómez antes de la segunda vuelta del 30 de junio. Fiabilidad media: Crónica coetánea breve que fecha el pacto del Frente Patriótico Nacional; no cita su contenido ni la campaña contra Peña Gómez. Afirmaciones que toca: A-202. Verificación descargada-y-leida (acceso texto-completo-en-linea), consultada 2026-10-06; 2 extractos; lentes: dominicana."
M15-N214,primaria,"Monegro, José (AP)","Balaguer To Meet Haiti's New President (The St. Croix Avis, Christiansted, 28-II-1996, p. 10; despacho de la agencia AP)",1996,en,internacional,M15,https://dloc.com/AA00083639/14550,texto-completo-en-linea,media,"Despacho de la Associated Press reproducido por The St. Croix Avis (Christiansted, Islas Vírgenes de EE. UU.), diario de la colección dLOC AA00083639. Observador externo a los dos relatos nacionales; la fuente original (AP, Santo Domingo) no consta más que por el encabezamiento. Texto leído por la API de texto de página de dLOC (OCR con errores). Fiabilidad media: Despacho de agencia (AP) reproducido por un diario de las Islas Vírgenes de EE. UU., leído por OCR de dLOC; no atribuye la mayoría de las afirmaciones a un emisor nombrado. Afirmaciones que toca: A-202. Verificación descargada-y-leida (acceso texto-completo-en-linea), consultada 2026-10-06; 2 extractos; lentes: dominicana."
M15-N215,primaria,"Monegro, José P. (AP)","D.R. Candidate Asks Govt To Halt Repatriation Of Haitians (The St. Croix Avis, Christiansted, 8-V-1996, p. 19; despacho de la agencia AP)",1996,en,internacional,M15,https://dloc.com/AA00083639/14608,texto-completo-en-linea,media,"Despacho de la Associated Press reproducido por The St. Croix Avis (Christiansted, Islas Vírgenes de EE. UU.), diario de la colección dLOC AA00083639. Observador externo a los dos relatos nacionales; la fuente original (AP, Santo Domingo) no consta más que por el encabezamiento. Texto leído por la API de texto de página de dLOC (OCR con errores). Fiabilidad media: Despacho de agencia (AP) reproducido por un diario de las Islas Vírgenes de EE. UU., leído por OCR de dLOC; no atribuye la mayoría de las afirmaciones a un emisor nombrado. Afirmaciones que toca: A-202, A-210. Verificación descargada-y-leida (acceso texto-completo-en-linea), consultada 2026-10-06; 3 extractos; lentes: dominicana."
M15-N216,primaria,"Best, Tony (AP)","Haitians Accuse D.R. Of Rights Violations (The St. Croix Avis, Christiansted, 15-V-1996, p. 16; despacho de la agencia AP)",1996,en,internacional,M15,https://dloc.com/AA00083639/14614,texto-completo-en-linea,media,"Despacho de la Associated Press reproducido por The St. Croix Avis (Christiansted, Islas Vírgenes de EE. UU.), diario de la colección dLOC AA00083639. Observador externo a los dos relatos nacionales; la fuente original (AP, Santo Domingo) no consta más que por el encabezamiento. Texto leído por la API de texto de página de dLOC (OCR con errores). Fiabilidad media: Despacho de agencia (AP) reproducido por un diario de las Islas Vírgenes de EE. UU., leído por OCR de dLOC; no atribuye la mayoría de las afirmaciones a un emisor nombrado. Afirmaciones que toca: A-210. Verificación descargada-y-leida (acceso texto-completo-en-linea), consultada 2026-10-06; 3 extractos; lentes: dominicana."
M15-N217,primaria,"Monegro, José (AP)","D.R. Opposition Candidate Protests Arrests (The St. Croix Avis, Christiansted, 5-VI-1996, p. 23; despacho de la agencia AP)",1996,en,internacional,M15,https://dloc.com/AA00083639/14631,texto-completo-en-linea,media,"Despacho de la Associated Press reproducido por The St. Croix Avis (Christiansted, Islas Vírgenes de EE. UU.), diario de la colección dLOC AA00083639. Observador externo a los dos relatos nacionales; la fuente original (AP, Santo Domingo) no consta más que por el encabezamiento. Texto leído por la API de texto de página de dLOC (OCR con errores). Fiabilidad media: Despacho de agencia (AP) reproducido por un diario de las Islas Vírgenes de EE. UU., leído por OCR de dLOC; no atribuye la mayoría de las afirmaciones a un emisor nombrado. Afirmaciones que toca: A-202. Verificación descargada-y-leida (acceso texto-completo-en-linea), consultada 2026-10-06; 3 extractos; lentes: dominicana."
M15-N218,primaria,Agencia AP (Santo Domingo),"Pena Gomez Abandons Presidential Aspirations (The St. Croix Avis, Christiansted, 4-VII-1996, pp. 4 y 31; despacho de la agencia AP)",1996,en,internacional,M15,https://dloc.com/AA00083639/14655,texto-completo-en-linea,media,"Despacho de la Associated Press reproducido por The St. Croix Avis (Christiansted, Islas Vírgenes de EE. UU.), diario de la colección dLOC AA00083639. Observador externo a los dos relatos nacionales; la fuente original (AP, Santo Domingo) no consta más que por el encabezamiento. Texto leído por la API de texto de página de dLOC (OCR con errores). Fiabilidad media: Despacho de agencia (AP) reproducido por un diario de las Islas Vírgenes de EE. UU., leído por OCR de dLOC; no atribuye la mayoría de las afirmaciones a un emisor nombrado. Afirmaciones que toca: A-202. Verificación descargada-y-leida (acceso texto-completo-en-linea), consultada 2026-10-06; 2 extractos; lentes: dominicana."
M15-N138,primaria,Libète (redacción; fundador y director: Jean-Yves Urfié),"Libète (semanario en kreyòl, Delmas), n.º 225, 22 de enero de 1997",1997,ht,haitiana,M15,https://ufdcimages.uflib.ufl.edu/AA/00/09/20/61/00224/01-22-1997_pdf.txt,texto-completo-en-linea,media,"Libète, semanario en kreyòl fundado en noviembre de 1990 por el padre Jean-Yves Urfié y publicado en Delmas (Puerto Príncipe); según la nota de las bibliotecas del MIT, independiente de partidos, con cerca del 70 % de su distribución en provincias. Escribe para un público haitiano popular desde una posición pro-democrática (en los pasajes leídos es crítico de Balaguer y de los gobiernos haitianos anteriores). La colección (1990-1998) fue digitalizada en 2022 por la Bibliothèque Haïtienne des Spiritains, dLOC y el MIT; no tiene números entre el 1-X-1991 y el 25-XI-1992 ni entre el 12-X-1993 y el 18-V-1994. Sus textos son de redacción sin firma salvo indicación; no consta qué presenció cada redactor. Fiabilidad media: Prensa haitiana contemporánea de los hechos, en kreyòl y de redacción sin firma; las cifras no declaran fuente y el OCR omite los diacríticos (è, ò) y a veces separa letras, por lo que solo se citan pasajes verificados por subcadena. Afirmaciones que toca: A-202, A-210. Verificación descargada-y-leida (acceso texto-completo-en-linea), consultada 2026-10-06; 2 extractos; lentes: haitiana."
M15-N139,primaria,Libète (redacción; fundador y director: Jean-Yves Urfié),"Libète (semanario en kreyòl, Delmas), n.º 229, 26 de febrero de 1997",1997,ht,haitiana,M15,https://ufdcimages.uflib.ufl.edu/AA/00/09/20/61/00228/02-26-1997_pdf.txt,texto-completo-en-linea,media,"Libète, semanario en kreyòl fundado en noviembre de 1990 por el padre Jean-Yves Urfié y publicado en Delmas (Puerto Príncipe); según la nota de las bibliotecas del MIT, independiente de partidos, con cerca del 70 % de su distribución en provincias. Escribe para un público haitiano popular desde una posición pro-democrática (en los pasajes leídos es crítico de Balaguer y de los gobiernos haitianos anteriores). La colección (1990-1998) fue digitalizada en 2022 por la Bibliothèque Haïtienne des Spiritains, dLOC y el MIT; no tiene números entre el 1-X-1991 y el 25-XI-1992 ni entre el 12-X-1993 y el 18-V-1994. Sus textos son de redacción sin firma salvo indicación; no consta qué presenció cada redactor. Fiabilidad media: Prensa haitiana contemporánea de los hechos, en kreyòl y de redacción sin firma; las cifras no declaran fuente y el OCR omite los diacríticos (è, ò) y a veces separa letras, por lo que solo se citan pasajes verificados por subcadena. Afirmaciones que toca: A-210. Verificación descargada-y-leida (acceso texto-completo-en-linea), consultada 2026-10-06; 5 extractos; lentes: haitiana."
M15-N161,primaria,"U.S. Department of State, Bureau of Democracy, Human Rights, and Labor","1996 Human Rights Report: Dominican Republic (Country Reports on Human Rights Practices for 1996, Departamento de Estado, enero de 1997)",1997,en,oficial-eeuu,M15,http://web.archive.org/web/20090807063642/http://www.state.gov/www/global/human_rights/1996_hrp_report/domrepub.html,texto-completo-en-linea,media,"Informe anual del Departamento de Estado al Congreso (Foreign Assistance Act, secs. 116(d) y 502B(b)), sobre 1996. Redactado por la embajada de EE. UU. en Santo Domingo con ONG locales, ACNUR y prensa. Copia de la Wayback Machine (captura del 7-VIII-2009) del sitio archivado de 1997-2001; el sitio vivo (state.gov) devuelve «Technical Difficulties». EE. UU. tenía interés propio en la elección dominicana y en el flujo migratorio; sin acceso a archivos militares dominicanos. Fiabilidad media: Serie oficial anual y continua con redacción de la embajada en Santo Domingo; da cifras sin base declarada («thousands») y no cita sus fuentes más que por tipo («groups»), pero es contemporánea y sin interés en la política interna dominicana. Afirmaciones que toca: A-202, A-203, A-204, A-206, A-210. Verificación descargada-y-leida (acceso texto-completo-en-linea), consultada 2026-10-06; 4 extractos; lentes: internacional."
M15-N140,primaria,Libète (redacción; fundador y director: Jean-Yves Urfié),"Libète (semanario en kreyòl, Delmas), n.º 291, 13 de mayo de 1998",1998,ht,haitiana,M15,https://ufdcimages.uflib.ufl.edu/AA/00/09/20/61/00290/05-13-1998_pdf.txt,texto-completo-en-linea,media,"Libète, semanario en kreyòl fundado en noviembre de 1990 por el padre Jean-Yves Urfié y publicado en Delmas (Puerto Príncipe); según la nota de las bibliotecas del MIT, independiente de partidos, con cerca del 70 % de su distribución en provincias. Escribe para un público haitiano popular desde una posición pro-democrática (en los pasajes leídos es crítico de Balaguer y de los gobiernos haitianos anteriores). La colección (1990-1998) fue digitalizada en 2022 por la Bibliothèque Haïtienne des Spiritains, dLOC y el MIT; no tiene números entre el 1-X-1991 y el 25-XI-1992 ni entre el 12-X-1993 y el 18-V-1994. Sus textos son de redacción sin firma salvo indicación; no consta qué presenció cada redactor. Fiabilidad media: Prensa haitiana contemporánea de los hechos, en kreyòl y de redacción sin firma; las cifras no declaran fuente y el OCR omite los diacríticos (è, ò) y a veces separa letras, por lo que solo se citan pasajes verificados por subcadena. Afirmaciones que toca: A-202. Verificación descargada-y-leida (acceso texto-completo-en-linea), consultada 2026-10-06; 1 extractos; lentes: haitiana."
M15-N170,primaria,"National Democratic Institute for International Affairs (NDI); The Carter Center, Council of Freely Elected Heads of Government","The 1996 Presidential Election in the Dominican Republic (NDI y The Carter Center / Council of Freely Elected Heads of Government, 1998; ISBN 1-880134-27-6; en ACE Project como «Final Report, Observing the 1996 Dominican Republic Elections»)",1998,en,internacional,M15,https://aceproject.org/ero-en/regions/americas/DO/dominican-republic-final-report-observing-the-1996/at_download/file,pdf-en-linea,alta,"Informe de las misiones preelectoral y de las dos rondas (16-V y 30-VI-1996) del NDI y del Centro Carter, con el expresidente Carter, financiadas por USAID (agradecimientos del informe) y publicadas en 1998. Escrito para la comunidad internacional de observación electoral, con interés en legitimar o no el proceso (aquí lo declara limpio, a diferencia de 1994). El PDF de ACE (12,4 MB, 63 hojas) es una fotocopia sin capa de texto, con dos páginas del libro por hoja y girada 90°; se leyó con OCR (rapidocr_onnxruntime) dividiendo cada hoja y se cotejó a simple vista la hoja 23 (págs. 28-29 del libro). Lo citado procede de las hojas 23, 26 y 27 (págs. 28-29 y 35-36). Fiabilidad alta: Informe final de una misión de observación con delegaciones presentes en la primera y la segunda vuelta; lo que describe de primera mano (declaraciones públicas y reacciones) es fiable, y lo que atribuye a terceros se presenta como alegación. Afirmaciones que toca: A-202, A-210. Verificación descargada-y-leida (acceso pdf-en-linea), consultada 2026-10-06; 7 extractos; lentes: internacional."
M15-N150,primaria,República Dominicana (informe del Gobierno al Comité de Derechos Humanos de la ONU),"Informes periódicos tercero y cuarto de la República Dominicana al Comité de Derechos Humanos (CCPR/C/DOM/99/3; fechado 29-IX-1999, publicado 27-IV-2000): párrs. 8, 10, 12, 14-15 y 67",1999,es,oficial-rd,M15;M16,https://documents.un.org/api/symbol/access?s=CCPR/C/DOM/99/3&l=es&t=pdf,pdf-en-linea,media,"Informe del Gobierno de Leonel Fernández (septiembre de 1999) a un órgano de tratados de la ONU, para ser examinado en 2001. Describe el marco jurídico de nacionalidad, inmigración y derechos políticos; las cifras sobre población haitiana son estimaciones oficiales sin base citada. La Secretaría de la ONU lo publicó el 27-IV-2000 sin edición. Fiabilidad media: Documento oficial del propio Gobierno dominicano ante la ONU (autoría y fecha inequívocas), pero con interés manifiesto en presentar su política y publicado «sin editar»; vale como declaración del Estado, no como verificación de los hechos. Afirmaciones que toca: A-203, A-204, A-210. Verificación descargada-y-leida (acceso pdf-en-linea), consultada 2026-10-06; 6 extractos; lentes: colonial-primaria."
M15-N162,primaria,"U.S. Department of State, Bureau of Democracy, Human Rights, and Labor","1998 Human Rights Report: Dominican Republic (Country Reports on Human Rights Practices for 1998, Departamento de Estado, febrero de 1999)",1999,en,oficial-eeuu,M15,http://web.archive.org/web/20090807072558/http://www.state.gov/www/global/human_rights/1998_hrp_report/domrepub.html,texto-completo-en-linea,media,"Informe anual del Departamento de Estado sobre 1998 (Wayback, captura del 7-VIII-2009 del sitio archivado de 1997-2001). Misma cadena de redacción que la de 1996. Fiabilidad media: Serie oficial anual; la cifra de deportados la atribuye a «observadores internacionales» sin nombrarlos. Afirmaciones que toca: A-210. Verificación descargada-y-leida (acceso texto-completo-en-linea), consultada 2026-10-06; 2 extractos; lentes: internacional."
M15-N163,primaria,"U.S. Department of State, para los comités de Relaciones Internacionales de la Cámara y de Relaciones Exteriores del Senado","Country Reports on Human Rights Practices for 1999, vol. I (Joint Committee Print, 106.º Congreso): sección «Dominican Republic»",2000,en,oficial-eeuu,M15,https://www.govinfo.gov/content/pkg/CPRT-106JPRT63935/html/CPRT-106JPRT63935-VolumeI.htm,texto-completo-en-linea,media,"Informe del Departamento de Estado sobre 1999, publicado en 2000 (106.º Congreso, 2.ª sesión) como Joint Committee Print (CPRT-106JPRT63935, vol. I; el HTML pesa unos 7 MB y la sección «DOMINICAN REPUBLIC» empieza en la l. 59370 del txt derivado). Redactado por la embajada con ONG y funcionarios dominicanos (el director de Migración). Fiabilidad media: Texto oficial impreso por el Congreso (govinfo), con descripciones detalladas del procedimiento de las redadas atribuidas al director de Migración; las cifras se dan sin base (observadores internacionales, ONG). Afirmaciones que toca: A-204, A-210. Verificación descargada-y-leida (acceso texto-completo-en-linea), consultada 2026-10-06; 7 extractos; lentes: internacional."
M15-N147,primaria,Comisión Interamericana de Derechos Humanos (OEA),"Informe Nº 28/01, Caso 12.189, Dilcia Yean y Violeta Bosica, República Dominicana (CIDH, 22 de febrero de 2001), informe de admisibilidad: apartados A y B de «Posición» y párrs. 16, 18-22 y 31",2001,es,internacional,M15,https://summa.cejil.org/api/files/99200.doc,texto-descargado,alta,"CIDH (Washington), informe de admisibilidad del 22-II-2001 sobre la petición recibida el 28-X-1998 de la Clínica de Derechos Humanos de Berkeley, CEJIL y MUDHA. Resume lo que cada parte alegó hasta esa fecha; no valora el fondo. El texto se convirtió del .doc con antiword. Fiabilidad alta: Informe oficial de la CIDH en su fase de admisibilidad, con exposición separada de la posición de los peticionarios y del Estado; la copia es una transcripción Word alojada por CEJIL (metadatos de 2015), no el HTML de la CIDH, por lo que conviene cotejarla con el original. Afirmaciones que toca: A-203, A-204. Verificación descargada-y-leida (acceso texto-descargado), consultada 2026-10-06; 5 extractos; lentes: colonial-primaria."
M15-N151,primaria,"Naciones Unidas, Comité de Derechos Humanos","Observaciones finales del Comité de Derechos Humanos: República Dominicana (CCPR/CO/71/DOM, 26 de abril de 2001): párrs. 4, 16 y 18",2001,es,internacional,M15;M16,https://documents.un.org/api/symbol/access?s=CCPR/CO/71/DOM&l=es&t=pdf,pdf-en-linea,alta,"Comité de Derechos Humanos (Ginebra), tras el examen del cuarto informe dominicano (23-III-3-IV-2001). Es un órgano de expertos independientes que revisa informes estatales y fuentes de ONG; el párr. 4 se apoya en «información recibida» (del Estado), no en comprobación propia. Fiabilidad alta: Documento oficial de la ONU leído completo en su versión original española; recoge lo que el Comité dice haber recibido del Estado y de otras fuentes, no hechos verificados por él. Afirmaciones que toca: A-203, A-204, A-210. Verificación descargada-y-leida (acceso pdf-en-linea), consultada 2026-10-06; 3 extractos; lentes: colonial-primaria."
M15-N154,primaria,"Naciones Unidas, Comité de los Derechos del Niño","Concluding Observations of the Committee on the Rights of the Child: Dominican Republic (CRC/C/15/Add.150, 21 de febrero de 2001): párr. 26 (inscripción del nacimiento)",2001,en,internacional,M15;M16,https://documents.un.org/api/symbol/access?s=CRC/C/15/Add.150&l=en&t=pdf,pdf-en-linea,alta,"Comité de los Derechos del Niño (Ginebra), 26.º período de sesiones, tras examinar el informe inicial dominicano en enero de 2001. Es anterior en cuatro años a la sentencia Yean y Bosico y coetáneo del informe 28/01 de la CIDH. Fiabilidad alta: Documento oficial de la ONU leído completo en su versión original inglesa; recoge preocupaciones basadas en el informe del Estado y en información de ONG, sin verificación propia. Afirmaciones que toca: A-203, A-204. Verificación descargada-y-leida (acceso pdf-en-linea), consultada 2026-10-06; 1 extractos; lentes: colonial-primaria."
M15-N152,primaria,República Dominicana (Gobierno de Hipólito Mejía; canciller Hugo Tolentino Dipp),"Comentarios del Gobierno de la República Dominicana a las observaciones finales del Comité de Derechos Humanos (CCPR/CO/71/DOM/Add.1, 28 de mayo de 2002): párrs. 45, 56, 59, 61 y 62",2002,es,oficial-rd,M15;M16,https://documents.un.org/api/symbol/access?s=CCPR/CO/71/DOM/Add.1&l=es&t=pdf,pdf-en-linea,media,"Respuesta del Gobierno del PRD (presidente Hipólito Mejía, partido de Peña Gómez) a las observaciones finales de 2001. Habla en nombre del Estado sobre la política migratoria, el registro de nacimientos, el concepto de «tránsito» y el acuerdo con Haití de enero de 2002. Interés: matizar la crítica del Comité y presentar al Gobierno actual como ruptura con el antihaitianismo balaguerista. Fiabilidad media: Texto oficial del Gobierno dominicano ante la ONU (original español, 21 páginas): fecha y autoría seguras, pero escrito para defender su política ante el Comité. Afirmaciones que toca: A-202, A-203, A-204, A-210. Verificación descargada-y-leida (acceso pdf-en-linea), consultada 2026-10-06; 6 extractos; lentes: colonial-primaria."
M15-N148,primaria,Comisión Interamericana de Derechos Humanos (OEA),"Demanda de la Comisión Interamericana de Derechos Humanos ante la Corte Interamericana contra la República Dominicana, Caso 12.189 Dilcia Yean y Violeta Bosico Cofi (11 de julio de 2003), párrs. 27, 29-32 y nota 9",2003,es,internacional,M15,https://www.corteidh.or.cr/docs/casos/yeanbosi/demand.pdf,pdf-en-linea,media,"CIDH (Washington) presenta el caso a la Corte el 11-VII-2003 tras el informe de fondo 30/03 (6-III-2003). Recoge la declaración jurada de Genaro Rincón (MUDHA, abogado) sobre la reunión del 5-III-1997 con la oficial del Registro Civil y datos genealógicos de las familias, tomados de los anexos de los peticionarios. Interés: obtener la condena del Estado. Fiabilidad media: Escrito oficial de parte (la Comisión litiga como demandante) y escaneado con OCR defectuoso (3,1 MB): fiable como prueba de lo que la Comisión afirmó y de las declaraciones que cita, no como establecimiento de los hechos. Afirmaciones que toca: A-204. Verificación descargada-y-leida (acceso pdf-en-linea), consultada 2026-10-06; 5 extractos; lentes: colonial-primaria."
M15-N183,primaria,"U.S. Department of State, para los comités de Relaciones Exteriores del Senado y de la Cámara","Country Reports on Human Rights Practices for 2002, vol. II (S. Prt. 108-30, Joint Committee Print): sección «Dominican Republic»",2003,en,oficial-eeuu,M15,https://www.govinfo.gov/content/pkg/CPRT-108JPRT88454/html/CPRT-108JPRT88454.htm,texto-completo-en-linea,media,"Informe del Departamento de Estado sobre 2002, publicado en 2003 como S. Prt. 108-30, vol. II (CPRT-108JPRT88454; la sección «DOMINICAN REPUBLIC» empieza en la l. 56129 del txt derivado del HTML de 5,5 MB). Redactado por la embajada con ONG y funcionarios dominicanos. Fiabilidad media: Texto oficial impreso por el Congreso (govinfo) con una cifra anual atribuida a la Dirección de Migración dominicana (base: declaración oficial) y descripciones de práctica; el informe se equivoca de mes en el caso de 2000. Afirmaciones que toca: A-203, A-204, A-210. Verificación descargada-y-leida (acceso texto-completo-en-linea), consultada 2026-10-06; 5 extractos; lentes: internacional."
M15-N171,primaria,"Embajada de Estados Unidos en Santo Domingo (firma «HERTELL», embajador Hans Hertell; clasificado por la DCM Lisa Kubiske)","DOMINICAN REACTION TO HAITI CRISIS (cable 04SANTODOMINGO1094 de la embajada de EE. UU. en Santo Domingo, 20 de febrero de 2004; publicado por Aftenposten el 18-III-2011)",2004,en,oficial-eeuu,M15,https://www.aftenposten.no/norge/i/nAR9m/20022004-dominican-reaction-to-haiti-crisis,texto-completo-en-linea,media,"Cable confidencial de la embajada en Santo Domingo a Washington el 20-II-2004, sobre la reacción dominicana a la crisis haitiana, redactado a partir de reuniones del 18 al 20 de febrero con el Estado Mayor (general Soto Jiménez), el viceministro Pichardo, ACNUR, la OIM, MUDHA y otras ONG. Obtenido por WikiLeaks y publicado por Aftenposten (versión con tachaduras «TEXT REMOVED BY AFTENPOSTEN»). Autenticidad no verificada de forma independiente; el contenido es coherente con la prensa de la época. EE. UU. quería que RD no sirviera de base a los alzados contra Aristide (el cable lo dice). Fiabilidad media: Cable diplomático de primera mano (reuniones con altos funcionarios dominicanos y ONG, fechadas), pero filtrado por un tercero (WikiLeaks/Aftenposten, con pasajes tachados por el diario) y redactado con intereses de EE. UU. Afirmaciones que toca: A-206, A-210. Verificación descargada-y-leida (acceso texto-completo-en-linea), consultada 2026-10-06; 8 extractos; lentes: internacional."
M15-N143,primaria,"Groupe d’Appui aux Rapatriés et Réfugiés (GARR), Haití; firma Lisane André, sección de comunicación del GARR","Les Haïtiens sont de plus en plus persécutés en République Dominicaine: position de la plateforme GARR (AlterPresse, rubrique Documents, 15 de septiembre de 2005)",2005,fr,haitiana,M15,https://web.archive.org/web/20070208211426/http://www.alterpresse.org/spip.php?article3249,texto-completo-en-linea,media,"AlterPresse, agencia de noticias en línea fundada en 2001 por el grupo Médialternatif (Puerto Príncipe), orientada a movimientos sociales y de derechos humanos; publica dépêches propias y 'Documents' remitidos por organizaciones. Comunicado del GARR (plataforma haitiana de organizaciones de derechos humanos creada en 1991 a raíz de las repatriaciones de ese año) 'soumis à AlterPresse le 15 septembre 2005', una semana después de los incidentes de Tamayo y Higuey y de la sentencia Yean y Bosico (8-IX-2005, que no menciona). Escrito para la opinión haitiana y los organismos internacionales; interés: denunciar la persecución y el comportamiento de Migración. Se apoya en prensa dominicana (El Nacional, Espacinsular), no en observación directa. Fiabilidad media: Comunicado de una plataforma haitiana de derechos humanos publicado el mismo día de su envío; las cifras y hechos proceden de prensa dominicana citada, no de observación propia. Afirmaciones que toca: A-210. Verificación descargada-y-leida (acceso texto-completo-en-linea), consultada 2026-10-06; 3 extractos; lentes: haitiana."
M15-N164,primaria,"U.S. Department of State, Bureau of Democracy, Human Rights, and Labor","2004 Country Reports on Human Rights Practices: Dominican Republic (Departamento de Estado, 28 de febrero de 2005)",2005,en,oficial-eeuu,M15,http://web.archive.org/web/20090118071228/http://www.state.gov/g/drl/rls/hrrpt/2004/41758.htm,texto-completo-en-linea,media,"Informe del Departamento de Estado sobre 2004 (Wayback, captura del 18-I-2009; el sitio vivo de state.gov devuelve «Technical Difficulties»). Cubre el año de la crisis de Aristide, la campaña electoral de mayo y el cambio de gobierno (Mejía a Fernández, agosto de 2004). Fiabilidad media: Serie oficial anual; las fuentes se citan por tipo (Comisión Nacional de Derechos Humanos dominicana, ONG). Afirmaciones que toca: A-210. Verificación descargada-y-leida (acceso texto-completo-en-linea), consultada 2026-10-06; 2 extractos; lentes: internacional."
M15-N177,primaria,"República Dominicana, Secretaría de Estado de Relaciones Exteriores","Memoria 2004: Secretaría de Estado de Relaciones Exteriores (Santo Domingo, 2005)",2005,es,oficial-rd,M15,https://memoriahistorica.senadord.gob.do/bitstreams/e8319489-ef15-4677-850c-5b3b61609f76/download,pdf-en-linea,media,"Memoria anual de la Cancillería dominicana sobre 2004 (cubre el final del gobierno de Mejía y los primeros meses del de Leonel Fernández), digitalizada por el Senado (74 MB; el texto de la capa OCR tiene errores como «haiti anos»). Interés: rendir cuentas y mostrar una diplomacia coherente; no menciona la crisis de febrero de 2004 en Haití por nombre. Fiabilidad media: Memoria oficial de rendición de cuentas de la Cancillería, de primera mano sobre cifras y posiciones oficiales, con texto OCR de calidad desigual y con silencios sobre los episodios polémicos del año. Afirmaciones que toca: A-206, A-210. Verificación descargada-y-leida (acceso pdf-en-linea), consultada 2026-10-06; 3 extractos; lentes: internacional."
M15-N204,primaria,Conferencia del Episcopado Dominicano,"Mensaje ante la creciente inmigración haitiana (Conferencia del Episcopado Dominicano, Santo Domingo, 1-XI-2005; párrafos 40-50), en Pontificio Consejo para la Pastoral de los Migrantes e Itinerantes, People on the Move n.º 101, agosto de 2006",2005,es,dominicana,M15;M16,https://www.vatican.va/roman_curia/pontifical_councils/migrants/pom2006_101/rc_pc_migrants_pom101_mensaje-haitiana.html,texto-completo-en-linea,alta,"La Conferencia del Episcopado Dominicano (CED) firmó el mensaje en Santo Domingo el 1 de noviembre de 2005, menos de dos meses después de la sentencia Yean y Bosico (8-IX-2005), una semana después de la resolución del Senado que la rechazó (25-X-2005) y cinco meses después de la oleada de agresiones y expulsiones de Hatillo Palma (mayo de 2005). El Pontificio Consejo para la Pastoral de los Migrantes lo publicó en agosto de 2006. Habla como autoridad religiosa con 1) estructura propia de pastoral haitiana y 2) compromisos con la doctrina social católica y con el derecho del Estado a reglamentar la migración. Fiabilidad alta: Documento oficial del órgano máximo de la Iglesia católica dominicana, reproducido en una revista oficial del Vaticano; la copia es un extracto (párrafos 40-50) y no se leyó el resto del mensaje. Afirmaciones que toca: A-206, A-210. Verificación descargada-y-leida (acceso texto-completo-en-linea), consultada 2026-10-06; 7 extractos; lentes: dominicana."
M15-N146,primaria,Corte Interamericana de Derechos Humanos,"Caso de las Niñas Yean y Bosico Vs. República Dominicana, Sentencia de 23 de noviembre de 2006 (Demanda de Interpretación de la Sentencia de Excepciones Preliminares, Fondo, Reparaciones y Costas), Serie C No. 156",2006,es,internacional,M15,https://www.corteidh.or.cr/docs/casos/articulos/seriec_156_esp.pdf,pdf-en-linea,alta,"Corte IDH (San José), sentencia unánime del 23-XI-2006 que resuelve la demanda de interpretación presentada por la República Dominicana el 5-I-2006, tres meses después de la sentencia de fondo. Sabe lo que el Estado, la Comisión y los representantes escribieron; no examina el fondo del argumento. Fiabilidad alta: Sentencia oficial de 8 páginas del propio tribunal, leída completa; recoge literalmente (entre comillas) los términos de la demanda de interpretación del Estado. Afirmaciones que toca: A-204. Verificación descargada-y-leida (acceso pdf-en-linea), consultada 2026-10-06; 6 extractos; lentes: colonial-primaria."
M15-N165,primaria,"U.S. Department of State, Bureau of Democracy, Human Rights, and Labor","2005 Country Reports on Human Rights Practices: Dominican Republic (Departamento de Estado, marzo de 2006)",2006,en,oficial-eeuu,M15,http://web.archive.org/web/20101128162258/http://www.state.gov/g/drl/rls/hrrpt/2005/61725.htm,texto-completo-en-linea,media,"Informe del Departamento de Estado sobre 2005 (Wayback, captura del 28-XI-2010; id 61725). Cubre la sentencia Yean y Bosico, la decisión de la Suprema Corte de diciembre sobre «en tránsito» y la suspensión de las «repatriaciones masivas». Fiabilidad media: Serie oficial anual; recoge declaraciones de funcionarios dominicanos y cita una nota de prensa de la cancillería, pero sin base para las cifras. Afirmaciones que toca: A-203, A-204, A-210. Verificación descargada-y-leida (acceso texto-completo-en-linea), consultada 2026-10-06; 5 extractos; lentes: internacional."
M15-N185,primaria,Bureau des Avocats Internationaux; Institute for Justice and Democracy in Haiti; Allard K. Lowenstein International Human Rights Clinic (Yale Law School); TransAfrica Forum,"Complaint regarding violations of the right to participate in representative government committed against [Names Withheld] and others (petición a la Comisión Interamericana de Derechos Humanos, 2 de febrero de 2006)",2006,en,haitiana,M15,http://web.archive.org/web/20220320014805if_/http://www.teledyol.net/IJDH/IACHRPet_v.pdf,pdf-en-linea,media,"Petición presentada el 2-II-2006 ante la CIDH por cuatro organizaciones (con sede en Haití, EE. UU. y la clínica jurídica de Yale) en nombre de ciudadanos haitianos anónimos, contra el Gobierno Interino de Haití, EE. UU. y la RD, por el derrocamiento de Aristide en febrero de 2004. Escrita para obtener una declaración de la CIDH; interés de parte (aristidista). Se leyó una copia de la Wayback Machine (captura del 20-III-2022) del PDF alojado en teledyol.net, que ya no responde (HTTP 000). Las notas remiten a prensa (Haïti Progrès, Boston Globe, Montreal Gazette, BBC Monitoring). Fiabilidad media: Escrito de parte (organizaciones que representan a ciudadanos haitianos partidarios de Aristide), con notas a prensa y entrevistas pero sin prueba propia sobre la RD; es la formulación más completa de la acusación haitiana, no una constatación de los hechos. Afirmaciones que toca: A-210. Verificación descargada-y-leida (acceso pdf-en-linea), consultada 2026-10-06; 6 extractos; lentes: internacional."
M15-N220,primaria,Centro de Estudios Sociales y Demográficos (CESDEM); Macro International Inc. (MEASURE DHS),"Encuesta Sociodemográfica y sobre VIH/SIDA en los Bateyes Estatales de la República Dominicana 2007 (BATEYES 2007), informe final (DHS FR212)",2008,es,cientifica,M15;M16,https://dhsprogram.com/pubs/pdf/FR212/FR212.pdf,pdf-en-linea,alta,"CESDEM (centro dominicano de demografía) con Macro International, financiada por USAID, el Banco Mundial y el Fondo Global, hecha en paralelo (pero de forma independiente) a la ENDESA 2007 y publicada en junio de 2008. Marco: 209 bateyes y unos 28.855 hogares de los ingenios del CEA; 114 conglomerados y 25 viviendas por conglomerado (2.850 viviendas); 2.540 hogares, 1.575 mujeres de 15-49 y 1.820 hombres de 15-59 entrevistados. Es de primera mano para 2007 y compara con la encuesta de bateyes de 2002. Fiabilidad alta: Encuesta de hogares con muestra probabilística bietápica de bateyes del CEA, tasas de respuesta publicadas (99 % hogares, 96 % mujeres, 90 % hombres) y cuestionario DHS; su marco no cubre bateyes privados ni asentamientos fuera de los del CEA. Afirmaciones que toca: A-203, A-204, A-210. Verificación descargada-y-leida (acceso pdf-en-linea), consultada 2026-10-06; 7 extractos; lentes: cientifica."
M15-N209,primaria,"Estudios Sociales (Centro de Estudios Sociales Padre Juan Montalvo, S. J.), editorial sin firma, con el Servicio Jesuita a Refugiados y Migrantes (SJRM)","La vulnerabilidad de los derechos de la persona migrante (editorial de Estudios Sociales n.º 146, vol. XXXIX, impreso julio-septiembre de 2008 pero fechado en el texto a comienzos de 2009; pp. 5-8)",2009,es,dominicana,M15;M16,https://estudiossociales.bono.edu.do/index.php/es/article/download/94/87/173,pdf-en-linea,media,"Editorial de la revista del Centro Bonó (jesuitas) que presenta el enfoque del SJRM sobre la migración haitiana. Relata el impedimento de que trabajadores haitianos reingresaran en enero de 2009 y el refugio de 600 de ellos en la parroquia Nuestra Señora del Rosario de Dajabón, con la carta de aval del obispo de Mao-Montecristi, Mons. Diómedes Espinal. Escribe desde la acción pastoral. Fiabilidad media: Editorial institucional firmado por la revista de los jesuitas, con datos de primera mano de Solidaridad Fronteriza; el número lleva fecha impresa incoherente con el texto. Afirmaciones que toca: A-203, A-206, A-210. Verificación descargada-y-leida (acceso pdf-en-linea), consultada 2026-10-06; 4 extractos; lentes: dominicana."
M15-N155,primaria,"Naciones Unidas, Secretario General (Ban Ki-moon)","Report of the Secretary-General on the United Nations Stabilization Mission in Haiti (S/2010/200, 22 de febrero de 2010): párrs. 8-9 (respuesta humanitaria al terremoto)",2010,en,internacional,M15,https://documents.un.org/api/symbol/access?s=S/2010/200&l=en&t=pdf,pdf-en-linea,alta,"Informe trimestral de la Secretaría de la ONU sobre MINUSTAH, redactado seis semanas después del terremoto del 12-I-2010 con información de la misión y de la OCHA. No hace un inventario de donantes y no atribuye primacías. Fiabilidad alta: Informe oficial del Secretario General al Consejo de Seguridad, leído en el PDF original; descripción agregada, sin atribuir ayudas por país. Afirmaciones que toca: A-205. Verificación descargada-y-leida (acceso pdf-en-linea), consultada 2026-10-06; 2 extractos; lentes: colonial-primaria."
M15-N156,primaria,"Naciones Unidas, Secretario General (Ban Ki-moon)","Report of the Secretary-General on the United Nations Stabilization Mission in Haiti (S/2010/446, 1 de septiembre de 2010): párr. 22 (carta de intención policial dominico-haitiana de 6-VIII-2010)",2010,en,internacional,M15;M16,https://documents.un.org/api/symbol/access?s=S/2010/446&l=en&t=pdf,pdf-en-linea,alta,"Informe trimestral de la Secretaría de la ONU sobre MINUSTAH (1-IX-2010), con información de la policía de la misión sobre la cooperación entre los dos países tras el terremoto. Fiabilidad alta: Informe oficial del Secretario General al Consejo de Seguridad, leído en el PDF original; recoge un hecho verificable (fecha, firmantes) sin valoración. Afirmaciones que toca: A-205. Verificación descargada-y-leida (acceso pdf-en-linea), consultada 2026-10-06; 1 extractos; lentes: colonial-primaria."
M15-N168,primaria,"Naciones Unidas, Departamento de Información Pública","Activities of Secretary-General in Haiti, 14 March (SG/T/2716, 16 de marzo de 2010)",2010,en,internacional,M15,http://web.archive.org/web/20251031194334/https://press.un.org/en/2010/sgt2716.doc.htm,texto-completo-en-linea,media,"Comunicado de prensa de la ONU (SG/T/2716, 16-III-2010) sobre la visita de Ban a Haití el 14-III-2010, con la mención de la Conferencia de Evaluación de Necesidades de Santo Domingo. Fiabilidad media: Comunicado oficial de la ONU; texto leído en una captura de la Wayback Machine porque press.un.org devuelve «Client Challenge». Afirmaciones que toca: A-205. Verificación descargada-y-leida (acceso texto-completo-en-linea), consultada 2026-10-06; 1 extractos; lentes: internacional."
M15-N184,primaria,"U.S. Department of State, para los comités de Relaciones Exteriores del Senado y de la Cámara","Country Reports on Human Rights Practices for 2010, vol. II (S. Prt. 112-30, Joint Committee Print): sección «Dominican Republic»",2011,en,oficial-eeuu,M15;M16,https://www.govinfo.gov/content/pkg/CPRT-112JPRT66165/html/CPRT-112JPRT66165-VolumeII.htm,texto-completo-en-linea,media,"Informe del Departamento de Estado sobre 2010, publicado en 2011 como S. Prt. 112-30, vol. II (CPRT-112JPRT66165-VolumeII; la sección «DOMINICAN REPUBLIC» empieza en la l. 66107 del txt derivado del HTML de 5,8 MB). Cubre el año del terremoto y la moratoria de deportaciones. Fiabilidad media: Texto oficial impreso por el Congreso (govinfo) con cifras atribuidas a organismos con nombre (DGM, OIM, director de Migración) y reconocimiento de que otros recuentos son mayores. Afirmaciones que toca: A-205, A-206, A-210. Verificación descargada-y-leida (acceso texto-completo-en-linea), consultada 2026-10-06; 5 extractos; lentes: internacional."
M15-N166,primaria,"Naciones Unidas, Secretario General (Ban Ki-moon)","Readout of the Secretary-General's meeting with H.E. Mr. Danilo Medina Sánchez, President of the Dominican Republic (Nueva York, 24 de septiembre de 2012)",2012,en,internacional,M15;M16,https://www.un.org/sg/fr/node/184246,texto-completo-en-linea,alta,"Comunicado de la oficina del Secretario General sobre su reunión con el presidente Medina en Nueva York (24-IX-2012), con la fecha dada por la página (versión francesa del sitio, texto en inglés). Fiabilidad alta: Comunicado oficial de la oficina del Secretario General sobre una reunión; es una fórmula de cortesía protocolaria, no una evaluación de la ayuda. Afirmaciones que toca: A-205. Verificación descargada-y-leida (acceso texto-completo-en-linea), consultada 2026-10-06; 1 extractos; lentes: internacional."
M15-N219,primaria,"República Dominicana, Oficina Nacional de Estadística (ONE); dirección: Francisco Cáceres Ureña; consultor internacional: Walter Cavero Dhaga","IX Censo Nacional de Población y Vivienda 2010, Informe General, Volumen I (Santo Domingo, junio de 2012): Cuadro 9, población nacida en otro país por país de nacimiento, y cap. 10.1, cobertura censal",2012,es,oficial-rd,M15;M16,https://web.archive.org/web/20121202090504if_/http://censo2010.one.gob.do/volumenes_censo_2010/vol1.pdf,pdf-en-linea,alta,"Informe General del IX Censo (empadronamiento del 1 al 7 de diciembre de 2010) publicado por la ONE en junio de 2012 con asesoría internacional. Escrito para uso del Estado y de la comunidad estadística, cuando el debate sobre el volumen de haitianos se apoyaba en estimaciones sin base (la ENI-2012 lo dice). Datos de primera mano: boleta censal, cobertura y ajuste. Wikipedia (2010 Dominican Republic census) solo sirvió de índice para localizar esta URL y no se usa como evidencia. Fiabilidad alta: Informe oficial del censo con la tabla primaria de país de nacimiento y la explicación del ajuste por omisión; el recuento de extranjeros tiene los límites de todo censo con población irregular. Afirmaciones que toca: A-206, A-210. Verificación descargada-y-leida (acceso pdf-en-linea), consultada 2026-10-06; 3 extractos; lentes: cientifica."
M15-N167,primaria,Centro de Noticias de la ONU (UN News),"In Dominican Republic, Ban hails collective effort to bolster human rights, development, peace (UN News, 16 de julio de 2014)",2014,en,internacional,M15;M16,https://news.un.org/en/node/473162,texto-completo-en-linea,media,"Crónica de UN News (16-VII-2014) de la primera visita de Ban Ki-moon a la RD y de su discurso ante el Congreso. Redactada por el departamento de información de la ONU; resume, no transcribe. Fiabilidad media: Crónica del servicio de noticias de la ONU sobre un discurso de Ban ante el Congreso dominicano, con una errata de fecha en la frase sobre el terremoto. Afirmaciones que toca: A-205. Verificación descargada-y-leida (acceso texto-completo-en-linea), consultada 2026-10-06; 1 extractos; lentes: internacional."
M15-N223,cientifica,"Keys, Hunter M.; Noland, Gregory S.; De Rochars, Madsen Beau; Taylor, Thomas H.; Blount, Stephen; Gonzales, Manuel",Perceived discrimination in bateyes of the Dominican Republic: results from the Everyday Discrimination Scale and implications for public health programs (BMC Public Health 19: 1513),2019,en,cientifica,M15;M16,https://pmc.ncbi.nlm.nih.gov/articles/PMC6852895/,texto-completo-en-linea,alta,"Equipo de la Universidad de Ámsterdam, el Centro Carter, la Universidad de Florida, los CDC y el centro dominicano de control de enfermedades transmitidas por vectores. Encuesta de marzo y abril de 2016 en bateyes de todo el país, hecha en el marco de la eliminación de malaria y filariasis; datos de primera mano de residentes con escala de discriminación cotidiana. Fiabilidad alta: Artículo revisado por pares, de acceso abierto, con encuesta de conglomerados estratificada (n = 768) e intervalos de confianza; es de 2016, fuera del periodo del módulo, y sus bateyes provienen de programas de salud pública. Afirmaciones que toca: A-206, A-210. Verificación descargada-y-leida (acceso texto-completo-en-linea), consultada 2026-10-06; 3 extractos; lentes: cientifica."
M15-N198,secundaria,"Sagás, Ernesto","Antihaitianismo in the Dominican Republic (tesis doctoral, University of Florida, 1993, 324 pp.; copia digital en dLOC)",1993,en,dominicana,M15;M16,https://dloc.com/AA00002078/00001,texto-completo-en-linea,media,"Ernesto Sagás, politólogo dominicano-estadounidense, presentó esta tesis en la Universidad de Florida en 1993; es el antecedente directo de Race and Politics in the Dominican Republic (2000, F-0083). Reconstruye el antihaitianismo desde la colonia y lo ve como manipulación de élites. Texto leído por la API de texto de página de dLOC (OCR); solo se recuperaron frases legibles. Fiabilidad media: Tesis doctoral con aparato crítico, anterior al libro de 2000 y a las campañas de 1994 y 1996; la copia de dLOC tiene OCR muy dañado en varios pasajes. Afirmaciones que toca: A-202. Verificación descargada-y-leida (acceso texto-completo-en-linea), consultada 2026-10-06; 3 extractos; lentes: dominicana."
M15-N160,secundaria,"Silié, Rubén (sociólogo, director de FLACSO-República Dominicana)","República Dominicana: nuevos bloques y pactos (Nueva Sociedad n.º 147, enero-febrero de 1997, pp. 12-17)",1997,es,dominicana,M15,https://globethics.dspace7-test.openrepository.com/bitstreams/e84a9034-9757-4fc0-9afc-0f315bff14af/download,texto-completo-en-linea,media,"Rubén Silié, sociólogo e historiador dominicano (FLACSO), escribe para la sección «Coyuntura» de Nueva Sociedad (Caracas, FES) sobre las elecciones de mayo y junio de 1996, la alianza Balaguer-Bosch y el Frente Patriótico. Texto completo leído en el PDF del repositorio de Globethics (instancia de pruebas); la página de nuso.org reproduce solo el primer párrafo (consultada). Posición: favorable al bloque democrático de centroizquierda; llama «fraude» al resultado de 1994. Fiabilidad media: Análisis coetáneo de un sociólogo dominicano de FLACSO en una revista latinoamericana de ciencias sociales (Nueva Sociedad, de la Fundación Friedrich Ebert), escrito meses después de la campaña, con posición propia sobre su carácter racista y sin citar documentos de campaña. Afirmaciones que toca: A-202. Verificación descargada-y-leida (acceso texto-completo-en-linea), consultada 2026-10-06; 4 extractos; lentes: internacional."
M15-N196,secundaria,"Rodríguez, Néstor E.","El sueño de la nación produce monstruos (reseña de El ocaso de la nación dominicana, 2.ª ed., de Manuel Núñez), Estudios Sociales, vol. XXXVI, n.º 127, enero-marzo de 2002, pp. 91-98",2002,es,dominicana,M15;M16,https://estudiossociales.bono.edu.do/index.php/es/article/download/222/207/418,via-resena,media,"Néstor E. Rodríguez [filiación no dada en el PDF; POR VERIFICAR] publica en 2002 una crítica larga del nacionalismo de Manuel Núñez en la revista del Centro Bonó, con teoría (Zizek, Derrida) y citas de la 2.ª edición de El ocaso de la nación dominicana (2001). Lo lee como continuación de Peña Batlle y Balaguer y como reacción a la pérdida de hegemonía de la «gran narrativa». Escribe desde la tradición crítica. Fiabilidad media: Reseña crítica extensa con numerosas citas literales del libro de Núñez y número de página de la segunda edición, pero hecha por un crítico declarado y no sustituye al libro. Afirmaciones que toca: A-202. Verificación descargada-y-leida (acceso via-resena), consultada 2026-10-06; 6 extractos; lentes: dominicana."
M15-N197,secundaria,"Victoriano, Arturo","La reestructuración del conservadurismo victoriano [sic]: a propósito del Ocaso de la Nación Dominicana (reseña de la 2.ª ed. de Manuel Núñez), Ecos, año XI, n.º 9, 2003, pp. 179-182",2003,es,dominicana,M13;M15;M16,https://revistas.uasd.edu.do/index.php/ecos/article/download/123/213/216,via-resena,media,"Arturo Victoriano reseña en Ecos (revista de la Facultad de Humanidades de la UASD) la segunda edición de 2001 de El ocaso de la nación dominicana, cuyo texto sobrepasa en unas 350 páginas el de 1990. Escribe desde la crítica interna al pensamiento conservador dominicano; el título juega con el nombre de Núñez («victoriano»). Fiabilidad media: Reseña crítica corta con citas literales de la segunda edición y número de página, de un autor declaradamente opuesto a Núñez; el libro no se leyó. Afirmaciones que toca: A-202, A-207. Verificación descargada-y-leida (acceso via-resena), consultada 2026-10-06; 6 extractos; lentes: dominicana."
M15-N174,secundaria,"LADB Staff (Latin America Data Base, University of New Mexico)","Dominican Republic Bearing Brunt Of Haiti Insurrection (NotiCen / Latin America Digital Beat, Latin American and Iberian Institute, University of New Mexico, 19 de febrero de 2004)",2004,en,internacional,M15,https://digitalrepository.unm.edu/noticen/9171,texto-completo-en-linea,media,"Síntesis de la Latin America Data Base de la Universidad de Nuevo México, sobre la reacción dominicana a la crisis haitiana, con citas de Mejía en Dajabón, de un editorial de Diario Libre (7-II-2004) y del canciller Guerrero. El PDF se leyó con el navegador del panel (curl recibía el desafío de Cloudflare en digitalrepository.unm.edu). Fiabilidad media: Boletín universitario de síntesis (LADB, ISSN 1089-1560) que cita prensa dominicana y declaraciones públicas con fecha; tono a veces editorializante (títulos como «Differential Permeability»), sin aparato de notas. Afirmaciones que toca: A-210. Verificación descargada-y-leida (acceso texto-completo-en-linea), consultada 2026-10-06; 4 extractos; lentes: internacional."
M15-N222,secundaria,"Morgan, Jana; Espinal, Rosario; Seligson, Mitchell A. (LAPOP / Vanderbilt University)","Cultura política de la democracia en República Dominicana: 2006 (Barómetro de las Américas, LAPOP, Vanderbilt University, diciembre de 2006), cap. X, 'Migración: haitiana y dominicana'",2006,es,internacional,M15;M16,https://cdn.vanderbilt.edu/vu-my/wp-content/uploads/sites/1209/2019/04/14113704/DOMINICAN-REPUBLIC-2006-Spanish-AmericasBarometer.pdf,pdf-en-linea,alta,"LAPOP (Vanderbilt) con trabajo de campo de Gallup República Dominicana del 1 al 22 de junio de 2006, análisis de Morgan (Tennessee) y Espinal (Temple), patrocinio de USAID. Es la ola anterior a las de 2008 y 2010 que ya estaban en la ronda 1 y la primera con las dos preguntas sobre los derechos de los haitianos (ciudadanía de los hijos de haitianos nacidos en la RD y permisos de trabajo a indocumentados). Fiabilidad alta: Informe de una encuesta nacional (n = 1.519, error efectivo de 3,4 %) con cuestionario publicado; la muestra es por cuotas dentro del hogar, no probabilística estricta, y mide opiniones, no hechos. Afirmaciones que toca: A-203, A-206, A-207, A-209. Verificación descargada-y-leida (acceso pdf-en-linea), consultada 2026-10-06; 6 extractos; lentes: cientifica."
M15-N224,secundaria,"Rosario, Reina; Ulloa, Jorge",Algunos aspectos socioculturales de la inmigración haitiana hacia la República Dominicana (Ciencia y Sociedad 31(1): 64-124),2006,es,dominicana,M15;M16,https://www.redalyc.org/pdf/870/87031105.pdf,pdf-en-linea,media,"Antropóloga y colega del Instituto Tecnológico de Santo Domingo (INTEC) con estudiantes entrevistadores; trabajo de campo en dos campañas (diciembre de 2004 a enero de 2005 y febrero a abril de 2005) en el batey de Palavé (89 entrevistas a profundidad a inmigrantes y otras tantas a descendientes) y en el 'Pequeño Haití', detrás del Mercado Modelo de Santo Domingo (58 inmigrantes). Voz de primera mano de residentes de un batey periurbano, pero seleccionados con un criterio no probabilístico. Fiabilidad media: Artículo revisado de una revista del INTEC con trabajo de campo propio (147 entrevistas a inmigrantes en un batey y en un mercado), pero la muestra no es probabilística y varias cifras se apoyan en estudios que no se leyeron (FLACSO-OIM 2004). Afirmaciones que toca: A-203, A-204, A-210. Verificación descargada-y-leida (acceso pdf-en-linea), consultada 2026-10-06; 3 extractos; lentes: cientifica."
M15-N157,secundaria,"Simmons, Kimberly Eison","Navigating the Racial Terrain: Blackness and Mixedness in the United States and the Dominican Republic (Transforming Anthropology 16(2), octubre de 2008, pp. 95-111; DOI 10.1111/j.1548-7466.2008.00019.x): resumen",2008,en,internacional,M15;M16,https://mixedracestudies.org/wp/?p=12870,bajo-derechos,media,"Artículo de Simmons en Transforming Anthropology (revista de la Association of Black Anthropologists), octubre de 2008. Es la base empírica previa del libro de 2009: experiencias de estudiantes del programa CIEE en Santiago (RD) entre 2000 y 2004 y de dominicanos en EE. UU. No es una encuesta ni una muestra representativa. Fiabilidad media: Artículo revisado por pares (Crossref confirma la ficha), pero solo se leyó el resumen publicado por un blog bibliográfico; el texto (Wiley) devolvió bloqueo 403. Afirmaciones que toca: A-209. Verificación descargada-parcial (acceso bajo-derechos), consultada 2026-10-06; 2 extractos; lentes: internacional."
M15-N221,secundaria,Corporación Latinobarómetro (Santiago de Chile),"Informe Latinobarómetro 2011 (Tabla Nº16: raza a la que pertenece por país; escala de discriminación por raza) e Informe metodológico 2011, ficha de la República Dominicana",2011,es,internacional,M15;M16,https://www.latinobarometro.org/documents/LAT-2011/informe-latinobarometro-2011.pdf,pdf-en-linea,media,"La Corporación Latinobarómetro, ONG con apoyo de organismos y gobiernos, aplicó 20.204 entrevistas cara a cara en 18 países del 15 de julio al 16 de agosto de 2011 (Venezuela con retraso). Para la RD: 1.000 casos, error muestral 3,1 puntos, 65 % urbano y 35 % rural, muestreo probabilístico polietápico (informe metodológico, p. 21). Es una encuesta de opinión, sin variable de nacionalidad de los padres. Fiabilidad media: Encuesta internacional con muestra probabilística por país y metodología publicada; en la RD n = 1.000 con error de 3,1 puntos, y la pregunta de 'raza' no ofrece la categoría 'indio'. Afirmaciones que toca: A-206, A-207, A-209. Verificación descargada-y-leida (acceso pdf-en-linea), consultada 2026-10-06; 3 extractos; lentes: cientifica."
M15-N178,secundaria,"Sprague, Jeb (reseña de Boaz Anglade)","Paramilitarism and the Assault on Democracy in Haiti (Monthly Review Press, 2012, 400 pp.): reseña de Boaz Anglade en Race & Class, reproducida por Monthly Review",2012,en,internacional,M15,https://monthlyreview.org/paramilitarism-and-the-assault-on-democracy-in-haiti-reviewed-in-race-class/,via-resena,media,"Jeb Sprague (sociólogo, University of California Santa Barbara según la editorial), Monthly Review Press, 2012. Basada, según la reseña, en más de 11.000 documentos FOIA, cables de WikiLeaks y entrevistas en Haití, RD y Norteamérica. Se leyó solo un fragmento de la reseña de Anglade publicado por Monthly Review (la reseña completa está en Race & Class). Fiabilidad media: Monografía académica-periodística con documentos FOIA y cables de WikiLeaks, pero partidista (editorial socialista, perspectiva aristidista); solo se leyó un extracto de reseña de la propia editorial. Afirmaciones que toca: A-210. Verificación solo-localizada (acceso via-resena), consultada 2026-10-06; 2 extractos; lentes: internacional."
M15-N159,secundaria,"Lucero, Bonnie A. (University of Houston-Downtown)","Reseña de Wigginton y Middleton, Unmastering the Script (listada en la ficha como «Unmasking the Script»), The Americas 77(4), octubre de 2020, pp. 663-665; DOI 10.1017/tam.2020.92",2020,en,internacional,M15;M16,https://resolve.cambridge.org/core/journals/americas/article/dominican-identity-unmasking-the-script-education-critical-race-theory-and-the-struggle-to-reconcile-the-haitian-other-in-dominican-identity-by-sheridan-wigginton-and-richard-t-middleton-iv-tuscaloosa-university-of-alabama-press-2019-pp-128-6495-cloth/7971E11EE0E3FA20D0CA173C35C71B44,bajo-derechos,media,"Reseña publicada en línea el 21-X-2020 en The Americas (Academy of American Franciscan History, Cambridge UP). Solo ficha bibliográfica. Fiabilidad media: Reseña arbitrada en una revista de historia latinoamericana de primer nivel, pero el texto está tras muro de pago: solo se confirmó la ficha (Cambridge: «abstract not available»). Afirmaciones que toca: A-209. Verificación solo-localizada (acceso bajo-derechos), consultada 2026-10-06; 0 extractos; lentes: internacional."
M15-N158,secundaria,"Channell, Alexandra (Texas Christian University)","Reseña de Wigginton y Middleton, Unmastering the Script (PALARA: Publication of the Afro-Latin/American Research Association, n.º 25, otoño de 2021, pp. 28-29; DOI 10.32855/2639-1295.1083)",2021,en,internacional,M15;M16,https://mavmatrix.uta.edu/palara/vol25/iss1/10,texto-completo-en-linea,media,"Reseña escrita en 2021 desde una universidad de EE. UU. para PALARA (revista de la asociación afro-latino-americana). Se leyó completa con el navegador del panel (curl devolvía 403 al PDF alojado en MavMatrix, el repositorio de la Univ. of Texas at Arlington; la misma URL abre en el navegador). Fecha de la ficha: 1-XII-2021. Fiabilidad media: Reseña académica en revista de acceso abierto, de una lectora ajena a los autores, que resume capítulo por capítulo y señala límites metodológicos; no es un análisis independiente de los textos escolares. Afirmaciones que toca: A-202, A-207, A-209. Verificación descargada-y-leida (acceso texto-completo-en-linea), consultada 2026-10-06; 5 extractos; lentes: internacional."
M15-N186,secundaria,"Mella, Pablo","De «negro detrás de la oreja» a black behind the ears y de nuevo de vuelta (prólogo de Pablo Mella a Ginetta Candelario, El negro detrás de la oreja: identidad racial dominicana desde los museos hasta los salones de belleza, Santo Domingo: Editorial Universitaria Bonó, 2021, pp. 49-52, fragmento de muestra)",2021,es,dominicana,M15,https://web.archive.org/web/2024id_/https://editorial.bono.edu.do/wp-content/uploads/2022/12/El-negro-detras-de-oreja-_interior_-49-52.pdf,pdf-en-linea,media,"Pablo Mella, S. J. (director del Instituto Superior Bonó), escribe el prólogo de la edición dominicana de 2021-2022 para el sello de la universidad jesuita. Declara cinco razones para traducir y publicar «en suelo dominicano» una obra de 2007: nueva comprensión de la diáspora, ciencia social comprometida, diversidad metodológica, etc. Habla desde la posición de editor y promotor de la traducción. Fiabilidad media: Prólogo de un filósofo jesuita dominicano sobre por qué traducir el libro; solo se bajaron cuatro páginas (pp. 49-52) y no trata la tesis de A-208. Afirmaciones que toca: A-208. Verificación descargada-parcial (acceso pdf-en-linea), consultada 2026-10-06; 2 extractos; lentes: dominicana."
M15-N179,divulgacion,"Klarreich, Kathie (especial para The Christian Science Monitor)","Haitians Get Around UN Sanctions Via Dominican Border (The Christian Science Monitor, 16 de noviembre de 1993)",1993,en,internacional,M15,https://www.csmonitor.com/1993/1116/16011.html,texto-completo-en-linea,media,"Reportaje de Kathie Klarreich desde La Descubierta (RD), 16-XI-1993, sobre el contrabando de gasolina hacia Haití durante el embargo de la ONU (resolución 841, vigente desde junio de 1993). Con funcionarios dominicanos de Migración entrevistados in situ. Fiabilidad media: Reportaje de una periodista presente en la frontera (La Descubierta, Jimaní), con testimonios con nombre o anónimos; periodismo, no inspección. Afirmaciones que toca: ninguna del módulo (contexto). Verificación descargada-y-leida (acceso texto-completo-en-linea), consultada 2026-10-06; 2 extractos; lentes: internacional."
M15-N180,divulgacion,Knight-Ridder News Service,"U.S. to send troops to help Dominicans guard Haitian border (Knight-Ridder News Service; The Virginian-Pilot, 22 de junio de 1994)",1994,en,internacional,M15,https://scholar.lib.vt.edu/VA-news/VA-Pilot/issues/1994/940622/06220451.htm,texto-completo-en-linea,media,"Despacho de Knight-Ridder desde Washington del 22-VI-1994, publicado en The Virginian-Pilot (archivo de la Virginia Tech). Fuente: funcionarios del Gobierno de Clinton. Fiabilidad media: Despacho de agencia que atribuye los datos a «funcionarios de EE. UU.» sin nombrarlos; cifras (15.000 soldados, 88 observadores) sin documento oficial. Afirmaciones que toca: ninguna del módulo (contexto). Verificación descargada-y-leida (acceso texto-completo-en-linea), consultada 2026-10-06; 2 extractos; lentes: internacional."
M15-N172,divulgacion,The Associated Press,"Haitian opposition marches, exiled paramilitary forces join rebels (AP, Puerto Príncipe, 14-15 de febrero de 2004; Jamaica Observer, 15-II-2004)",2004,en,internacional,M15,https://jamaicaobserver.com/2004/02/15/haitian-opposition-marches-exiled-paramilitary-forces-join-rebels,texto-completo-en-linea,media,"Despacho de la AP del 14-II-2004 (publicado en el Jamaica Observer, 15-II-2004) sobre la sublevación contra Aristide iniciada en Gonaïves, la marcha opositora y la llegada de exiliados desde la RD. Fiabilidad media: Despacho de agencia, contemporáneo, que atribuye a testigos y deja sin atribuir quién mató a los dos soldados; no hay fuente propia para el vínculo con RD más allá de «reportedly». Afirmaciones que toca: A-210. Verificación descargada-y-leida (acceso texto-completo-en-linea), consultada 2026-10-06; 3 extractos; lentes: internacional."
M15-N173,divulgacion,The Associated Press,"Haiti rebels bring in Dominican fighters (AP, Gonaïves, 14-15 de febrero de 2004; Lawrence Journal-World)",2004,en,internacional,M15,https://www2.ljworld.com/news/2004/feb/15/haiti_rebels_bring/,texto-completo-en-linea,media,"Despacho de la AP desde Gonaïves del 14-II-2004 (publicado el 15-II-2004 en el Lawrence Journal-World). Testigos contactados por teléfono. Fiabilidad media: Despacho de agencia que atribuye a «witnesses» la llegada de los refuerzos desde la RD; el titular dice «Dominican fighters» aunque el cuerpo habla de exiliados haitianos. Afirmaciones que toca: A-210. Verificación descargada-y-leida (acceso texto-completo-en-linea), consultada 2026-10-06; 1 extractos; lentes: internacional."
M15-N175,divulgacion,"CNN (Lucia Newman, corresponsal)","In Haiti, Unrest, Violence Escalating (CNN Live At Daybreak, 18 de febrero de 2004; reportaje de Lucia Newman desde Puerto Príncipe)",2004,en,internacional,M15,https://transcripts.cnn.com/show/lad/date/2004-02-18/segment/03,texto-completo-en-linea,baja,"Transcripción de CNN de un reportaje emitido el 18-II-2004 desde Puerto Príncipe, con entrevista a un líder de los alzados en Gonaïves. Fiabilidad baja: Transcripción urgente («rush transcript») de un reportaje de televisión, sin atribución de la afirmación sobre las armas a una fuente concreta. Afirmaciones que toca: A-210. Verificación descargada-y-leida (acceso texto-completo-en-linea), consultada 2026-10-06; 1 extractos; lentes: internacional."
M15-N182,divulgacion,The Associated Press,"Haitian protesters want to remove current president (AP; The University Daily Kansan, 16 de febrero de 2004, p. 5A; OCR de la Universidad de Kansas)",2004,en,internacional,M15,https://digital.lib.ku.edu/islandora/object/ku-udk%3A89034/datastream/OCR/download,texto-completo-en-linea,media,"Versión de la AP publicada en The University Daily Kansan (University of Kansas) el 16-II-2004, p. 5A, con texto OCR de la biblioteca digital de la universidad. Es el mismo despacho del 14-15 de febrero que la entrada del Jamaica Observer, con párrafos adicionales. Fiabilidad media: Despacho de la AP del 15-II-2004 reproducido por un diario universitario (texto OCR con alguna errata); añade al despacho de Jamaica Observer un dato sobre la petición haitiana de 2003 y la respuesta dominicana. Afirmaciones que toca: A-210. Verificación descargada-y-leida (acceso texto-completo-en-linea), consultada 2026-10-06; 2 extractos; lentes: internacional."
M15-N144,divulgacion,AlterPresse; entrevista electrónica a Antonal Mortimé (animador social del GARR); dépêche firmada 'lf rc',"Haïti / République Dominicaine : Mise en garde du GARR contre l’orientation des projets binationaux (AlterPresse, dépêche, 20 de septiembre de 2005)",2005,fr,haitiana,M15,https://web.archive.org/web/20070202221901/http://www.alterpresse.org/spip.php?article3272,texto-completo-en-linea,media,"AlterPresse, agencia de noticias en línea fundada en 2001 por el grupo Médialternatif (Puerto Príncipe), orientada a movimientos sociales y de derechos humanos; publica dépêches propias y 'Documents' remitidos por organizaciones. Dépêche de AlterPresse del 20-IX-2005 a partir de una entrevista electrónica con un animador del GARR tras la reunión de los ministros de Ambiente de Haití y la RD en Barahona (16-IX-2005). Para lectores haitianos; el GARR habla como grupo de presión. Recoge declaraciones, no comprobaciones propias. Fiabilidad media: Dépêche de agencia haitiana alternativa con una sola fuente (el GARR) y sin contrastar con autoridades dominicanas. Afirmaciones que toca: A-210. Verificación descargada-y-leida (acceso texto-completo-en-linea), consultada 2026-10-06; 2 extractos; lentes: haitiana."
M15-N145,divulgacion,AlterPresse; conferencia de prensa del RECAH (Regroupement des Commerçantes et Commerçants d’Artisanat Haïtien Victimes à Higuey) acogida por el GARR,"Haïti / République Dominicaine : Des rescapés de violences à Higuey critiquent la passivité des autorités intérimaires (AlterPresse, 21 de septiembre de 2005)",2005,fr,haitiana,M15,https://web.archive.org/web/20070907233934/http://www.alterpresse.org/spip.php?article3281,texto-completo-en-linea,media,"AlterPresse, agencia de noticias en línea fundada en 2001 por el grupo Médialternatif (Puerto Príncipe), orientada a movimientos sociales y de derechos humanos; publica dépêches propias y 'Documents' remitidos por organizaciones. Crónica de AlterPresse de una conferencia de prensa en Puerto Príncipe del 21-IX-2005 en la que vendedoras y artesanos haitianos que huyeron de Higuey el 7-IX-2005 acusan al régimen de transición haitiano (gobierno interino) de pasividad; acogidos por el GARR. Relatos de víctimas, sin contraste dominicano; cifras (4 muertos) de un solo testigo. Fiabilidad media: Crónica de agencia haitiana con testimonios de víctimas en primera persona, sin verificación independiente de las cifras. Afirmaciones que toca: ninguna del módulo (contexto). Verificación descargada-y-leida (acceso texto-completo-en-linea), consultada 2026-10-06; 2 extractos; lentes: haitiana."
M15-N176,divulgacion,Jurist (University of Pittsburgh School of Law),"Haiti groups ask OAS rights commission to investigate Aristide overthrow (Jurist, Universidad de Pittsburgh, febrero de 2006)",2006,en,internacional,M15,https://www.jurist.org/news/2006/02/haiti-groups-ask-oas-rights-commission/,texto-completo-en-linea,baja,"Nota de Jurist (2-II-2006, Joshua Pantesco) sobre la petición que cuatro organizaciones presentaron ante la Comisión Interamericana en nombre de ciudadanos haitianos por el derrocamiento de Aristide en 2004. La petición misma se leyó (entrada aparte). Fiabilidad baja: Noticia de un portal jurídico que resume la petición de unas organizaciones haitianas a la CIDH; no reproduce la petición ni evidencia. Afirmaciones que toca: A-210. Verificación descargada-y-leida (acceso texto-completo-en-linea), consultada 2026-10-06; 1 extractos; lentes: internacional."
M15-N141,divulgacion,"AlterPresse (agencia en línea de Médialternatif, Puerto Príncipe); dépêche firmada con las iniciales 'gp' (Gotson Pierre, director de la agencia [POR VERIFICAR])","Haiti-Séisme : Des personnalités internationales se succèdent à Port-au-Prince (AlterPresse, dépêche, 17 de enero de 2010)",2010,fr,haitiana,M15,https://web.archive.org/web/20120315162710/http://www.alterpresse.org/spip.php?article9187,texto-completo-en-linea,media,"AlterPresse, agencia de noticias en línea fundada en 2001 por el grupo Médialternatif de Puerto Príncipe, orientada a movimientos sociales y de derechos humanos. Despacho del 17-I-2010, el día de la llegada de Ban Ki-moon a Puerto Príncipe; para lectores haitianos y de la región; interés informativo. No presenció los hechos: resume anuncios oficiales. Fiabilidad media: Agencia haitiana alternativa con despacho breve y sin fuente citada para la visita; contemporánea (5 días después del sismo), pero es una línea dentro de una lista de visitas. Afirmaciones que toca: A-205. Verificación descargada-y-leida (acceso texto-completo-en-linea), consultada 2026-10-06; 1 extractos; lentes: haitiana."
M15-N142,divulgacion,"Péan, Leslie","Haiti-Séisme : Que cette catastrophe réveille le pays (Leslie Péan, AlterPresse, rubrique Documents, 18 de enero de 2010; 'Ne pas s’arrêter de penser')",2010,fr,haitiana,M15,https://web.archive.org/web/20100216222256/http://www.alterpresse.org/spip.php?article9192,texto-completo-en-linea,media,"Leslie Péan (autor de la columna 'Ne pas s’arrêter de penser'; se le conoce como economista e historiador haitiano [POR VERIFICAR en esta pasada]). Texto 'soumis à AlterPresse le 17 janvier 2010', publicado el 18 de enero; escrito para lectores haitianos de la agencia, con intención de reflexión nacional sobre la reconstrucción. El texto no dice dónde estaba el autor ni de dónde saca lo que cuenta de los 'amigos dominicanos'. La copia de Internet Archive es de febrero de 2010, es decir, casi contemporánea de la publicación. Fiabilidad media: Ensayo de opinión de un autor haitiano escrito a los cinco días del sismo, sin fuentes citadas; vale como testimonio de percepción, no como registro de hechos. Afirmaciones que toca: A-205, A-206. Verificación descargada-y-leida (acceso texto-completo-en-linea), consultada 2026-10-06; 3 extractos; lentes: haitiana."
M15-N169,divulgacion,Agência EFE (publicado en el Jornal de Brasília),"Préval diz que ajuda internacional ao Haiti deve ir além do terremoto (EFE, Santo Domingo, 18 de enero de 2010; Jornal de Brasília)",2010,pt,internacional,M15,https://jornaldebrasilia.com.br/noticias/mundo/preval-diz-que-ajuda-internacional-ao-haiti-deve-ir-alem-do-terremoto/,texto-completo-en-linea,media,"Despacho de EFE (agencia española) desde Santo Domingo sobre la apertura de la cumbre «Unidos por un futuro mejor para Haití» (Palacio Nacional, 18-I-2010), convocada por Leonel Fernández, con Préval presente; publicado en portugués por el Jornal de Brasília. No es fuente haitiana. Fiabilidad media: Despacho de agencia con fecha (18-I-2010) que resume un discurso en acto público; no da cita directa del agradecimiento y está traducido al portugués. Afirmaciones que toca: A-205, A-206. Verificación descargada-y-leida (acceso texto-completo-en-linea), consultada 2026-10-06; 2 extractos; lentes: internacional."
M15-N210,divulgacion,El Día (redacción),"Servicio Jesuita rechaza las repatriaciones de haitianos; dice acción no evita avance del cólera (El Día, 6-I-2011)",2011,es,dominicana,M15;M16,https://eldia.com.do/servicio-jesuita-rechaza-las-repatriaciones-de-haitianos-dice-accion-no-evita-avance-del-colera/,texto-completo-en-linea,media,"El Día (Santo Domingo, fundado en 2002) publica el 6 de enero de 2011 el comunicado del Servicio Jesuita a Refugiados y Migrantes contra las repatriaciones de haitianos hechas por la Dirección General de Migración «con el argumento de prevenir el cólera» (epidemia iniciada en Haití en octubre de 2010). Fiabilidad media: Nota de prensa sin firma de un diario dominicano que reproduce un comunicado del SJRM; la fecha (6-I-2011) está fuera del tramo estricto 1986-2010 pero describe hechos de diciembre de 2010. Afirmaciones que toca: A-203, A-206. Verificación descargada-y-leida (acceso texto-completo-en-linea), consultada 2026-10-06; 3 extractos; lentes: dominicana."
M15-N199,divulgacion,"Taveras, José Luis","La fusión de la isla: ¿mito o amenaza? (Acento, sección Opinión, 16-IX-2014)",2014,es,dominicana,M15;M16,https://acento.com.do/opinion/la-fusion-de-la-isla-mito-o-amenaza-8174358.html,texto-completo-en-linea,media,"José Luis Taveras, abogado y columnista dominicano, escribe tras la sentencia TC/0168/13 y la Ley 169-14, desde una posición que critica el uso político de la «fusión» pero la considera una hipótesis geopolítica no descartable. Recoge declaraciones de 2010 y 2012 de extranjeros sobre integrar los dos países. Fiabilidad media: Columna de opinión con autor identificable, de jurista y columnista conocido, que sitúa la campaña de 1996 con fecha pero sin documento; escrita después del TC/0168/13. Afirmaciones que toca: A-202. Verificación descargada-y-leida (acceso texto-completo-en-linea), consultada 2026-10-06; 5 extractos; lentes: dominicana."
M15-N225,divulgacion,Hoy (redacción); encuesta de Gallup República Dominicana para el periódico Hoy,"Encuesta Gallup-Hoy: Para el 62% de los ciudadanos sentencia TC no es antihaitiana (Hoy, 3-II-2014)",2014,es,dominicana,M15;M16,https://hoy.com.do/encuesta-gallup-hoy-para-el-62-de-los-ciudadanos-sentencia-tc-no-es-antihaitiana/,texto-completo-en-linea,media,"Nota del periódico Hoy del 3-II-2014 con los resultados de la encuesta Gallup-Hoy hecha 'en todo el país del 24 al 28 de enero' de 2014, cuatro meses después de la sentencia TC/0168/13. Resuelve en parte la laguna de la ronda 1, que solo tenía comentarios de segunda mano (Lozano, 2014; EFE, 2018). Es posterior a 2010: sirve como punto de llegada de la serie de actitudes, no como 'después inmediato' del terremoto. Fiabilidad media: Informa de una encuesta nacional de una firma conocida, con fechas de campo, pero la nota no da el tamaño de la muestra ni el error; es el medio que encargó la encuesta. Afirmaciones que toca: A-206. Verificación descargada-y-leida (acceso texto-completo-en-linea), consultada 2026-10-06; 3 extractos; lentes: cientifica."
M15-N201,divulgacion,"Vega, Bernardo","Los extremismos isleños (Acento, sección Opinión, 8-XI-2016)",2016,es,dominicana,M15;M16,https://acento.com.do/opinion/los-extremismos-islenos-8399106.html,texto-completo-en-linea,media,"Bernardo Vega, historiador, ex presidente del Banco Central y ex embajador de la RD en EE. UU., escribe tras el huracán Matthew sobre los extremismos antihaitiano y antidominicano. Es un moderado que critica a la FNP («los Vincho») y a la organización haitiana «4 de Diciembre». Fiabilidad media: Columna de un historiador y economista dominicano que fue embajador en Washington; afirma sin documento que Balaguer «sabía que el alegato era falso», pero cita textualmente La isla al revés. Afirmaciones que toca: A-202. Verificación descargada-y-leida (acceso texto-completo-en-linea), consultada 2026-10-06; 4 extractos; lentes: dominicana."
M15-N200,divulgacion,"Álvarez de los Santos, Rafael","Peña Gómez, eterno (Acento, sección Opinión, 13-V-2019)",2019,es,dominicana,M15,https://acento.com.do/opinion/pena-gomez-eterno-8681274.html,texto-completo-en-linea,baja,"Rafael Álvarez de los Santos escribe en el aniversario de la muerte de Peña Gómez (mayo de 1998), como admirador («peñagomista») y primer votante de 1994. Es también autor de las columnas «La ficción de la fusión» (2018) y «¡Ya no somos indios!» (2016, ya registrada). Sin aparato crítico. Fiabilidad baja: Columna de opinión de un lector que votó por primera vez en 1994; es retrospectiva y solo cita de oídas el título de un opúsculo. Afirmaciones que toca: A-202. Verificación descargada-y-leida (acceso texto-completo-en-linea), consultada 2026-10-06; 2 extractos; lentes: dominicana."
M15-N187,divulgacion,"Victoriano, Arturo","Alardear del cabello, ocultar las orejas (Acento, sección Opinión, 10-XII-2021)",2021,es,dominicana,M15;M16,https://acento.com.do/opinion/alardear-del-cabello-ocultar-las-orejas-9013368.html,texto-completo-en-linea,media,"Arturo Victoriano escribe en Acento (diario digital dominicano) al salir la edición en español de El negro detrás de la oreja. Es el mismo autor que en 2003 reseñó críticamente a Manuel Núñez en Ecos (ficha propia), lo que lo sitúa en la crítica interna al nacionalismo conservador. Sinopsis celebratoria para el gran público. Fiabilidad media: Columna con autor identificable sobre el libro de Candelario, que resume su tesis del pelo y el «indio»; no es reseña con aparato crítico. Afirmaciones que toca: A-207, A-208. Verificación descargada-y-leida (acceso texto-completo-en-linea), consultada 2026-10-06; 2 extractos; lentes: dominicana."
M15-N188,divulgacion,"Santos, Roque","El negro detrás de la oreja (Acento, sección Opinión, 12-I-2022)",2022,es,dominicana,M15;M16,https://acento.com.do/opinion/el-negro-detras-de-la-oreja-9022729.html,texto-completo-en-linea,media,"Roque Santos reseña para Acento la edición de la Editorial Universitaria Bonó junto a Ediciones MSC. Subraya el capítulo introductorio «Nos declaramos indios…» y el análisis de los viajeros, y critica que falte priorizar la díada civilización-barbarie. Escribe como lector de un proyecto editorial que celebra. Fiabilidad media: Reseña de opinión de un lector dominicano que da títulos y paginación del prólogo (pp. 21-29) y enmarca la tesis; no cita el texto de Candelario. Afirmaciones que toca: A-207, A-208. Verificación descargada-y-leida (acceso texto-completo-en-linea), consultada 2026-10-06; 2 extractos; lentes: dominicana."
