id_provisional,tipo,autor,titulo,anio,idioma,tradicion,modulos,url,acceso,fiabilidad,notas
M16-N01,primaria,Tribunal Constitucional de la República Dominicana,"Sentencia TC/0256/14 (acción directa de inconstitucionalidad del Instrumento de Aceptación de la Competencia de la Corte IDH, 1999)",2014,es,oficial-rd,M16,https://tribunalsitestorage.blob.core.windows.net/media/15760/sentencia-tc-0256-14-c.pdf | https://tribunalconstitucional.gob.do/consultas/secretar%C3%ADa/sentencias/tc025614/ | https://do.vlex.com/vid/sentencia-no-256-primera-584491958,pdf-en-linea,alta,"Pleno del Tribunal Constitucional, firmada el 4 de noviembre de 2014 (a los cuatro días del mes de noviembre), a instancia de una acción presentada en 2005 por un grupo de abogados y dirigentes (entre ellos Pelegrín Castillo Semán, de la Fuerza Nacional… Fiabilidad alta: Texto íntegro de la sentencia en el portal oficial del Tribunal, con la fecha de firma y el dispositivo. Toca A-250. Verificación descargada-y-leida (acceso pdf-en-linea); consulta 2026-10-06."
M16-N02,primaria,Asamblea Nacional Revisora (República Dominicana),"Constitución de la República Dominicana proclamada el 26 de enero de 2010 (Gaceta Oficial 10561), art. 18 (nacionalidad)",2010,es,oficial-rd,M00;M16,https://www.icnl.org/wp-content/uploads/Dominican-Republic_Dominicana.pdf | https://paho.org/sites/default/files/2021-12/324.pdf | https://fc-abogados.com/constitucion-de-la-republica-dominicana-proclamada-el-26-de-enero-del-2010/ | https://www.constituteproject.org/constitution/Dominican_Republic_2010.pdf?lang=en | https://republica-dominicana.justia.com/nacionales/constitucion-de-la-republica-dominicana/titulo-i/capitulo-v/seccion-i,pdf-en-linea,alta,"Aprobada por la Asamblea Nacional el 26 de enero de 2010. Recoge por primera vez en el texto constitucional la exclusión del ius soli para hijos de extranjeros 'en tránsito' o que 'residan ilegalmente' (art. 18.3), que antes solo figuraba en la ley migratoria… Fiabilidad alta: Texto constitucional completo; la copia de ICNL es una reproducción privada de la edición oficial y coincide palabra por palabra en el art. 18 con el extracto de la OPS y con la reproducción de un… Toca A-211, A-212, A-215, A-217. Verificación descargada-y-leida (acceso pdf-en-linea); consulta 2026-10-06."
M16-N03,primaria,"Abinader Corona, Luis (presidente de la República Dominicana)",Discurso del presidente Luis Abinader en el debate general de la 78.ª Asamblea General de la ONU (20 de septiembre de 2023),2023,es,oficial-rd,M16,https://gadebate.un.org/sites/default/files/gastatements/78/do_es.pdf | https://gadebate.un.org/en/78/dominican-republic | https://press.un.org/en/2023/ga12532.doc.htm,pdf-en-linea,alta,"Pronunciado ante la Asamblea General el 20 de septiembre de 2023, tres semanas después de que el Estado reanudara el cierre de la frontera por el canal de Ouanaminthe; dirigido a la comunidad internacional para pedir la fuerza multinacional en Haití y… Fiabilidad alta: Texto oficial depositado por la delegación dominicana en el archivo del Debate General de la ONU; refleja la posición del Estado, no un hecho verificado por terceros. Toca A-221, A-225. Verificación descargada-y-leida (acceso pdf-en-linea); consulta 2026-10-06."
M16-N04,primaria,"Abinader Corona, Luis (presidente de la República Dominicana)",Discurso del presidente Luis Abinader en el debate general de la 79.ª Asamblea General de la ONU (septiembre de 2024),2024,es,oficial-rd,M16,https://gadebate.un.org/sites/default/files/gastatements/79/do_es.pdf | https://gadebate.un.org/en/79/dominican-republic | https://un-project.org/debate/79/153/,pdf-en-linea,alta,"Pronunciado en septiembre de 2024, una semana antes del anuncio del operativo de 10.000 repatriaciones semanales; presenta la carga del Estado dominicano por la crisis haitiana (salud y educación) para reclamar apoyo internacional. Fiabilidad alta: Texto oficial de la delegación dominicana en el archivo de la ONU; las cifras que da (salud, educación) son afirmaciones del Estado sin tabla de origen. Toca A-225, A-251. Verificación descargada-y-leida (acceso pdf-en-linea); consulta 2026-10-06."
M16-N05,primaria,"Abinader Corona, Luis (presidente de la República Dominicana)",Discurso del presidente Luis Abinader en el debate general de la 80.ª Asamblea General de la ONU (septiembre de 2025),2025,es,oficial-rd,M16,https://gadebate.un.org/sites/default/files/gastatements/80/do_es.pdf | https://gadebate.un.org/en/80/dominican-republic,pdf-en-linea,alta,"Pronunciado en septiembre de 2025, cuando el mandato de la misión de apoyo a la seguridad en Haití vencía el 2 de octubre; defiende el régimen migratorio dominicano ante el sistema de la ONU. Fiabilidad alta: Texto oficial de la delegación dominicana; documenta la posición pública del Estado un año después del inicio de las deportaciones masivas. Toca A-225. Verificación descargada-y-leida (acceso pdf-en-linea); consulta 2026-10-06."
M16-N06,primaria,Presidencia de la República Dominicana (nota de prensa),Ministro Paliza supervisa construcción de verja perimetral entre RD y Haití; obra está avanzada en un 84 % en su primera etapa,2024,es,oficial-rd,M16,https://presidencia.gob.do/noticias/ministro-paliza-supervisa-construccion-de-verja-perimetral-entre-rd-y-haiti-obra-esta,texto-completo-en-linea,media,"Publicada el 21 de noviembre de 2024 tras un recorrido del ministro de la Presidencia José Ignacio Paliza y del ministro de Defensa por Montecristi, Dajabón, Elías Piña, Independencia y Pedernales. Fiabilidad media: Nota oficial de la Presidencia (21-XI-2024): documenta cifras de avance y costo desde el propio Estado, sin verificación independiente. Toca A-223. Verificación descargada-y-leida (acceso texto-completo-en-linea); consulta 2026-10-06."
M16-N07,primaria,Presidencia de la República Dominicana / Ministerio de Relaciones Exteriores (nota de prensa),Canciller Roberto Álvarez reafirmó ante el Senado que el país siempre ha rechazado la construcción del canal en Haití,2023,es,oficial-rd,M16,https://presidencia.gob.do/noticias/canciller-roberto-alvarez-reafirmo-ante-el-senado-que-el-pais-siempre-ha-rechazado-la,texto-completo-en-linea,media,"Presidencia de la República, 4 de octubre de 2023, sobre la comparecencia del canciller Roberto Álvarez ante el Senado; acompañaban los viceministros Rubén Silié y otros. Fiabilidad media: Nota oficial con la cronología diplomática dominicana y la cita literal del art. 10 del Tratado de 1929 según el canciller; es la versión de una parte. Toca A-221, A-222. Verificación descargada-y-leida (acceso texto-completo-en-linea); consulta 2026-10-06."
M16-N08,primaria,Academia Dominicana de la Historia / Servicios de Acento.com.do,"Circula el libro 'Historia social de la dominación haitiana (1822-1844)', de Olivier Batista Lemaire (nota de prensa de la Academia Dominicana de la Historia y crónica de Acento)",2025,es,oficial-rd,M08;M16,https://www.academiadominicanahistoria.org.do/wp-content/uploads/2025/06/NotadePrensa.pdf | https://acento.com.do/cultura/circula-el-libro-historia-social-de-la-dominacion-haitiana-1822-1844-de-olivier-batista-lemaire-9512257.html,pdf-en-linea,media,"Academia Dominicana de la Historia y Archivo General de la Nación (editores), junio de 2025; el acto de puesta en circulación se celebró poco antes del 18 de junio de 2025 (fecha de la crónica de Acento; el día exacto [POR VERIFICAR]), con Frank Moya Pons… Fiabilidad media: Nota institucional de la Academia, de carácter promocional del libro; la obra misma no se leyó y la valoración es de Moya Pons y del presidente de la Academia. Toca A-245. Verificación descargada-y-leida (acceso pdf-en-linea); consulta 2026-10-06."
M16-N09,primaria,Presidencia de la República Dominicana (DIECOM): mensaje del presidente Luis Abinader,"Presidente Abinader anuncia 15 medidas para enfrentar la migración ilegal y garantizar la soberanía nacional ante la crisis haitiana (Presidencia de la República Dominicana, 6 de abril de 2025)",2025,es,oficial-rd,M16,https://presidencia.gob.do/noticias/presidente-abinader-anuncia-15-medidas-para-enfrentar-la-migracion-ilegal-y-garantizar-la | https://presidencia.gob.do/noticias/presidente-abinader-pasa-revista-las-15-medidas-del-gobierno-para-combatir-la-inmigracion,texto-completo-en-linea,alta,"Mensaje a la nación del domingo 6 de abril de 2025 con 15 medidas: más soldados en la frontera, aceleración del muro, protocolo hospitalario con agentes migratorios desde el 21 de abril, comisión para estudiar la normativa migratoria coordinada por Milton Ray… Fiabilidad alta: Texto oficial del mensaje del jefe del Estado (resumen con citas directas del servicio de prensa de la Presidencia); es la voz del Ejecutivo, no un análisis. Toca A-223, A-224, A-225, A-245, A-251. Verificación descargada-y-leida (acceso texto-completo-en-linea); consulta 2026-10-06."
M16-N10,primaria,"Adriano de Jesús Sánchez Roa, senador por Elías Piña","Resolución que sugiere al Poder Ejecutivo la revisión exhaustiva de la línea divisoria que delimita la frontera entre la República Dominicana y la República de Haití (iniciativa 01649-2013-SLO-SE, 21 de octubre de 2013)",2013,es,oficial-rd,M12;M16,https://memoriahistorica.senadord.gob.do/bitstreams/aeb4efa1-41e2-49aa-8847-6c23e4ad4635/download,pdf-en-linea,alta,"Iniciativa de un senador fronterizo en el mismo mes de TC/0168/13. Incluye afirmaciones fácticas sin fuente (pérdida de 6.200 km², ocupación irregular de tierras) y una referencia al muro alambrado en Comendador. Fiabilidad alta: Documento legislativo oficial; el repositorio la marca 'Aprobada' y registra su despacho al Ejecutivo el 7 de julio de 2016. Toca A-221, A-222, A-245, A-247. Verificación descargada-y-leida (acceso pdf-en-linea); consulta 2026-10-06."
M16-N11,primaria,Luis Abinader (presidente de la República Dominicana),"Decreto núm. 146-21 que crea e integra la Comisión para la Conmemoración del Bicentenario de la Independencia Efímera (G. O. 11012, 15-III-2021; fragmento)",2021,es,oficial-rd,M07;M16,https://presidencia.gob.do//sites/default/files/decree/2021-12/EXP_00117905.pdf | https://www.diariolibre.com/actualidad/presidente-crea-comision-para-conmemorar-el-bicentenario-de-la-independencia-efimera-ID25042820,pdf-en-linea,media,Decreto firmado el 8 de marzo de 2021 y publicado en la Gaceta Oficial 11012 del 15 de marzo de 2021; crea la comisión para el bicentenario de la 'Independencia Efímera' (1-XII-1821) y de la vida de José Núñez de Cáceres; la comisión (según Diario Libre… Fiabilidad media: Texto oficial parcial (el PDF disponible reproduce solo el encabezado y el primer considerando); la composición de la comisión y la fórmula 'ocupación haitiana' proceden de la nota de Diario Libre… Toca A-245. Verificación descargada-parcial (acceso pdf-en-linea); consulta 2026-10-06.
M16-N12,primaria,Poder Ejecutivo de la República Dominicana (Danilo Medina),Decreto núm. 327-13 que instituye el Plan Nacional de Regularización de Extranjeros en situación migratoria irregular (29 de noviembre de 2013),2013,es,oficial-rd,M16,https://web.archive.org/web/20160921204544/http://www.refworld.org/pdfid/52fcaf984.pdf,pdf-en-linea,alta,"Decreto del presidente Medina dictado dos meses después de TC/0168/13 en cumplimiento del dispositivo SEXTO de la sentencia y del art. 151 de la Ley 285-04. Fiabilidad alta: Texto íntegro del decreto (18 páginas, copia de Refworld por Wayback) con OCR defectuoso en algunas líneas; la fecha y el contenido coinciden con la cita de la Corte IDH (nota 353). Toca A-212, A-218, A-223. Verificación descargada-y-leida (acceso pdf-en-linea); consulta 2026-10-06."
M16-N13,primaria,Presidencia de la República Dominicana (nota de prensa),Presidente Abinader crea Observatorio de Políticas Migratorias para transparentar el diseño y monitoreo estatal (Decreto núm. 215-25),2025,es,oficial-rd,M16,https://presidencia.gob.do/noticias/presidente-abinader-crea-observatorio-de-politicas-migratorias-para-transparentar-el,texto-completo-en-linea,media,"Presidencia, 2025 (fecha exacta [POR VERIFICAR]); decreto 215-25 que crea el Observatorio de Políticas Migratorias (OPM) bajo el Consejo Nacional de Migración, con una comisión ejecutiva presidida por el periodista Miguel Franjul y con el rector del Intec, el… Fiabilidad media: Nota oficial que describe un decreto presidencial: documenta la naturaleza y la composición del OPM, no su desempeño. Toca A-223, A-224. Verificación descargada-y-leida (acceso texto-completo-en-linea); consulta 2026-10-06."
M16-N14,primaria,Ministerio de Educación de la República Dominicana (MINERD),"Evaluación final de Ciencias Sociales, 4.º de primaria, SC 12 'La independencia de la República Dominicana' (MINERD, espacio virtual de soporte para la educación no presencial) y evaluación diagnóstica SC 9 'La independencia haitiana'",s.f. (2020-2022),es,oficial-rd,M16,https://ministeriodeeducacion.gob.do/docs/espacio-virtual-de-soporte-para-educacion-no-presencial/L3OI-espana-boba-iipdf.pdf | https://www.minerd.gob.do/docs/espacio-virtual-de-soporte-para-educacion-no-presencial/3LGm-independencia-haitiana-iipdf.pdf,pdf-en-linea,media,"MINERD, 'Espacio virtual de soporte para educación no presencial' (probablemente 2020-2022; fecha [POR VERIFICAR]); fichas de evaluación para el cuarto grado de primaria con el tema de la independencia dominicana y la 'ocupación haitiana'. Fiabilidad media: Material pedagógico oficial del Ministerio, de dos páginas, que muestra la terminología que se enseña; no es el libro de texto. Toca A-245, A-247. Verificación descargada-y-leida (acceso pdf-en-linea); consulta 2026-10-06."
M16-N15,secundaria,"Bosch C., Matías; García C., Edgar; Martínez C., Jahaziely; Pérez D., Maritza A.; Pujals S., Bartolomé; Rodríguez, Jaime Luis (Colectivo-63; plataforma Dominican@s por Derecho; Fundación Juan Bosch)",Desnacionalización y apatridia en República Dominicana hoy: análisis histórico-jurídico y panorama estadístico a raíz de la sentencia TC-168-13 y la Ley 169-14,2016,es,dominicana,M16,https://juanbosch.org/wp-content/uploads/2022/04/DESNACIONALIZACION-Y-APATRIDIA-EN-RD.pdf,pdf-en-linea,media,"Informe voluntario del Colectivo-63 con la plataforma Dominican@s por Derecho y la Fundación Juan Bosch (marzo de 2016), escrito por juristas, economistas y politólogos dominicanos formados en la PUCMM, UASD, UCSD y universidades chilenas y argentinas; cita… Fiabilidad media: Informe jurídico-estadístico con aparato y con reexplotación de la base de la ENI-2012; los autores son juristas y activistas dominicanos que declaran una posición, y sus cifras se apoyan en datos… Toca A-213, A-214, A-215, A-217, A-218. Verificación descargada-y-leida (acceso pdf-en-linea); consulta 2026-10-06."
M16-N16,secundaria,"Perdomo Cordero, Nassef",Análisis crítico de la sentencia TC/0168/13,2016,es,dominicana,M16,https://www.redalyc.org/pdf/855/85545264009.pdf | http://www.redalyc.org/articulo.oa?id=85545264009,pdf-en-linea,alta,"Nassef Perdomo Cordero, abogado dominicano (PUCMM, Complutense), consultor de la Fundación Institucionalidad y Justicia (Finjus). Fiabilidad alta: Artículo de una revista académica (Memorias, Universidad del Norte, núm. 28, 2016, pp. 93-135) con citas literales de la sentencia y notas verificables, de un jurista dominicano. Toca A-212, A-213, A-214, A-215, A-216, A-217, A-250. Verificación descargada-y-leida (acceso pdf-en-linea); consulta 2026-10-06."
M16-N17,secundaria,"Méndez, Riamny (con Bárbara Suárez y Lety Melgen)",Ciudadanía anulada: negación del derecho a la nacionalidad y marginación social de la población dominicana de ascendencia haitiana,2019,es,dominicana,M16,https://estudiossociales.bono.edu.do/index.php/es/article/download/144/133/270,pdf-en-linea,media,"Artículo de Riamny Méndez, comunicadora del equipo editorial de Estudios Sociales (Centro Bonó, jesuitas), resumen de un informe del proyecto 'Proteger los derechos de la población migrante haitiana y dominicana en situación de apatridia'… Fiabilidad media: Investigación cualitativa (20 entrevistas a afectados, grupo focal) en la revista Estudios Sociales del Centro Bonó, con datos oficiales de la JCE; la muestra es pequeña y la autora declara el marco… Toca A-213, A-217, A-218. Verificación descargada-y-leida (acceso pdf-en-linea); consulta 2026-10-06."
M16-N18,secundaria,"Franco, Franklin","El racismo, las migraciones y los problemas de la identidad nacional en República Dominicana (conferencia en Harvard, 28-I-2011; edición póstuma)",2019,es,dominicana,M00;M13;M16,https://estudiossociales.bono.edu.do/index.php/es/article/download/8/8/15,pdf-en-linea,media,"Franklin Franco Pichardo (m. 2013), sociólogo e historiador marxista; la conferencia 'El negro en América Latina' (Harvard, 28 de enero de 2011) se publica en Estudios Sociales 158 (enero-abril 2019, pp. 109 ss.). Fiabilidad media: Texto inédito de una conferencia, sin aparato crítico completo, de uno de los historiadores dominicanos que inauguró la revisión crítica (1969); publicado póstumo por la revista del Centro Bonó con… Toca A-226, A-245. Verificación descargada-y-leida (acceso pdf-en-linea); consulta 2026-10-06."
M16-N19,secundaria,"Torres-Saillant, Silvio","Introduction to Dominican Blackness (CUNY Dominican Studies Research Monograph, 2.ª ed.)",2010,en,dominicana,M00;M09;M11;M16,https://www.ccny.cuny.edu/sites/default/files/dsi/upload/Introduction_to_Dominican_Blackness_Web.pdf,pdf-en-linea,alta,"Silvio Torres-Saillant (Syracuse University), dominicano de nacimiento radicado en EE.UU.; segunda edición revisada con nueva introducción (2010) de una monografía de 1995; parte de la serie del CUNY DSI de acceso abierto. Fiabilidad alta: Monografía académica con aparato crítico del director fundador del CUNY Dominican Studies Institute, referencia central de la variante crítica interna; no se leyó entera. Toca A-226, A-245. Verificación descargada-parcial (acceso pdf-en-linea); consulta 2026-10-06."
M16-N20,secundaria,"Pérez, Amín","“Yo no soy racista, yo defiendo mi patria”: síntomas y efectos nacionalistas en República Dominicana (Caribbean Studies 41:2, pp. 245-255)",2013,es,dominicana,M16,https://www.redalyc.org/pdf/392/39230911011.pdf | http://www.redalyc.org/articulo.oa?id=39230911011,pdf-en-linea,media,"Amín Pérez, artículo del número de julio-diciembre de 2013 de Caribbean Studies (San Juan); analiza las reacciones nacionalistas en la esfera pública dominicana ante la sentencia. Fiabilidad media: Nota de investigación revisada en una revista del Instituto de Estudios del Caribe (UPR), escrita en caliente poco después de TC/0168/13; el autor declara una posición crítica. Toca A-215, A-245. Verificación descargada-y-leida (acceso pdf-en-linea); consulta 2026-10-06."
M16-N21,divulgacion,"Vásquez, Jesús (Diario Libre); texto oficial leído por Homero Figueroa, vocero de la Presidencia","El Gobierno deportará hasta 10,000 haitianos por semana; operativos se ejecutarán de forma inmediata (incluye la 'Declaración del Gobierno sobre los resultados de la reunión del Consejo de Seguridad y Defensa Nacional', 2-X-2024)",2024,es,dominicana,M16,https://www.diariolibre.com/politica/gobierno/2024/10/02/el-gobierno-dominicano-deportara-hasta-10000-haitianos-a-la-semana/2868132,texto-completo-en-linea,media,"Diario Libre, 2 de octubre de 2024, tras la reunión del Consejo de Seguridad y Defensa Nacional presidida por Abinader en el Ministerio de Defensa; el documento fue leído por el vocero presidencial Homero Figueroa. Fiabilidad media: La noticia es divulgación con autor, pero reproduce íntegro un documento oficial del Gobierno; el título periodístico ('deportará') no coincide con el término oficial ('repatriar'). Toca A-223, A-225. Verificación descargada-y-leida (acceso texto-completo-en-linea); consulta 2026-10-06."
M16-N22,divulgacion,EFE / Diario Libre (a partir de comunicado de la Dirección General de Migración),"República Dominicana deportó más de 370 mil haitianos en 2025, un 37.4 % más que en 2024",2026,es,dominicana,M16,https://diariolibre.com/actualidad/nacional/2026/01/14/deportaciones-haitianos-2025-rd-aumenta-expulsiones/3404344 | https://www.diariolibre.com/actualidad/nacional/2025/10/01/migracion-anuncia-deportacion-de-mas-de-34-mil-haitianos/3264204,texto-completo-en-linea,media,"Nota de EFE publicada por Diario Libre el 14 de enero de 2026 con el balance anual de la DGM (director Luis Rafael Lee Ballester desde el 1 de octubre de 2024). Fiabilidad media: Prensa que transcribe un balance oficial de la DGM; la cifra es de la propia agencia que ejecuta las deportaciones y cuenta eventos, no personas distintas. Toca A-223, A-225. Verificación descargada-y-leida (acceso texto-completo-en-linea); consulta 2026-10-06."
M16-N23,divulgacion,El Día (redacción); Observatorio de Políticas Migratorias (OPM),"Deportaciones de haitianos crecieron tras medidas migratorias de 2025, afirma Observatorio (Tercer Boletín del Observatorio de Políticas Migratorias)",2026,es,dominicana,M16,https://eldia.com.do/deportaciones-de-haitianos-crecieron-tras-medidas-migratorias-de-2025-afirma-observatorio/,texto-completo-en-linea,media,"Nota de El Día del 18 de mayo de 2026 sobre el Tercer Boletín de Verificación de Cumplimiento (noviembre de 2025 a marzo de 2026). Fiabilidad media: Prensa sobre un boletín de un observatorio de seguimiento de las 15 medidas migratorias del Gobierno (OPM); datos de la DGM y del Ministerio de Salud; el boletín mismo no se abrió. Toca A-223, A-224, A-225, A-251. Verificación descargada-y-leida (acceso texto-completo-en-linea); consulta 2026-10-06."
M16-N24,divulgacion,Servicios de Acento.com.do (crónica de la comparecencia de Roberto Álvarez ante la Cámara de Diputados),Canciller explica a diputados evolución de la disputa sobre el canal en el río Dajabón o Masacre,2023,es,dominicana,M16,https://acento.com.do/actualidad/canciller-explica-a-diputados-evolucion-de-la-disputa-sobre-el-canal-en-el-rio-dajabon-o-masacre-9273312.html,texto-completo-en-linea,media,"Acento, 30 de noviembre de 2023; exposición ante las comisiones permanentes de Fuerzas Armadas, Asuntos Fronterizos y Relaciones Exteriores de la Cámara de Diputados. Fiabilidad media: Crónica periodística de una exposición oficial; reproduce con fidelidad el documento de cuatro puntos del canciller. Toca A-221, A-225. Verificación descargada-y-leida (acceso texto-completo-en-linea); consulta 2026-10-06."
M16-N25,divulgacion,"Núñez Asencio, Manuel","La dominación haitiana. La opresión jurídica (columna de opinión, Acento)",2026,es,dominicana,M08;M16,https://acento.com.do/opinion/la-dominacion-haitiana-la-opresion-juridica-9677566.html,texto-completo-en-linea,baja,"Manuel Núñez Asencio (lingüista, miembro de la Academia Dominicana de la Lengua; autor del ocaso) publica el 14 de mayo de 2026 en Acento una pieza sobre el sistema jurídico de Boyer, con bibliografía final que incluye a Linstant Pradine y a Balcácer (Diario… Fiabilidad baja: Columna de opinión de un lingüista y ensayista, con referencias a Linstant Pradine (1860, 1865) pero sin citas ni página; es la versión más fuerte de la narrativa nacional-hispanista, no un análisis… Toca A-245. Verificación descargada-y-leida (acceso texto-completo-en-linea); consulta 2026-10-06."
M16-N26,divulgacion,"Ortega Tous, Julio","Eppur si mouve (columna de opinión, Acento)",2022,es,dominicana,M16,https://acento.com.do/opinion/eppur-si-mouve-9112752.html,texto-completo-en-linea,baja,"Acento, 30 de septiembre de 2022. Julio Ortega Tous es director ejecutivo de la Comisión Mixta Bilateral República Dominicana-Haití según una nota de Presidencia de 2023 (afiliación en 2022 [POR VERIFICAR]); participa en la polémica por las declaraciones de… Fiabilidad baja: Columna de opinión de un funcionario-analista dominicano que cita literalmente declaraciones de Cassá y las contrasta con Price-Mars y con los estudios de Lora y González Canalda; es testimonio de la… Toca A-246, A-247. Verificación descargada-y-leida (acceso texto-completo-en-linea); consulta 2026-10-06."
M16-N27,divulgacion,"Pérez, César","El tema haitiano: cada cosa en su lugar (columna de opinión, Acento)",2022,es,dominicana,M16,https://acento.com.do/opinion/el-tema-haitiano-cada-cosa-en-su-lugar-9111911.html,texto-completo-en-linea,baja,"Acento, 28 de septiembre de 2022; el autor, César Pérez, fue compañero de Cassá en el PCD según Ortega Tous (30-IX-2022) [afiliación POR VERIFICAR]. Fiabilidad baja: Columna de opinión de un exdirigente de izquierda que responde a Cassá con apoyo en Lora y González Canalda; testimonio de la discusión interna, sin evidencia primaria propia. Toca A-224, A-225, A-245, A-246, A-247. Verificación descargada-y-leida (acceso texto-completo-en-linea); consulta 2026-10-06."
M16-N28,divulgacion,Acento.com.do (editorial sin firma),Roberto Cassá y el antihaitianismo dominicano (editorial de Acento; URL: 'el-cuidado-de-la-frontera-con-haiti'),2022,es,dominicana,M16,https://acento.com.do/editorial/el-cuidado-de-la-frontera-con-haiti-9110005.html,texto-completo-en-linea,baja,"Acento.com.do, 23 de septiembre de 2022; comenta las declaraciones del director del AGN sobre intelectuales haitianos y libros de historia de Haití. Fiabilidad baja: Editorial sin firma de un diario digital dominicano; el título de la página no coincide con el de la URL, lo que sugiere reedición. Toca A-215, A-223, A-247. Verificación descargada-y-leida (acceso texto-completo-en-linea); consulta 2026-10-06."
M16-N29,divulgacion,Servicios de Acento.com.do (reseña de la entrevista a Roberto Cassá),"Cassá: en RD hay racismo pero no se compara con EE.UU., donde opera legal grupo criminal Ku Klux Kan (entrevista en La Hora 22, Teleradioamérica)",2022,es,dominicana,M16,https://acento.com.do/actualidad/cassa-en-rd-hay-racismo-pero-no-se-compara-con-ee-uu-donde-opera-legal-grupo-criminal-ku-klux-kan-9117993.html,texto-completo-en-linea,baja,"Acento, 13 de octubre de 2022; Roberto Cassá, director del Archivo General de la Nación y miembro de la Academia Dominicana de la Historia, en el programa 'La Hora 22' (Teleradioamérica). Fiabilidad baja: Reseña periodística de declaraciones televisivas de un historiador de primera línea (director del AGN); las palabras entre comillas son del entrevistado, pero la entrevista completa no se abrió. Toca A-223, A-245, A-247. Verificación descargada-y-leida (acceso texto-completo-en-linea); consulta 2026-10-06."
M16-N30,divulgacion,"Galván, William","Por la patria dominicana (columna de opinión, Acento)",2025,es,dominicana,M16,https://acento.com.do/opinion/por-la-patria-dominicana-9499962.html,texto-completo-en-linea,baja,"Acento, 20 de mayo de 2025, tras la reunión de los tres expresidentes y el presidente sobre la crisis haitiana; el autor se presenta como profesor de la UASD e investigador y cita a Cassá sobre la isla 'única e indivisible' de la Constitución haitiana hasta… Fiabilidad baja: Columna de un profesor universitario (psicología y antropología, UASD) que admite 'carecer de datos precisos' y respalda las políticas del Gobierno; vale como muestra de opinión, no como dato. Toca A-225, A-245. Verificación descargada-y-leida (acceso texto-completo-en-linea); consulta 2026-10-06."
M16-N31,divulgacion,"Cid Cid, Miguel Ángel","Sentencia 168-13 y falsa apatridia de Milton Ray Guevara (columna de opinión, Acento)",2023,es,dominicana,M16,https://acento.com.do/opinion/sentencia-168-13-y-falsa-apatridia-de-milton-ray-guevara-9198068.html,texto-completo-en-linea,baja,"Acento, 13 de mayo de 2023; reacciona a la entrevista del presidente del Tribunal Constitucional, Milton Ray Guevara, en 'Esta Noche Mariasela' (3 de mayo de 2023), donde negó que TC/0168/13 produzca apatridia. Fiabilidad baja: Columna de opinión (el propio autor se declara 'lego en asuntos legales') que reproduce una entrevista televisiva del presidente del TC, de la que sí vale como testimonio. Toca A-216, A-217. Verificación descargada-y-leida (acceso texto-completo-en-linea); consulta 2026-10-06."
M16-N32,divulgacion,"Santana Nina, Patricia M.","Un legado de apatridia (columna de opinión, Acento)",2024,es,dominicana,M16,https://acento.com.do/opinion/un-legado-de-apatridia-9401255.html,texto-completo-en-linea,baja,"Acento, 30 de septiembre de 2024; la autora (afiliación [POR VERIFICAR]) hizo el informe 'Implementación de la Ley 169-14 sobre Naturalización' (Participación Ciudadana, 25-V-2023) según su nota 2. Fiabilidad baja: Columna de opinión de una autora que declara haber investigado la aplicación de la Ley 169-14 para Participación Ciudadana (2023); argumento jurídico con cita de la Ley de Migración. Toca A-211, A-212, A-216, A-217. Verificación descargada-y-leida (acceso texto-completo-en-linea); consulta 2026-10-06."
M16-N33,divulgacion,"Núñez Valdez, Maribel (Acento)",Embajador Rubén Silié: no somos conscientes de que somos racistas,2013,es,dominicana,M16,https://acento.com.do/actualidad/embajador-ruben-silie-no-somos-conscientes-de-que-somos-racistas-1138096.html,texto-completo-en-linea,baja,"Acento, 20 de noviembre de 2013, dos meses después de TC/0168/13; conferencia magistral de Rubén Silié Valdez (embajador de la República Dominicana ante el gobierno de Haití; sociólogo e historiador, FLACSO) en la VII Conferencia de ASWAD en el Hotel Magna… Fiabilidad baja: Crónica periodística de una conferencia de un sociólogo-historiador que era entonces embajador dominicano en Haití; recoge sus tesis sin transcripción. Toca A-245. Verificación descargada-y-leida (acceso texto-completo-en-linea); consulta 2026-10-06."
M16-N34,divulgacion,"Espinal, Rosario (Acento)","Haitianos, ¿cuántos hay?",2018,es,dominicana,M16,https://acento.com.do/opinion/haitianos-cuantos-hay-8560882.html,texto-completo-en-linea,media,"Rosario Espinal (descrita como socióloga y coordinadora del Barómetro de las Américas en la RD en una nota de 2019) escribe el 2 de mayo de 2018 tras la presentación de la ENI-2017 y la reacción pública a la cifra de 497.825. Fiabilidad media: Columna de una politóloga que recurre a la ENI-2017 como única base metodológica científica; buen testimonio de la circulación de cifras sin base, no es estudio. Toca A-219, A-220. Verificación descargada-y-leida (acceso texto-completo-en-linea); consulta 2026-10-06."
M16-N35,divulgacion,"Mejía Santana, Julio César",Cómo funciona realmente la migración y siete mitos sobre la inmigración haitiana a RD (2),2025,es,dominicana,M16,https://acento.com.do/opinion/como-funciona-realmente-la-migracion-y-siete-mitos-sobre-la-inmigracion-haitiana-a-rd-2-9446343.html,texto-completo-en-linea,media,"Julio César Mejía Santana, columnista de Acento (Santo Domingo), 21-I-2025, reseña el libro de Hein de Haas (How Migration Really Works) y lo aplica al caso dominicano; escribe para el público general contra la 'cifra estrambótica' de millones de haitianos. Fiabilidad media: Artículo de opinión de un autor con formación estadística-demográfica que cita las ENI-2012 y 2017, el censo de 2010 y registros de la DGM y ofrece cifras comprobables, pero sin las tablas de origen. Toca A-218, A-219, A-220, A-223. Verificación descargada-y-leida (acceso texto-completo-en-linea); consulta 2026-10-06."
M16-N36,divulgacion,"Lois Malkún, José","¿Cuántos haitianos viven en el país? (columna de opinión, Acento)",2018,es,dominicana,M16,https://acento.com.do/opinion/cuantos-haitianos-viven-pais-8557944.html,texto-completo-en-linea,baja,"Acento, 22 de abril de 2018; José Lois Malkún, economista, comenta la ENI-2017 y la expectativa popular de 'más de un millón' de haitianos. Fiabilidad baja: Columna de un economista que reproduce y suma cifras de la ENI-2017 y admite que muchos esperaban cifras mayores. Toca A-219, A-220. Verificación descargada-y-leida (acceso texto-completo-en-linea); consulta 2026-10-06."
M16-N37,divulgacion,"Servicios de Acento.com.do; Santana, Omar (Diario Libre)",Conferencia del Episcopado Dominicano pide respetar dignidad humana de los indocumentados (Acento/EFE) y Abinader responde a la Iglesia (Diario Libre),2025,es,dominicana,M16,https://acento.com.do/actualidad/conferencia-del-episcopado-dominicano-pide-respetar-dignidad-humana-de-los-indocumentados-9520482.html | https://diariolibre.com/politica/gobierno/2025/07/07/abinader-responde-a-la-iglesia-sobre-la-crisis-haitiana/3175191,texto-completo-en-linea,baja,"Acento, 7 de julio de 2025 (comunicado de la asamblea plenaria de los obispos) y Diario Libre, 7 de julio de 2025 (respuesta de Abinader); el comunicado de octubre de 2024 de la CED sobre políticas migratorias (adn.celam.org) devolvió 410 y no se abrió. Fiabilidad baja: Crónicas de agencia/diario que citan comunicados oficiales de la CED y declaraciones del presidente; fieles a las citas, no verificadas con el comunicado original (el PDF del CELAM devolvió 410). Toca A-223, A-224, A-225. Verificación descargada-y-leida (acceso texto-completo-en-linea); consulta 2026-10-06."
M16-N38,divulgacion,"Delgado, Esteban (El Dinero)",Partos de madres haitianas en hospitales RD suben a 35.7%,2024,es,dominicana,M16,https://eldinero.com.do/262210/partos-de-madres-haitianas-en-hospitales-rd-suben-a-35-7/ | https://eldia.com.do/el-36-de-nacimientos-en-rd-en-2024-son-de-madres-haitianas/ | https://acento.com.do/salud/menos-haitianas-dan-a-luz-en-hospitales-publicos-durante-2026-9689891.html,texto-completo-en-linea,media,"Nota del 12 de enero de 2024 con la serie de partos de madres haitianas en hospitales del Estado. Fiabilidad media: Prensa económica con una serie anual 2016-2023 de proporciones y números absolutos de partos en hospitales públicos; fuente primaria (SNS) no abierta. Toca A-224, A-251. Verificación descargada-y-leida (acceso texto-completo-en-linea); consulta 2026-10-06."
M16-N39,divulgacion,"El Día (redacción; declaraciones de Roberto Rosario Márquez, presidente de la JCE)","Auditados ya pueden buscar documentos (El Día, sobre la auditoría de la JCE al Registro Civil 1929-2007)",2015,es,dominicana,M16,https://eldia.com.do/auditados-ya-pueden-buscar-documentos/ | https://eldia.com.do/auditoria-al-registro-civil-esta-casi-lista/,texto-completo-en-linea,media,"El Día, 25 de junio de 2015; Roberto Rosario Márquez, presidente de la Junta Central Electoral, sobre la auditoría ordenada por TC/0168/13 (a la que se refiere también El Día del 31-XII-2014, con César Félix y Félix, coordinador de la Comisión de Oficialías). Fiabilidad media: Nota de prensa con cifras que el presidente de la JCE dio en su comparecencia; el informe oficial de la auditoría no se abrió. Toca A-213, A-214, A-218. Verificación descargada-y-leida (acceso texto-completo-en-linea); consulta 2026-10-06."
M16-N40,divulgacion,"Abréu, Domingo (Diario Libre)",El origen de la genética de la nacionalidad dominicana (Diario Libre),2019,es,dominicana,M01;M16,https://www.diariolibre.com/actualidad/el-origen-de-la-genetica-de-la-nacionalidad-dominicana-PG15465912,texto-completo-en-linea,baja,"Diario Libre, 22 de noviembre de 2019; el autor (Domingo Abréu) cita 'estudios de ADN mitocondrial (Martínez-Cruzado, 2006-2010)' y datos de 2010 atribuidos a Fermín Mercedes de la Cruz (UCE). Fiabilidad baja: Columna de divulgación con autor identificable que cita a Martínez-Cruzado (2006-2010) de segunda mano y mezcla ciencia con tesis sobre vínculos mayas e incas; no es evidencia genética. Toca A-228, A-229, A-245. Verificación descargada-y-leida (acceso texto-completo-en-linea); consulta 2026-10-06."
M16-N41,divulgacion,"Roca, Jaime","La nueva crisis con Haití y su resolución en el contexto del derecho internacional público (columna de opinión, Acento)",2023,es,dominicana,M16,https://acento.com.do/opinion/la-nueva-crisis-con-haiti-y-su-resolucion-en-el-contexto-del-derecho-internacional-publico-9250309.html,texto-completo-en-linea,media,"Acento, 27 de septiembre de 2023, durante el cierre de frontera; Jaime Roca (afiliación [POR VERIFICAR]) expone la posición dominicana y la haitiana y pide soluciones técnicas. Fiabilidad media: Columna jurídica que reproduce el texto del art. 10 del Tratado de 1929 (ambas frases) y expone las posiciones de las dos partes; la autoría y afiliación del columnista no se verificaron. Toca A-221, A-222. Verificación descargada-y-leida (acceso texto-completo-en-linea); consulta 2026-10-06."
M16-N42,divulgacion,Servicios de Acento.com.do,"Abinader pide Pacto Nacional para proteger soberanía ante tema haitiano (Acento, sobre la tercera rendición de cuentas, 27-II-2023)",2023,es,dominicana,M16,https://acento.com.do/actualidad/presidente-abinader-pide-pacto-nacional-para-proteger-soberania-ante-tema-haitiano-9168752.html,texto-completo-en-linea,media,"Acento, 27 de febrero de 2023, el día de la tercera rendición de cuentas de Luis Abinader; es la primera aparición fechada que se encontró de la fórmula 'no hay ni habrá solución dominicana a los problemas de Haití' y del llamado a un 'Pacto de Nación'. Fiabilidad media: Crónica periodística con citas textuales del discurso ante la Asamblea Nacional; fiel a las palabras del presidente, que no se contrastaron con la grabación. Toca A-225. Verificación descargada-y-leida (acceso texto-completo-en-linea); consulta 2026-10-06."
M16-N43,divulgacion,"EFE (agencia), Dajabón, 20 de febrero de 2022","República Dominicana empieza la verja para frenar la inmigración desde Haití (EFE, vía elDiario.es)",2022,es,internacional,M16,https://www.eldiario.es/desalambre/republica-dominicana-inicia-construccion-verja-frontera-haiti_1_8765472.amp.html,texto-completo-en-linea,media,"EFE, 20 de febrero de 2022: inauguración por el presidente Luis Abinader a orillas del río Masacre, en Dajabón, de la verja fronteriza; 160 km previstos sobre una frontera de 391 km, con primera fase de 54 km (entre siete y nueve meses) y costo de obra civil… Fiabilidad media: Teletipo de agencia con crónica de la ceremonia de inicio y cifras del propio Gobierno; no editado por el diario que lo aloja. Toca A-223. Verificación descargada-y-leida (acceso texto-completo-en-linea); consulta 2026-10-06."
M16-N44,divulgacion,"El Día (García, Johanna); declaración leída por Roberto Rodríguez Marchena, vocero de la Presidencia","Gobierno rechaza la sentencia de la CIDH (incluye el texto íntegro de la declaración del Gobierno dominicano, 23-X-2014)",2014,es,dominicana,M16,https://eldia.com.do/gobierno-rechaza-la-sentencia-de-la-cidh/ | https://eldia.com.do/gobierno-rechaza-fallo-de-corte-contra-el-pais/,texto-completo-en-linea,media,"El Día, 23 de octubre de 2014; declaración del Gobierno dominicano (presidente Danilo Medina) leída por el vocero Roberto Rodríguez Marchena tras la sentencia de la Corte Interamericana de 28 de agosto de 2014 (Serie C n.º 282, caso de las personas… Fiabilidad media: Nota periodística que reproduce íntegro el comunicado oficial; la declaración es la posición del Gobierno, con el sustantivo exacto de su rechazo. Toca A-215, A-225, A-250. Verificación descargada-y-leida (acceso texto-completo-en-linea); consulta 2026-10-06."
M16-N45,divulgacion,"Martínez, Jiovanny Felipe R. (Diario Libre); César Pina Toribio, consultor jurídico del Poder Ejecutivo",República Dominicana defiende ante la OEA la sentencia del Tribunal Constitucional (Diario Libre; discurso de César Pina Toribio ante el Consejo Permanente),2013,es,dominicana,M16,https://www.diariolibre.com/actualidad/repblica-dominicana-defiende-ante-la-oea-la-sentencia-del-tribunal-constitucional-CMDL408956,texto-completo-en-linea,media,"Diario Libre, 30 de octubre de 2013; sesión informativa del Consejo Permanente de la OEA convocada a petición de San Vicente y las Granadinas; Fiabilidad media: Noticia con citas del discurso oficial del consultor jurídico de la Presidencia ante la OEA; el texto íntegro del discurso no se abrió. Toca A-215, A-252. Verificación descargada-y-leida (acceso texto-completo-en-linea); consulta 2026-10-06."
M16-N46,divulgacion,"Arias, Edilí (El Día)",Polémica en el Instituto Duartiano: Junta rechaza al presidente por pedir 'tolerancia con los haitianos',2025,es,dominicana,M16,https://eldia.com.do/polemica-en-el-instituto-duartiano-junta-rechaza-al-presidente/,texto-completo-en-linea,media,"El Día, 7 de abril de 2025; la Junta Directiva Nacional del Instituto Duartiano (organismo oficial y autónomo, 1964; Fiabilidad media: Nota de un diario dominicano que cita palabras textuales del presidente del Instituto Duartiano y del comunicado de su Junta; recoge la tensión interna del nacionalismo. Toca A-245. Verificación descargada-y-leida (acceso texto-completo-en-linea); consulta 2026-10-06."
M16-N47,divulgacion,"Pierre, Joseph Harold",Lo que hay que saber del debate en torno a la sentencia del TC (1 de 3) (ensayo en Acento),2013,es,dominicana,M16,https://acento.com.do/opinion/lo-que-hay-que-saber-del-debate-en-torno-a-la-sentencia-del-tc-1-de-3-1411319.html,texto-completo-en-linea,baja,"Acento, 21 de octubre de 2013; primera de tres entregas: resume el debate dominicano, la posición de la comunidad internacional y de Haití; el autor (Joseph Harold Pierre) usa en la entrega 1 fuentes de prensa dominicana [nacionalidad y afiliación POR… Fiabilidad baja: Ensayo de divulgación con autor, que cartografía las posturas dominicanas a favor y en contra con citas de prensa; afiliación del autor no verificada. Toca A-215, A-216. Verificación descargada-y-leida (acceso texto-completo-en-linea); consulta 2026-10-06."
M16-N48,divulgacion,Servicios de Acento.com.do; El Día (redacción),"El Plan Nacional de Regularización de Extranjeros: balance (Acento, 2-VI-2016: viceministro Washington González, MIP; El Día, 18-VII-2017)",2016,es,dominicana,M16,https://acento.com.do/actualidad/mip-informa-ha-entregado-mas-207-mil-carnes-regularizacion-8353972.html | https://eldia.com.do/la-mayoria-de-los-del-plan-de-regularizacion-tiene-su-carnet/ | https://acento.com.do/opinion/resultados-y-desafios-del-plan-de-regulacion-de-extranjeros-8259897.html,texto-completo-en-linea,media,"Acento, 2 de junio de 2016: ponencia del viceministro del MIP Washington González en el 'Encuentro Nacional Migración, Ciudadanía, Realidad y Desafíos' (Centro Bonó); Fiabilidad media: Cifras del Ministerio de Interior y Policía dadas por un viceministro ante el Centro Bonó y repetidas por la prensa; la misma fuente dio cifras ligeramente distintas en 2017. Toca A-218. Verificación descargada-y-leida (acceso texto-completo-en-linea); consulta 2026-10-06."
M16-N49,divulgacion,Servicios de Acento.com.do (comunicados del movimiento Reconoci.do),"Reconoci.do exige al Gobierno restituir nacionalidad afectados con la Sentencia 168-13 (Acento, 8-XI-2017) y Desnacionalizados recuerdan sentencia como 'máxima expresión del racismo de Estado' (Acento, 21-III-2023)",2017,es,dominicana,M16,https://acento.com.do/actualidad/reconoci-do-exige-al-gobierno-restituir-nacionalidad-afectados-la-sentencia-168-13-8507100.html | https://acento.com.do/actualidad/desnacionalizados-recuerdan-sentencia-como-maxima-expresion-del-racismo-de-estado-9178138.html,texto-completo-en-linea,media,"Acento, 8 de noviembre de 2017 y 21 de marzo de 2023; Reconoci.do (Red Común Nacional Organizada de Ciudadanos/as Dominicanos/as), fundado en 2011, coordinado según Acento 2013 por Ana Belique y Juan Telemín; sus comunicados responden a la aplicación de la… Fiabilidad media: Crónicas de comunicados de un movimiento de dominicanos de ascendencia haitiana (voz de los afectados), con cifras propias que contrastan con las oficiales; reproducen la posición del movimiento, no… Toca A-213, A-217, A-218. Verificación descargada-y-leida (acceso texto-completo-en-linea); consulta 2026-10-06."
M16-N50,divulgacion,"Moya Pons, Frank (discurso); Servicios de Acento.com.do (publicación)","Moya Pons contra 'narrativas prohaitianas' en bienvenida a Reyes Sánchez a la Academia Dominicana de la Historia (Acento; texto íntegro del discurso de Frank Moya Pons, 16-II-2022)",2022,es,dominicana,M06;M08;M16,https://acento.com.do/actualidad/moya-pons-contra-narrativas-prohaitianas-en-bienvenida-a-reyes-sanchez-a-academia-dominicana-de-la-historia-9033945.html,texto-completo-en-linea,media,"Frank Moya Pons (Academia Dominicana de la Historia) pronuncia el discurso de bienvenida a Miguel Reyes Sánchez como miembro de número ante la vicepresidenta Raquel Peña (miércoles 16 de febrero de 2022, según Acento del 17-II-2022); Fiabilidad media: Texto íntegro de un discurso oficial de un historiador de primera línea, publicado en un medio con la presentación de Acento; es posición de un autor, no análisis neutral. Toca A-226, A-245, A-246. Verificación descargada-y-leida (acceso texto-completo-en-linea); consulta 2026-10-06."
M16-N51,divulgacion,"Lozano, Wilfredo (entrevistador); Moya Pons, Frank (entrevistado); Servicios de Acento.com.do","El sentimiento por lo nacional pesa más que lo racial en los dominicanos (entrevista de Wilfredo Lozano a Frank Moya Pons, Estudios Migratorios; reproducida por Acento, 6-III-2022)",2022,es,dominicana,M06;M08;M13;M16,https://acento.com.do/cultura/el-sentimiento-por-lo-nacional-pesa-mas-que-lo-racial-en-los-dominicanos-9039375.html,texto-completo-en-linea,media,"Revista Estudios Migratorios (dirigida por Wilfredo Lozano), con autorización para Acento, 6 de marzo de 2022; Fiabilidad media: Entrevista larga que recoge la tesis de Moya Pons con detalle sobre historia e historiografía; la entrevista la hace un sociólogo cercano al ONE/UNFPA y no hay contradictor. Toca A-221, A-227, A-228, A-245, A-249. Verificación descargada-y-leida (acceso texto-completo-en-linea); consulta 2026-10-06."
M16-N52,divulgacion,"El Día (redacción; declaraciones de Federico Antún Batlle, presidente del PRSC)","Quique Antún plantea Francia, Canadá y EEUU reciban a 5 millones de haitianos (El Día, 22-III-2024) y Quique plantea construcción muro fronterizo (El Día, 11-X-2020)",2024,es,dominicana,M16,https://eldia.com.do/quique-antun-plantea-francia-canada-y-eeuu-reciban-a-5-millones-de-haitianos/ | https://eldia.com.do/quique-plantea-construccion-muro-fronterizo-para-frenar-migracion-masiva-de-haitianos/ | https://eldia.com.do/quique-antun-advierte-rd-podria-dividirse-en-dos-pueblos/,texto-completo-en-linea,baja,"El Día, 22 de marzo de 2024 (también 11-X-2020 y 2-XII-2019): Federico (Quique) Antún Batlle, presidente del Partido Reformista Social Cristiano (PRSC), partido balaguerista, que propone un 'muro de oportunidades' y rechaza campos de refugiados. Fiabilidad baja: Notas que recogen declaraciones de un dirigente político; la cifra de 'dos millones' es afirmación sin base citada y contradice la ENI-2017. Toca A-220, A-245. Verificación descargada-y-leida (acceso texto-completo-en-linea); consulta 2026-10-06."
M16-N53,divulgacion,"EFE (agencia), publicado en El Día","Solo el 8 % de los dominicanos se identifica como negro (EFE, sobre la encuesta de Autopercepción Racial y Étnica del UNFPA)",2022,es,dominicana,M16,https://eldia.com.do/solo-el-8-de-los-dominicanos-se-identifica-como-negro/,texto-completo-en-linea,media,"EFE, 18 de marzo de 2022; encuesta Autopercepción Racial y Étnica en la República Dominicana (UNFPA, n = 1.309 mayores de 18 años) presentada en el 'Diálogo de Tambores'; intervención de Rubén Silié, viceministro de Política Exterior Multilateral. Fiabilidad media: Cable de agencia sobre un estudio publicado, con declaraciones del viceministro Rubén Silié; las cifras son de una encuesta con muestra pequeña (1.309 personas). Toca A-226, A-228, A-245. Verificación descargada-y-leida (acceso texto-completo-en-linea); consulta 2026-10-06."
M16-N54,divulgacion,"Santos, Roque","La cuestión racial: mestizo y mulatos (columna de opinión, Acento; sobre ENHOGAR 2021)",2022,es,dominicana,M16,https://acento.com.do/opinion/la-cuestion-racial-mestizo-y-mulatos-9067843.html,texto-completo-en-linea,media,"Acento, 1 de junio de 2022; Roque Santos (Roque Diomedes Santos Cueto, investigador de la UASD según otra ficha, Ciencia y Sociedad 2021 [POR VERIFICAR la identidad]) comenta la encuesta ENHOGAR 2021 de la Oficina Nacional de Estadística (mayores de 15 años). Fiabilidad media: Columna de un filósofo dominicano que cita con precisión cifras de la ONE (ENHOGAR 2021) y discute su categoría 'mestizo/indio'; las cifras son de segunda mano. Toca A-226. Verificación descargada-y-leida (acceso texto-completo-en-linea); consulta 2026-10-06."
M16-N55,divulgacion,"Herrera, Rafael Darío","La ejecución del genocidio de haitianos y domínico-haitianos de 1937 (I) (columna de opinión, Acento)",2022,es,dominicana,M13;M16,https://acento.com.do/opinion/la-ejecucion-del-genocidio-de-haitianos-y-dominico-haitianos-de-1937-i-9025896.html,texto-completo-en-linea,media,"Acento, 22 de enero de 2022; Rafael Darío Herrera (historiador, miembro de la ADH [POR VERIFICAR]) describe la ejecución de la matanza de octubre de 1937 a partir de oficios del Ejército y del discurso de Trujillo en Dajabón el 2 de octubre de 1937. Fiabilidad media: Columna de un historiador dominicano con citas de documentos de 1937 que no se identifican por archivo; útil por su vocabulario (genocidio) y por la cita de un oficio. Toca A-245, A-249. Verificación descargada-y-leida (acceso texto-completo-en-linea); consulta 2026-10-06."
M16-N56,divulgacion,"Efe (agencia), publicado en Acento","Senado rechaza sentencia de la CorteIDH que condenó a República Dominicana (EFE, vía Acento, 30-X-2014)",2014,es,dominicana,M16,https://acento.com.do/actualidad/senado-rechaza-sentencia-de-la-corteidh-condeno-a-republica-dominicana-8190309.html,texto-completo-en-linea,media,"EFE, Santo Domingo, 29 de octubre de 2014 (publicado el 30-X): el Senado dominicano aprobó una resolución que rechaza la sentencia de la Corte IDH de 28 de agosto de 2014 (caso de las personas dominicanas y haitianas expulsadas), con 18 senadores presentes. Fiabilidad media: Cable de agencia que reseña una resolución del Senado de la República aprobada por unanimidad de los senadores presentes; el texto de la resolución no se abrió. Toca A-215, A-216, A-250. Verificación descargada-y-leida (acceso texto-completo-en-linea); consulta 2026-10-06."
M16-N57,divulgacion,El Día (redacción; intervención del embajador Federico Cuello Camilo en el Parlamento Británico),"Embajador Federico Cuello dice que en RD no existe 'ni un sólo caso de apatridia' (El Día, 27-XI-2015)",2015,es,dominicana,M16,https://eldia.com.do/embajador-federico-cuello-dice-que-en-rd-no-existe-ni-un-solo-caso-de-apatridia/,texto-completo-en-linea,media,"El Día, 27 de noviembre de 2015, desde Londres: reunión sobre apatridia del Grupo Interpartidario sobre Derechos Humanos del Parlamento Británico, con Laura Quintana (Minority Rights Group), Gonzalo Vargas Llosa (ACNUR) y Rosa Iris Diendomi (Reconoci.do); el… Fiabilidad media: Nota que reseña un debate público con citas literales del embajador y de una delegada de Reconoci.do; la fuente es el despacho de El Día, no un acta del Parlamento británico. Toca A-216, A-217. Verificación descargada-y-leida (acceso texto-completo-en-linea); consulta 2026-10-06."
M16-N58,divulgacion,"Wisky, Paola (Diario Libre)","Afirman RD ha luchado día a día por soberanía (entrevista de Diario Libre a Wilson Gómez Ramírez, presidente del Instituto Duartiano, 23-I-2022)",2022,es,dominicana,M16,https://www.diariolibre.com/actualidad/nacional/2022/01/23/afirman-rd-ha-luchado-dia-a-dia-por-soberania/1593840,texto-completo-en-linea,media,"Diario Libre, 23 de enero de 2022, por el Día de Duarte (26 de enero); Fiabilidad media: Entrevista periodística con citas del entrevistado; las afirmaciones históricas son del dirigente, no verificadas. Toca A-245. Verificación descargada-y-leida (acceso texto-completo-en-linea); consulta 2026-10-06."
M16-N59,divulgacion,"Vega, Manuel Antonio","La ocupación haitiana y la independencia nacional (columna de opinión, El Nuevo Diario)",2026,es,dominicana,M08;M16,https://elnuevodiario.com.do/la-ocupacion-haitiana-y-la-independencia-nacional/,texto-completo-en-linea,baja,"El Nuevo Diario, 23 de julio de 2026; el autor (Manuel Antonio Vega; en mayo de 2026 firmó otra columna alarmista sobre la 'invasión') plantea una lectura dialéctica del período 1821-1844. Fiabilidad baja: Columna de opinión de un autor sin afiliación verificada con lectura filosófica; no cita fuentes ni cifras comprobadas ('cerca de 9,000 almas' emancipadas). Toca A-245. Verificación descargada-y-leida (acceso texto-completo-en-linea); consulta 2026-10-06."
M16-N60,cientifica,University of Pennsylvania (CURF); investigación de Theodore G. Schurr [autoría POR VERIFICAR en la página],Dominican Republic Genome Project (Penn Center for Undergraduate Research and Fellowships; descripción del Proyecto Genográfico Dominicano de la Universidad de Pensilvania),2016,en,cientifica,M00;M01;M16,https://curf.upenn.edu/rd/dominican-republic-genome-project,texto-completo-en-linea,media,"Página de investigación de la Universidad de Pensilvania que describe el Dominican Republic Genome Project: ADN mitocondrial, cromosoma Y y el chip GenoChip; el proyecto empezó en el otoño de 2015 y la recogida de muestras terminó en marzo de 2016. Fiabilidad media: Descripción institucional del proyecto para reclutar estudiantes, sin resultados; confirma fechas y diseño, no cifras. Toca A-227, A-232, A-233, A-260. Verificación descargada-y-leida (acceso texto-completo-en-linea); consulta 2026-10-06."
M16-N61,primaria,Oficina Nacional de Estadística (ONE),Informe general del X Censo Nacional de Población y Vivienda 2022 (versión digital),2024,es,oficial-rd,M16,https://www.one.gob.do/publicaciones/2024/informe-general-del-x-censo-nacional-de-poblacion-y-vivienda-2022-version-digital/,localizada-bloqueada,alta,"Localizada por búsqueda web el 2026-10-06; acceso bloqueado (403). No se leyó. Fiabilidad alta: No se abrió: la página existe en los resultados de búsqueda pero devolvió 403; la fiabilidad es la esperable por el tipo de fuente, no por su lectura. Toca A-226, A-261. Verificación fallo-fetch (acceso localizada-bloqueada); consulta 2026-10-06."
M16-N62,primaria,"Dirección General de Migración (DGM), República Dominicana","DGM repatria más de 276,215 extranjeros en condición migratoria irregular en el país (comunicado de prensa de la Dirección General de Migración)",2025,es,oficial-rd,M16,https://migracion.gob.do/transparencia/wp-content/uploads/2025/02/01-02-DGM-repatria-mas-de-276215-extranjeros-en-condicion-migratoria-irregular-en-el-pais.pdf,localizada-bloqueada,media,"Localizada por búsqueda web el 2026-10-06; acceso bloqueado (403). No se leyó. Fiabilidad media: No se abrió: la página existe en los resultados de búsqueda pero devolvió 403; la fiabilidad es la esperable por el tipo de fuente, no por su lectura. Toca A-223. Verificación fallo-fetch (acceso localizada-bloqueada); consulta 2026-10-06."
M16-N63,primaria,Conferencia del Episcopado Dominicano (CED),Comunicado de la Conferencia del Episcopado Dominicano sobre políticas migratorias (octubre de 2024),2024,es,dominicana,M16,https://adn.celam.org/wp-content/uploads/2024/10/Comunicado-CED-politicas-migratorias.pdf,localizada-bloqueada,media,"Localizada por búsqueda web el 2026-10-06; acceso bloqueado (410). No se leyó. Fiabilidad media: No se abrió: la página existe en los resultados de búsqueda pero devolvió 410; la fiabilidad es la esperable por el tipo de fuente, no por su lectura. Toca A-224, A-225. Verificación fallo-fetch (acceso localizada-bloqueada); consulta 2026-10-06."
M16-N64,divulgacion,El Caribe (redacción),El 33% de los dominicanos se percibe moreno y negro (El Caribe),2024,es,dominicana,M16,https://www.elcaribe.com.do/panorama/pais/el-33-de-los-dominicanos-se-percibe-moreno-y-negro/,localizada-bloqueada,baja,"Localizada por búsqueda web el 2026-10-06; acceso bloqueado (403). No se leyó. Fiabilidad baja: No se abrió: la página existe en los resultados de búsqueda pero devolvió 403; la fiabilidad es la esperable por el tipo de fuente, no por su lectura. Toca A-226. Verificación fallo-fetch (acceso localizada-bloqueada); consulta 2026-10-06."
M16-N65,divulgacion,El Caribe (redacción); discurso del magistrado Víctor Joaquín Castellanos Pizano en Montecristi,Juez TC advierte migración descontrolada pone en peligro soberanía de RD (El Caribe),[s.f.],es,dominicana,M16,https://www.elcaribe.com.do/destacado/juez-tc-advierte-migracion-descontrolada-pone-en-peligro-soberania-de-rd/,localizada-bloqueada,baja,"Localizada por búsqueda web el 2026-10-06; acceso bloqueado (403). No se leyó. Fiabilidad baja: No se abrió: la página existe en los resultados de búsqueda pero devolvió 403; la fiabilidad es la esperable por el tipo de fuente, no por su lectura. Toca A-220, A-245. Verificación fallo-fetch (acceso localizada-bloqueada); consulta 2026-10-06."
M16-N66,divulgacion,"CDN (redacción; Roberto Rosario, presidente de la JCE)","JCE cifra en 53,843 los hijos de extranjeros en RD (CDN)",2013,es,dominicana,M16,https://cdn.com.do/nacionales/jce-cifra-en-53-843-los-hijos-de-extranjeros-en-rd/,localizada-bloqueada,baja,"Localizada por búsqueda web el 2026-10-06; acceso bloqueado (403). No se leyó. Fiabilidad baja: No se abrió: la página existe en los resultados de búsqueda pero devolvió 403; la fiabilidad es la esperable por el tipo de fuente, no por su lectura. Toca A-214. Verificación fallo-fetch (acceso localizada-bloqueada); consulta 2026-10-06."
M16-N67,primaria,"Martelly, Michel (presidente de Haití); reproducido por HaïtiLibre","Haïti - Dénationalisation : Position du Gouvernement haïtien (Discours) [discurso del presidente Martelly ante el Buró de la Conferencia de Jefes de Estado y de Gobierno de la CARICOM, Puerto España, martes 26 nov. 2013]",2013,fr,oficial-haiti,M16,https://www.haitilibre.com/article-9966-haiti-denationalisation-position-du-gouvernement-haitien-discours.html,texto-completo-en-linea,media,"Discurso del presidente haitiano Michel Martelly en la reunión especial del Buró de la Conferencia de Jefes de Estado y de Gobierno de la CARICOM en Trinidad y Tobago (publicado por HaïtiLibre el 28-XI-2013, que dice 'Mardi', es decir martes 26-XI-2013 [fecha… Fiabilidad media: Texto íntegro de un discurso oficial reproducido por un medio haitiano independiente; es primaria para la posición del Estado haitiano pero no se cotejó con el original de la Presidencia y su cifra… Toca A-212, A-213, A-216, A-217, A-252. Verificación descargada-y-leida (acceso texto-completo-en-linea); consulta 2026-10-06."
M16-N68,primaria,Ministère des Affaires Étrangères d’Haïti (administración Martelly-Lamothe); reproducido por HaïtiLibre,Haïti - Diplomatie : Position officielle d’Haïti sur la décision dominicaine [nota oficial del Ministerio de Asuntos Exteriores a la Embajada dominicana],2013,fr,oficial-haiti,M16,https://www.haitilibre.com/article-9595-haiti-diplomatie-position-officielle-d-haiti-sur-la-decision-dominicaine.html,texto-completo-en-linea,media,"Nota verbal del Ministerio de Asuntos Exteriores haitiano a la Embajada dominicana en Puerto Príncipe (con copia a la Embajada de Haití en Santo Domingo), publicada por HaïtiLibre el 6-X-2013, unos doce días después de TC/0168/13. Fiabilidad media: Nota diplomática oficial transcrita por prensa; es primaria sobre la posición del Estado haitiano pero llega por un intermediario no oficial. Toca A-211, A-212, A-216, A-217. Verificación descargada-y-leida (acceso texto-completo-en-linea); consulta 2026-10-06."
M16-N69,divulgacion,"HaïtiLibre (redacción); declaraciones de Casimir, Cinéas, Silié y Desras","Haïti - Diplomatie : Perte de nationalité dominicaine, Haïti exprime son désaccord… [declaraciones del canciller Casimir y del embajador Cinéas, 2 oct. 2013]",2013,fr,haitiana,M16,https://www.haitilibre.com/article-9577-haiti-diplomatie-perte-de-nationalite-dominicaine-haiti-exprime-son-desaccord.html,texto-completo-en-linea,media,"Crónica de HaïtiLibre del 3-X-2013 sobre el encuentro (miércoles 2-X-2013) del canciller Pierre-Richard Casimir y del embajador Fritz Cinéas, llamado en consulta a Haití, con el embajador dominicano Ruben Silié Valde [sic, tal como figura en la nota]. Fiabilidad media: Crónica de prensa haitiana con declaraciones directas de funcionarios; las cifras que cita no declaran base. Toca A-213, A-216, A-219, A-252. Verificación descargada-y-leida (acceso texto-completo-en-linea); consulta 2026-10-06."
M16-N70,divulgacion,"HaïtiLibre (redacción); cifras de Roberto Rosario, presidente de la Junta Central Electoral (RD)",Haïti - Dénationalisation : Résultats de la vérification des registres d’État civil dominicain [cifras de la JCE reproducidas por HaïtiLibre],2013,fr,haitiana,M16,https://www.haitilibre.com/article-9834-haiti-denationalisation-resultats-de-la-verification-des-registres-d-etat-civil-dominicain.html,texto-completo-en-linea,media,"Crónica del 9-XI-2013 sobre la rueda de prensa del 7-XI-2013 de Roberto Rosario (JCE) con los resultados de la verificación ordenada el 23-X-2013 por el Consejo Nacional de Migración. Fiabilidad media: Recoge cifras oficiales dominicanas de segunda mano, con una inconsistencia aritmética interna; sirve para ver cómo la prensa haitiana recibió la auditoría, no como fuente de la auditoría misma. Toca A-213, A-214. Verificación descargada-y-leida (acceso texto-completo-en-linea); consulta 2026-10-06."
M16-N71,primaria,Ministère des Haïtiens Vivant à l’Étranger (MHAVE); reproducido por HaïtiLibre,Haïti - Dénationalisation : Réaction du MHAVE à la décision dominicaine… [comunicado del Ministerio de los Haitianos Residentes en el Extranjero],2013,fr,oficial-haiti,M16,https://www.haitilibre.com/article-9742-haiti-denationalisation-reaction-du-mhave-a-la-decision-dominicaine.html,texto-completo-en-linea,media,"Comunicado del MHAVE del 24-X-2013 (publicado el 27-X) tras la decisión del Consejo Nacional de Migración dominicano, presidido por Danilo Medina, de aceptar íntegramente TC/0168/13. Fiabilidad media: Comunicado oficial de un ministerio haitiano transcrito por prensa; parte interesada, cifra sin base declarada. Toca A-212, A-213, A-217. Verificación descargada-y-leida (acceso texto-completo-en-linea); consulta 2026-10-06."
M16-N72,secundaria,"Réseau National de Défense des Droits Humains (RNDDH), Haití",Erreurs de publication dans la Loi Constitutionnelle portant amendement de la Constitution de 1987 : Le RNDDH fait le point (27 oct. 2011),2011,fr,haitiana,M16,https://web.rnddh.org/wp-content/uploads/2012/04/Constitution-amendée-2011.pdf,pdf-en-linea,media,"Informe de 10 páginas del RNDDH (ONG haitiana de derechos humanos), fechado 27-X-2011, que reconstruye la enmienda constitucional de 2011: votada por la Asamblea nacional constituyente (7-9 mayo 2011), publicada con errores en Le Moniteur n.º 58 (13-V-2011) y… Fiabilidad media: Análisis comparado de una ONG de derechos humanos haitiana, útil para el historial de la enmienda de 2011 y para las columnas de comparación, pero la disposición en columnas del PDF extraído exige… Toca A-216. Verificación descargada-y-leida (acceso pdf-en-linea); consulta 2026-10-06."
M16-N73,primaria,Secretaría de la Comunidad del Caribe (CARICOM),CARICOM Statement on Developments in the Aftermath of the Ruling of the Constitutional Court of the Dominican Republic on Nationality (26 nov. 2013),2013,en,internacional,M16,https://caricom.org/caricom-statement-on-developments-in-the-aftermath-of-the-ruling-of-the-constitutional-court-of-the-dominican-republic-on-nationality/ | https://www.caribjournal.com/?p=33495,texto-completo-en-linea,alta,"Comunicado de la CARICOM del 26-XI-2013 tras la reunión especial del Buró de la Conferencia de Jefes de Gobierno en Puerto España (Trinidad y Tobago), con presencia del presidente haitiano Martelly como presidente saliente. Fiabilidad alta: Comunicado oficial publicado en el sitio de la propia organización; es primaria para la decisión de CARICOM, aunque su calificación jurídica es la de una parte política. Toca A-212, A-217, A-252. Verificación descargada-y-leida (acceso texto-completo-en-linea); consulta 2026-10-06."
M16-N74,divulgacion,Le Nouvelliste (redacción); declaraciones del ministro François Guillaume II (MHAVE),"8,700 immigrant Haitians identified in a month (PIDIH) [Le Nouvelliste, 29 ago. 2014]",2014,en,haitiana,M16,https://lenouvelliste.com/article/135085/8700-immigrant-haitians-identified-in-a-month,fragmento-busqueda,media,"Nota del 29-VIII-2014 de Le Nouvelliste (Puerto Príncipe) sobre la presentación, el 25 de agosto, por el ministro de los Haitianos Residentes en el Extranjero, François Guillaume II, de los resultados del Programme d’identification et de documentation des… Fiabilidad media: Diario haitiano de referencia que reproduce una comunicación oficial del ministerio; el texto está tras muro de pago después del segundo párrafo y es la traducción inglesa del original francés. Toca A-252. Verificación descargada-parcial (acceso fragmento-busqueda); consulta 2026-10-06."
M16-N75,divulgacion,Le Nouvelliste (redacción),"PIDIH launched in Santiago and Barahona [Le Nouvelliste, 23 abr. 2015]",2015,en,haitiana,M16,https://lenouvelliste.com/article/143955/pidih-launched-in-santiago-and-barahona,fragmento-busqueda,media,"Nota del 23-IV-2015 de Le Nouvelliste sobre la apertura de oficinas del PIDIH en Santiago y Barahona, con presencia de representantes de los ministerios haitianos de Exteriores y de Haitianos Residentes en el Extranjero y de la Embajada de Haití en la RD. Fiabilidad media: Prensa haitiana de referencia; solo se pudo leer la entrada y un párrafo, el resto está tras muro de pago. Toca A-252. Verificación descargada-parcial (acceso fragmento-busqueda); consulta 2026-10-06."
M16-N76,divulgacion,HaïtiLibre (redacción); comunicado de la Secretaría de la CARICOM,"Haïti - Dénationalisation : La CARICOM profondément préoccupée [HaïtiLibre, 18 oct. 2013]",2013,fr,haitiana,M16,https://www.haitilibre.com/article-9680-haiti-denationalisation-la-caricom-profondement-preoccupee.html,texto-completo-en-linea,media,"Nota del 18-X-2013 de HaïtiLibre sobre el primer comunicado de la CARICOM (octubre de 2013, solo condenatorio) y sobre la gira regional del canciller Pierre-Richard Casimir (Guyana, Trinidad y Tobago, Surinam/UNASUR). Fiabilidad media: Crónica de prensa haitiana que traduce un comunicado de la CARICOM y narra la gira diplomática del canciller; sin cifras propias. Toca A-217, A-252. Verificación descargada-y-leida (acceso texto-completo-en-linea); consulta 2026-10-06."
M16-N77,divulgacion,HaïtiLibre (redacción); portavoz de la Presidencia dominicana Roberto Rodríguez Marchena,"Haïti - Dénationalisation : Le Gouvernement dominicain accepte la décision du Tribunal Constitutionnel [HaïtiLibre, 24 oct. 2013]",2013,fr,haitiana,M16,https://www.haitilibre.com/article-9724-haiti-denationalisation-le-gouvernement-dominicain-accepte-la-decision-du-tribunal-constitutionnel.html,texto-completo-en-linea,media,"Nota del 24-X-2013 de HaïtiLibre sobre la reunión del Consejo Nacional de Inmigración dominicano (miércoles 23-X-2013, presidida por Danilo Medina), que aceptó íntegramente TC/0168/13 y ordenó a la JCE un informe de impacto en 30 días y un plan de… Fiabilidad media: Crónica de prensa haitiana que traduce una decisión oficial dominicana; la versión original dominicana no se leyó aquí. Toca A-212, A-215, A-217. Verificación descargada-y-leida (acceso texto-completo-en-linea); consulta 2026-10-06."
M16-N78,divulgacion,"HaïtiLibre (redacción); declaraciones de Ralph Gonsalves, primer ministro de San Vicente y las Granadinas","Haïti - Dénationalisation : Sanctions réclamées contre la République Dominicaine [HaïtiLibre, 13 nov. 2013]",2013,fr,haitiana,M16,https://www.haitilibre.com/article-9861-haiti-denationalisation-sanctions-reclamees-contre-la-republique-dominicaine.html,texto-completo-en-linea,media,"Nota del 13-XI-2013 de HaïtiLibre sobre la petición de Gonsalves (San Vicente y las Granadinas, presidente entrante de la CARICOM) de sanciones económicas contra la RD, y sobre la colaboración de la ONU con el plan dominicano de regularización. Fiabilidad media: Crónica de prensa haitiana que recoge palabras de un jefe de gobierno caribeño; es evidencia de lo dicho, no de lo que decidió la CARICOM. Toca A-217, A-252. Verificación descargada-y-leida (acceso texto-completo-en-linea); consulta 2026-10-06."
M16-N79,divulgacion,HaïtiLibre (redacción),"Haïti - FLASH : Conflit avec la RD au sujet d’un canal détournant la Rivière massacre vers Haïti [HaïtiLibre, 29 abr. 2021]",2021,fr,haitiana,M16,https://www.haitilibre.com/article-33596-haiti-flash-conflit-avec-la-rd-au-sujet-d-un-canal-detournant-la-riviere-massacre-vers-haiti.html,texto-completo-en-linea,media,"Nota del 29-IV-2021 de HaïtiLibre sobre la reunión del martes 27-IV-2021 en Dajabón entre autoridades haitianas y dominicanas por el canal de Ouanaminthe, bajo el gobierno de Jovenel Moïse. Fiabilidad media: Nota breve de prensa haitiana sobre una reunión bilateral; da la posición haitiana de 2021 pero sin documento oficial. Toca A-221, A-222. Verificación descargada-y-leida (acceso texto-completo-en-linea); consulta 2026-10-06."
M16-N80,divulgacion,HaïtiLibre (redacción); medidas del Consejo Nacional de Seguridad dominicano y declaraciones del presidente Luis Abinader,"Haïti - FLASH : Le Gouvernement dominicain annonce des mesures et lance un ultimatum à Haïti (Canal rivière Massacre) [HaïtiLibre, 12 sep. 2023]",2023,fr,haitiana,M16,https://www.haitilibre.com/article-40478-haiti-flash-le-gouvernement-dominicain-annonce-des-mesures-et-lance-un-ultimatum-a-haiti-canal-riviere-massacre.html,texto-completo-en-linea,media,"Nota del 12-IX-2023 de HaïtiLibre sobre la reunión extraordinaria del Consejo Nacional de Seguridad dominicano del lunes 11-IX-2023 presidida por Abinader, con las cinco medidas y la rueda de prensa del presidente. Fiabilidad media: Traducción al francés, por un medio haitiano, de medidas oficiales dominicanas; el texto original dominicano no se leyó aquí. Toca A-221, A-222, A-225. Verificación descargada-y-leida (acceso texto-completo-en-linea); consulta 2026-10-06."
M16-N81,divulgacion,HaïtiLibre (redacción); anuncio del presidente Luis Abinader,"Haïti - FLASH : La RD ferme ses frontières terrestres, maritimes et aériennes avec Haïti (marchandises et passagers) [HaïtiLibre, 15 sep. 2023]",2023,fr,haitiana,M16,https://www.haitilibre.com/article-40503-haiti-flash-la-rd-ferme-ses-frontieres-terrestres-maritimes-et-aeriennes-avec-haiti-marchandises-et-passagers.html,texto-completo-en-linea,media,"Nota del 15-IX-2023 de HaïtiLibre sobre el cierre total de la frontera dominicana con Haití a partir del viernes 15-IX-2023 a las 6:00, tras el segundo día de reuniones bilaterales por el canal del Masacre. Fiabilidad media: Crónica de prensa haitiana contemporánea con citas de las autoridades dominicanas traducidas al francés. Toca A-221, A-222. Verificación descargada-y-leida (acceso texto-completo-en-linea); consulta 2026-10-06."
M16-N82,divulgacion,HaïtiLibre (redacción); comunicado de la Dirección General de Migración (DGM) dominicana,"Haïti - FLASH : 369,779 haïtiens illégaux expulsés en 1 an de la Rep. Dom. [HaïtiLibre, 25 sep. 2025]",2025,fr,haitiana,M16,https://www.haitilibre.com/article-45848-haiti-flash-369-779-haitiens-illegaux-expulses-en-1-an-de-la-rep-dom.html,texto-completo-en-linea,media,"Nota del 25-IX-2025 de HaïtiLibre sobre un comunicado de la DGM dominicana que da el total de 'retornados' entre el 1-X-2024 y el 20-IX-2025 y anuncia la intensificación de las operaciones. Fiabilidad media: Prensa haitiana que reproduce cifras oficiales dominicanas de segunda mano; el recuento es de retornos (eventos) y no de personas distintas, y el comunicado de la DGM original no se leyó. Toca A-223, A-225. Verificación descargada-y-leida (acceso texto-completo-en-linea); consulta 2026-10-06."
M16-N83,divulgacion,"Geffrard, Robenson (Le Nouvelliste); declaraciones de Léon Charles, representante de Haití ante la OEA","""The construction of the canal will not stop,"" asserts Léon Charles before the Permanent Council of the OAS [Le Nouvelliste, 12 oct. 2023]",2023,en,haitiana,M16,https://lenouvelliste.com/en/article/244882/the-construction-of-the-canal-will-not-stop-asserts-leon-charles-before-the-permanent-council-of-the-oas,fragmento-busqueda,media,"Crónica de Robenson Geffrard del 12-X-2023 (Le Nouvelliste, Puerto Príncipe) sobre la intervención de Léon Charles, representante permanente de Haití ante la OEA, tras la del canciller dominicano Roberto Álvarez en el Consejo Permanente (martes 10-X-2023). Fiabilidad media: Diario haitiano de referencia con cita directa del embajador; solo se leyó el resumen y el primer párrafo (muro de pago) y es la traducción inglesa del original francés. Toca A-221, A-222. Verificación descargada-parcial (acceso fragmento-busqueda); consulta 2026-10-06."
M16-N84,divulgacion,"Paul, Kervens Adam (Le Nouvelliste); cifras del GARR (Sam Guillaume)","September Records 60,000+ Haitian Repatriations, Turnbacks, and Spontaneous Returns from the Dominican Republic [Le Nouvelliste, 25 oct. 2023]",2023,en,haitiana,M16,https://lenouvelliste.com/en/article/245073/september-records-60000-haitian-repatriations-turnbacks-and-spontaneous-returns-from-the-dominican-republic,fragmento-busqueda,media,"Crónica del 25-X-2023 de Le Nouvelliste, a partir de una entrevista en Radio Magik 9 con Sam Guillaume, responsable de comunicación del GARR, sobre las cifras de septiembre de 2023 (mes del cierre de la frontera por el conflicto del canal). Fiabilidad media: Cifras de una ONG haitiana de derechos de los migrantes (GARR) recogidas por la prensa; recuento propio de la ONG en cuatro pasos fronterizos, no verificado frente al de la DGM, y artículo tras muro… Toca A-223. Verificación descargada-parcial (acceso fragmento-busqueda); consulta 2026-10-06."
M16-N85,divulgacion,"Césaire, Michelson (Le Nouvelliste); cifras del GARR","Over 50,000 Haitians Deported from the Dominican Republic in October [Le Nouvelliste, 15 nov. 2024]",2024,en,haitiana,M16,https://lenouvelliste.com/en/article/251474/over-50000-haitians-deported-from-the-dominican-republic-in-october,fragmento-busqueda,media,"Crónica del 15-XI-2024 de Le Nouvelliste sobre el informe del GARR de octubre de 2024, el primer mes completo tras el anuncio dominicano de 10.000 deportaciones semanales. Fiabilidad media: Cifras de una ONG haitiana (GARR) recogidas por la prensa; recuento propio de la ONG y artículo parcialmente tras muro de pago. Toca A-223. Verificación descargada-parcial (acceso fragmento-busqueda); consulta 2026-10-06."
M16-N86,divulgacion,"Justin, John Smith (Le Nouvelliste); informe del GARR","GARR Reports Over 23,000 Haitians Repatriated from the Dominican Republic in April [Le Nouvelliste, 14 mayo 2025]",2025,en,haitiana,M16,https://lenouvelliste.com/en/article/256164/23-123-haitiens-rapatries-de-republique-dominicaine-en-avril-selon-le-garr,fragmento-busqueda,media,"Crónica del 14-V-2025 de Le Nouvelliste sobre el informe del GARR de abril de 2025 presentado en rueda de prensa en sus oficinas, mes en que entró en vigor el protocolo sanitario dominicano contra migrantes irregulares en hospitales. Fiabilidad media: Cifras de una ONG haitiana (GARR) recogidas por la prensa; recuento propio y artículo parcialmente tras muro de pago. Toca A-223, A-224. Verificación descargada-parcial (acceso fragmento-busqueda); consulta 2026-10-06."
M16-N87,divulgacion,"Sénat, Jean Daniel (Le Nouvelliste)","Haiti Condemns Dominican Republic's Mass Deportation of Haitians at the OAS [Le Nouvelliste, 8 oct. 2024]",2024,en,haitiana,M16,https://lenouvelliste.com/en/article/250772/haiti-condemns-dominican-republics-mass-deportation-of-haitians-at-the-oas,fragmento-busqueda,media,"Crónica de Jean Daniel Sénat del 8-X-2024 (Le Nouvelliste) sobre la sesión extraordinaria del Consejo Permanente de la OEA del martes 8-X-2024, convocada a petición de la misión permanente de Haití por instrucciones de la cancillería haitiana, con la… Fiabilidad media: Diario haitiano de referencia que cubre en directo la sesión; solo se leyó la entradilla y el primer párrafo (muro de pago) y es la versión inglesa del original francés. Toca A-224. Verificación descargada-parcial (acceso fragmento-busqueda); consulta 2026-10-06."
M16-N88,divulgacion,"Blaise, Juhakenson (The Haitian Times)","Haiti Demands OAS help to stop Dominican Republic’s ‘discriminatory’ deportations, sets up migrant working group [The Haitian Times, 10 oct. 2024; reproducido en Haïti en Marche, 16 oct. 2024]",2024,en,haitiana,M16,https://haitienmarche.com/index.php/whats-up-little-haiti/whats-up-little-haiti-9,texto-completo-en-linea,media,"Crónica de Juhakenson Blaise para The Haitian Times (medio de la diáspora haitiana), con datación en Puerto Príncipe el 10-X-2024, reproducida el 16-X-2024 en la sección 'What's up Little Haiti' de Haïti en Marche. Fiabilidad media: Prensa haitiana de la diáspora con cita textual de un diplomático haitiano, pero leída en una reproducción de Haïti en Marche y no en la web original del Haitian Times. Toca A-223, A-224. Verificación descargada-y-leida (acceso texto-completo-en-linea); consulta 2026-10-06."
M16-N89,divulgacion,"Adames Alcántara, Martín; Coto, Dánica (Associated Press)","Dominican Republic starts mass deportations of Haitians and expels nearly 11,000 in a week",2024,en,internacional,M16,https://www.ksat.com/news/world/2024/10/08/dominican-republic-starts-mass-deportations-of-haitians-and-expels-nearly-11000-in-a-week/ | https://www.wsls.com/news/world/2024/10/08/dominican-republic-starts-mass-deportations-of-haitians-and-expels-nearly-11000-in-a-week/ | https://www.clickorlando.com/news/world/2024/10/08/dominican-republic-starts-mass-deportations-of-haitians-and-expels-nearly-11000-in-a-week/ | https://globalnews.ca/news/10801659/dominican-republic-haitians-expelled-deportations/,texto-completo-en-linea,media,"Associated Press (Santo Domingo y San Juan), 8-X-2024; publicado en la copia de una cadena local de EE. Fiabilidad media: Despacho de una agencia internacional con citas atribuidas a las dos partes y a activistas, pero sin acceso directo a los datos de origen y con cifras reportadas por el gobierno dominicano. Toca A-223, A-224, A-225, A-251. Verificación descargada-y-leida (acceso texto-completo-en-linea); consulta 2026-10-06."
M16-N90,secundaria,"Denis, Watson (profesor de la Université d’État d’Haïti)","Premier janvier 1804 : naissance de l’État haïtien et renaissance de l’ile d’Haïti [Le Nouvelliste, 30 dic. 2024]",2024,fr,haitiana,M06;M07;M08;M16,https://lenouvelliste.com/article/252245/premier-janvier-1804-naissance-de-letat-haitien-et-renaissance-de-lile-dhaiti,texto-completo-en-linea,media,"Artículo de 31 minutos de lectura de Watson Denis (Ph.D.; profesor de pensamiento social haitiano, historia del Caribe y relaciones internacionales en la UEH, coeditor de 'Terreurs de frontière'), publicado en Le Nouvelliste el 30-XII-2024 con motivo del 1 de… Fiabilidad media: Ensayo de un historiador universitario haitiano con notas a Madiou, Ardouin y Lora, publicado en prensa (sin arbitraje); es voz académica representativa del relato haitiano actual, no prueba… Toca A-245, A-253. Verificación descargada-y-leida (acceso texto-completo-en-linea); consulta 2026-10-06."
M16-N91,secundaria,"Péan, Leslie F.","Exposé de Santo Domingo: Transcendance historique de la révolution haïtienne et son influence sur le Santo Domingo espagnol [Le Nouvelliste, 28 ago. 2017]",2017,fr,haitiana,M06;M07;M16,https://lenouvelliste.com/article/175525/transcendance-historique-de-la-revolution-haitienne-et-son-influence-sur-le-santo-domingo-espagnol,texto-completo-en-linea,media,"Conferencia de Leslie F. Péan pronunciada en Santo Domingo (según el texto, agradece al 'Centre culturel d’Espagne' la invitación para hablar del aniversario de la revuelta del 22-VIII-1791) y publicada en Le Nouvelliste el 28-VIII-2017. Fiabilidad media: Texto de una conferencia de un economista e historiador haitiano, con citas a Price-Mars, Hurbon y Trouillot, publicado en prensa sin arbitraje; útil como voz crítica del relato oficial haitiano. Toca A-245. Verificación descargada-y-leida (acceso texto-completo-en-linea); consulta 2026-10-06."
M16-N92,primaria,"Dorsainvil, Justin-Chrysostome; Frères de l’Instruction Chrétienne","Manuel d’histoire d’Haïti (Port-au-Prince, Procure des Frères de l’Instruction Chrétienne, 1934; aprobado por el Consejo de Instrucción Pública el 29-III-1924)",1934,fr,haitiana,M07;M08;M09;M16,https://beta-omk.manioc.org/files/original/2821/PAP11077.pdf,pdf-en-linea,media,"Manual de historia de Haití del médico e historiador J.-C. Dorsainvil con la colaboración de los Frères de l’Instruction Chrétienne (congregación católica de enseñanza), aprobado en 1924 e impreso en 1934 con imprimatur arzobispal (15-VII-1934); formó a… Fiabilidad media: Manual escolar original escaneado (416 pp., OCR con ruido), primaria como documento de lo que se enseñaba; sus afirmaciones históricas son de segunda mano y de época. Toca A-245, A-246, A-248. Verificación descargada-y-leida (acceso pdf-en-linea); consulta 2026-10-06."
M16-N93,divulgacion,"Piercin, Wethzer (AyiboPost); con declaraciones de Jean-Marie Théodat, Smith Augustin, Rachèle Magloire y Jésula Blanc","The 1937 massacre a point of tension between Haitian filmmaker and Dominican actors [AyiboPost, 21 feb. 2024]",2024,en,haitiana,M13;M16,https://backoffice.ayibopost.com/1937-massacre-tension-haitian-dominican/ | https://ayibopost.com/?p=56065,texto-completo-en-linea,media,"Reportaje de AyiboPost (medio digital haitiano de periodismo de investigación, con versiones en francés, inglés y español de este reportaje) del 21-II-2024 sobre la polémica entre el documentalista haitiano Pierre Michel Jean y actores dominicanos por… Fiabilidad media: Periodismo de investigación haitiano con entrevistas a un geógrafo, un sociólogo y activistas, pero sin cifras propias y con datos históricos de segunda mano (p. ej., 'más de 20.000 muertos'). Toca A-221, A-246, A-248, A-249. Verificación descargada-y-leida (acceso texto-completo-en-linea); consulta 2026-10-06."
M16-N94,divulgacion,"Fleurant, Gerdes (profesor asociado, Wellesley College) [art. 'Vodou']; autor del art. 'Music' no consta en la extracción [POR VERIFICAR]","Vodou (y 'Music'), en Smithsonian Folklife Festival 2004 Program Book: Haiti: Freedom and Creativity from the Mountains to the Sea",2004,en,haitiana,M01;M16,https://folklife-media.si.edu/docs/festival/program-book-articles/FESTBK2004_04.pdf,pdf-en-linea,media,"Artículo del musicólogo y etnomusicólogo haitiano Gerdes Fleurant para el libro-programa del Smithsonian Folklife Festival de 2004 (bicentenario de la independencia haitiana), dirigido a un público estadounidense general. Fiabilidad media: Artículo de divulgación de un académico haitiano de origen en un programa de festival, sin aparato de notas; afirma elementos taínos en el vodou sin citar estudio arqueológico. Toca A-242, A-243. Verificación descargada-y-leida (acceso pdf-en-linea); consulta 2026-10-06."
M16-N95,primaria,"Groupe d’Appui aux Rapatriés et Réfugiés (GARR), Haití","Rapport annuel d’activités, janvier-décembre 2018 (GARR)",2018,fr,haitiana,M15;M16,https://www.collectif-haiti.fr/wp-content/uploads/2022/03/Rapport-dactivités_GARR-_2018.pdf,pdf-en-linea,media,"Informe anual de 58 páginas del GARR (plataforma haitiana de apoyo a repatriados y refugiados) sobre 2018, alojado por el Collectif Haïti de France (2022). Fiabilidad media: Informe interno de actividades de la ONG que cuenta los repatriados; es primaria para su propio método de recuento (no verificado contra la DGM) y describe límites reconocidos de la recogida de datos. Toca A-223. Verificación descargada-y-leida (acceso pdf-en-linea); consulta 2026-10-06."
M16-N96,primaria,"Institut Haïtien de Statistique et d’Informatique (IHSI), Haití; alojada por la CEPAL","Présentation de l’Institut Haïtien de Statistique et d’Informatique (IHSI), « IHSI 50 ans »",c. 2011,fr,oficial-haiti,M16,https://www.cepal.org/sites/default/files/presentations/haiti_ihsi.pdf,pdf-en-linea,media,"Diapositivas del IHSI en un foro de la CEPAL (38 pp.), sin fecha impresa, que repasan la misión del instituto, el IV Censo de 2003 y las necesidades prioritarias, entre ellas apoyo financiero para un censo RGPH-2013. Fiabilidad media: Presentación institucional de diapositivas sin fecha explícita (la 'IHSI 50 ans' sugiere c. 2011-2012); sirve para el estado de los censos haitianos en ese momento, no para hoy. Toca A-257, A-261. Verificación descargada-y-leida (acceso pdf-en-linea); consulta 2026-10-06."
M16-N97,divulgacion,"Norestyl, Jérôme Wendy (AyiboPost)","Brutalités et répression : le calvaire des migrants haïtiens expulsés de la République Dominicaine [AyiboPost, 17 nov. 2024]",2024,fr,haitiana,M15;M16,https://backoffice.ayibopost.com/voici-comment-le-gouvernement-dominicain-viole-le-droit-des-migrants-haitiens-quil-deporte/ | https://ayibopost.com/voici-comment-le-gouvernement-dominicain-viole-le-droit-des-migrants-haitiens-quil-deporte/,texto-completo-en-linea,media,"Reportaje de AyiboPost del 17-XI-2024 con testimonios de cinco deportados (detenidos entre el 5 de octubre y el 1 de noviembre de 2024) y de un responsable del GARR, sobre la campaña iniciada el 2-X-2024. Fiabilidad media: Periodismo de investigación haitiano basado en testimonios individuales de deportados y de un responsable del GARR; los casos no se contrastaron con la parte dominicana y el recuento de la OIM se… Toca A-217, A-223, A-224. Verificación descargada-y-leida (acceso texto-completo-en-linea); consulta 2026-10-06."
M16-N98,divulgacion,"Pélissier, Fenel; Piercin, Wethzer (AyiboPost)","Des Haïtiens piégés entre la déportation massive de la RD et l’insécurité en Haïti [AyiboPost, 11 oct. 2024]",2024,fr,haitiana,M16,https://backoffice.ayibopost.com/des-haitiens-pieges-entre-la-deportation-massive-de-la-rd-et-linsecurite-en-haiti/ | https://ayibopost.com/des-haitiens-pieges-entre-la-deportation-massive-de-la-rd-et-linsecurite-en-haiti/,texto-completo-en-linea,media,"Reportaje de AyiboPost del 11-X-2024, nueve días después del anuncio dominicano de 10.000 deportaciones semanales, con testimonios de migrantes en Barahona y en otros lugares, de Simón Rodríguez (periodista e investigador independiente dominicano) y de… Fiabilidad media: Periodismo de investigación haitiano con testimonios anónimos e individuales y citas de un periodista dominicano y de un abogado haitiano; las cifras (OIM, 'estimación oficial') se citan de segunda… Toca A-219, A-224. Verificación descargada-y-leida (acceso texto-completo-en-linea); consulta 2026-10-06."
M16-N99,divulgacion,"Celestin, Jean Junior (Le Nouvelliste); cifras de la DGM dominicana","Dominican Republic Deports More Than 35,000 Haitians in August [Le Nouvelliste, 2 sep. 2025]",2025,en,haitiana,M16,https://lenouvelliste.com/en/article/259516/dominican-republic-deports-more-than-35000-haitians-in-august,fragmento-busqueda,media,"Nota del 2-IX-2025 de Le Nouvelliste (versión inglesa del original francés) sobre el recuento de agosto de 2025 publicado por la Dirección General de Migración dominicana, con desglose por lugar de detención. Fiabilidad media: Prensa haitiana que reproduce una cifra oficial dominicana de segunda mano; artículo parcialmente tras muro de pago. Toca A-223. Verificación descargada-parcial (acceso fragmento-busqueda); consulta 2026-10-06."
M16-N100,divulgacion,"Jérôme, Jean Pharès (Le Nouvelliste)","Our Response to Dominicans Must Extend Beyond Outrage [Le Nouvelliste, 10 oct. 2024] (columna de opinión)",2024,en,haitiana,M16,https://lenouvelliste.com/en/article/250831/our-response-to-dominicans-must-extend-beyond-outrage,fragmento-busqueda,baja,"Columna de opinión de Jean Pharès Jérôme del 10-X-2024 (Le Nouvelliste, versión inglesa) escrita una semana después del anuncio de las 10.000 deportaciones semanales; llama a una respuesta haitiana que vaya más allá de la indignación. Fiabilidad baja: Columna de opinión de un autor haitiano, sin aparato y leída solo en su entradilla (muro de pago). Toca A-224, A-225. Verificación descargada-parcial (acceso fragmento-busqueda); consulta 2026-10-06."
M16-N101,divulgacion,HaïtiLibre (redacción); cifras de la DGM dominicana,"Haïti - FLASH : 250,741 haïtiens expulsés de R.D. depuis le début de l’année [HaïtiLibre, 3 sep. 2025]",2025,fr,haitiana,M16,https://www.haitilibre.com/article-45697-haiti-flash-250-741-haitiens-expulses-de-rd-depuis-le-debut-de-l-annee.html,texto-completo-en-linea,media,"Nota del 3-IX-2025 de HaïtiLibre sobre las cifras que la DGM publicó el 1-IX-2025 (enero a agosto de 2025, con serie mensual), la afirmación de que los repatriados se entregan en los cuatro pasos oficiales y la mención de críticas de la OIM. Fiabilidad media: Prensa haitiana que reproduce íntegramente una serie mensual oficial dominicana; la serie suma exactamente el total dado, lo que da coherencia interna, pero no se leyó el comunicado de la DGM. Toca A-223. Verificación descargada-y-leida (acceso texto-completo-en-linea); consulta 2026-10-06."
M16-N102,divulgacion,HaïtiLibre (redacción); cifras de la DGM dominicana,"Haïti - Rep. Dom. : Plus de 180,000 haïtiens rapatriés en 6 mois [HaïtiLibre, 2 abr. 2025]",2025,fr,haitiana,M16,https://www.haitilibre.com/article-44608-haiti-rep-dom-plus-de-180-000-haitiens-rapatries-en-6-mois.html,texto-completo-en-linea,media,Nota del 2-IV-2025 de HaïtiLibre con cifras de la DGM para octubre de 2024 a marzo de 2025 y el total de 2024. Fiabilidad media: Prensa haitiana que reproduce cifras de la DGM; nota corta sin el comunicado original. Toca A-223. Verificación descargada-y-leida (acceso texto-completo-en-linea); consulta 2026-10-06.
M16-N103,divulgacion,HaïtiLibre (redacción); comunicado del ministro dominicano de Defensa Carlos Díaz Morfa,"Haïti - FLASH : La construction du mur frontalier dominicain avance rapidement (Vidéo) [HaïtiLibre, 5 sep. 2022]",2022,fr,haitiana,M16,https://www.haitilibre.com/article-37571-haiti-flash-la-construction-du-mur-frontalier-dominicain-avance-rapidement-video.html,texto-completo-en-linea,media,"Nota del 5-IX-2022 de HaïtiLibre sobre el comunicado del ministro de Defensa dominicano (4-IX-2022) acerca de la primera fase (54 km) del muro, iniciada el 20-II-2022 en Dajabón. Fiabilidad media: Prensa haitiana que reproduce un comunicado oficial dominicano; la longitud total del muro no es coherente entre las dos fases citadas. Toca A-223. Verificación descargada-y-leida (acceso texto-completo-en-linea); consulta 2026-10-06."
M16-N104,divulgacion,"HaïtiLibre (redacción); discurso anual de Luis Abinader ante el Congreso, 27-II-2026","Haïti - Rep. Dom. : Plus de 300 millions USD pour construire un mur économique à la frontière [HaïtiLibre, 28 feb. 2026]",2026,fr,haitiana,M16,https://www.haitilibre.com/article-46955-haiti-rep-dom-plus-de-300-millions-usd-pour-construire-un-mur-economique-a-la-frontiere.html,texto-completo-en-linea,media,"Nota del 28-II-2026 de HaïtiLibre sobre el discurso de Luis Abinader del 27-II-2026 (182.º aniversario de la proclamación del 27 de febrero de 1844) en el que anuncia una red de puertos secos en la frontera con inversión privada de más de 300 millones de… Fiabilidad media: Prensa haitiana que traduce al francés un discurso presidencial dominicano de hace pocos meses; sin cotejo con el texto original. Toca A-223, A-225. Verificación descargada-y-leida (acceso texto-completo-en-linea); consulta 2026-10-06."
M16-N105,primaria,"Embassy of Haiti in Washington, D.C. (Estado haitiano)","Key Dates in Haiti’s History [Embassy of Haiti, Washington, D.C., sitio oficial haiti.org]",s.f. (consultado 2026-10-06),en,oficial-haiti,M00;M08;M16,https://www.haiti.org/key-dates/,texto-completo-en-linea,media,"Página de 'Key Dates' del sitio web oficial de la Embajada de Haití en Washington, dirigida a público anglófono (turistas, inversores, diáspora). Fiabilidad media: Cronología breve de una embajada, sin autor ni fecha, con errores de fecha evidentes (1821 por 1822; la indemnización francesa de 1825 fechada en 1838); sirve como muestra del vocabulario oficial… Toca A-245, A-249, A-254. Verificación descargada-y-leida (acceso texto-completo-en-linea); consulta 2026-10-06."
M16-N106,primaria,"Japan International Cooperation Agency (JICA), oficina de Haití",Office Working Hours and Holidays in 2024 (JICA Haití) — lista de feriados haitianos y japoneses,2024,fr,internacional,M16,https://www.jica.go.jp/overseas/haiti/office/__icsFiles/afieldfile/2024/01/10/holiday_2024_ht.pdf,pdf-en-linea,media,"Calendario de 1 página de la oficina de JICA en Puerto Príncipe para 2024, que enumera 18 días no laborables (los japoneses marcados 'J'), con la nota de que si el gobierno haitiano declara un feriado no listado, el siguiente feriado japonés pasa a ser… Fiabilidad media: Lista de días no laborables de una oficina de cooperación extranjera: mezcla feriados haitianos y japoneses y advierte de que el gobierno haitiano puede declarar otros; no es la ley haitiana de… Toca A-253. Verificación descargada-y-leida (acceso pdf-en-linea); consulta 2026-10-06."
M16-N107,primaria,"UNESCO (Convención de 2003, Comité Intergubernamental, 16.ª sesión); nominación de Haití","Joumou soup (elemento n.º 01853, Lista Representativa del Patrimonio Cultural Inmaterial) y Decisión 16.COM 19 del Comité Intergubernamental",2021,en,internacional,M16,https://ich.unesco.org/en/decisions/16.COM/19 | https://ich.unesco.org/en/RL/joumou-soup-01853,texto-completo-en-linea,alta,"Comité Intergubernamental de la Convención de 2003 de la UNESCO, 16.ª sesión (grabaciones del 16-XII-2021 y 18-XII-2021); nominación presentada por Haití (examen acelerado por motivos 'compasivos'). Fiabilidad alta: Decisión oficial de un órgano intergubernamental, con el texto de los criterios y la descripción del elemento que redactó el Estado nominante; es primaria sobre la inscripción, no sobre los hechos… Toca A-253, A-254. Verificación descargada-y-leida (acceso texto-completo-en-linea); consulta 2026-10-06."
M16-N108,secundaria,OCHA / OIM (según el listado de búsqueda) [POR VERIFICAR],Haiti: Key information on forced returns to Haiti in 2025 (OCHA / ReliefWeb),2025,en,internacional,M16,https://reliefweb.int/report/haiti/haiti-key-information-forced-returns-haiti-2025,localizada-bloqueada,media,"Informe de ReliefWeb (OCHA) localizado por búsqueda con título 'Haiti: Key information – forced returns to Haiti in 2025'. Fiabilidad media: Documento de OCHA/OIM presumiblemente fiable, pero no se pudo abrir; fiabilidad de la fuente, no de lo leído. Toca A-223. Verificación fallo-fetch (acceso localizada-bloqueada); consulta 2026-10-06."
M16-N109,primaria,Radio Haïti-Inter (Jean Dominique); ONM; GARR,"Pawòl la Pale: Rapatriman, ONM ak GARR (3) y (4) (Radio Haïti-Inter, programa en kreyòl; Duke Digital Repository)",s.f.,ht,haitiana,M08;M15;M16,https://repository.duke.edu/dc/radiohaiti/RL10059-CS-1430_01 | https://repository.duke.edu/dc/radiohaiti/RL10059-CS-1430_02 | https://repository.duke.edu/dc/radiohaiti/RL10059-RR-0072_01,localizada-bloqueada,media,"Programas de Radio Haïti-Inter conservados en el Duke Digital Repository (colección RL10059), localizados por búsqueda con los títulos 'Pawòl la Pale: Rapatriman, ONM ak GARR (3)' y '(4)' (kreyòl) y 'Frank Moya Pons, « La Dominación Haitiana », Jean Léopold… Fiabilidad media: Archivo sonoro de una emisora haitiana reconocida, de interés por estar en kreyòl, pero no se pudo abrir ni leer. Toca A-223. Verificación fallo-fetch (acceso localizada-bloqueada); consulta 2026-10-06."
M16-N110,primaria,"Duvalier, Jean-Claude (presidente vitalicio de Haití); Ministerio de Justicia de Haití","Décret du 6 novembre 1984 sur la nationalité haïtienne (Le Moniteur n.º 78, nov. 1984; Code de lois usuelles, pp. 38x)",1984,fr,oficial-haiti,M12;M13;M16,https://data.globalcit.eu/NationalDB/docs/HAI_1984%20Decree%20(Original%20Language).pdf,pdf-en-linea,media,Decreto del régimen de Jean-Claude Duvalier que reorganiza la legislación de nacionalidad (derogando leyes de 1907 a 1982) bajo la Constitución de 1983; copia de Le Moniteur n.º 78 reproducida en un 'Code de lois usuelles' y alojada en GLOBALCIT (EUI). Fiabilidad media: Decreto original escaneado (3 pp.) alojado por la base GLOBALCIT del Instituto Universitario Europeo; el OCR tiene errores (se cotejó solo lo legible) y no consta aquí su vigencia posterior a 1987. Toca A-216. Verificación descargada-y-leida (acceso pdf-en-linea); consulta 2026-10-06.
M16-N111,divulgacion,"Olivier, Louis-Joseph (Le Nouvelliste)","La Cour interaméricaine des droits de l’homme condamne la Rép. dominicaine [Le Nouvelliste, 22 oct. 2014]",2014,fr,haitiana,M16,https://lenouvelliste.com/article/137281/La-Cour-interamericaine-des-droits-de-lhomme-condamne-la-Rep-dominicaine,fragmento-busqueda,media,"Crónica del 22-X-2014 de Louis-Joseph Olivier sobre la sentencia de la Corte IDH en el caso Personas dominicanas y haitianas expulsadas (publicada el 22-X; la fecha de la sentencia es 28-VIII-2014, notificada el 22-X [POR VERIFICAR]). Fiabilidad media: Crónica del diario haitiano de referencia el día de la sentencia de la Corte IDH; leída solo la entradilla y un párrafo (muro de pago). Toca A-217. Verificación descargada-parcial (acceso fragmento-busqueda); consulta 2026-10-06."
M16-N112,divulgacion,"Olivier, Louis-Joseph (Le Nouvelliste)","La République dominicaine quitte la CIDH [Le Nouvelliste, 4 nov. 2014]",2014,fr,haitiana,M16,https://lenouvelliste.com/article/137746/la-republique-dominicaine-quitte-la-cidh,fragmento-busqueda,media,Crónica del 4-XI-2014 sobre la sentencia TC/0256/14 del Tribunal Constitucional dominicano que declaró inconstitucional el instrumento de aceptación de la competencia de la Corte IDH (1999). Fiabilidad media: Crónica del diario haitiano de referencia; leída solo la entradilla y un párrafo (muro de pago); confunde la 'CIDH' (Comisión) con la Corte IDH en el título. Toca A-250. Verificación descargada-parcial (acceso fragmento-busqueda); consulta 2026-10-06.
M16-N113,divulgacion,"Alphonse, Roberson (Le Nouvelliste)","L’ONU s’y met, l’étau se resserre sur le gouvernement dominicain [Le Nouvelliste, 5 dic. 2013]",2013,fr,haitiana,M16,https://lenouvelliste.com/article/124866/lonu-sy-met-letau-se-resserre-sur-le-gouvernement-dominicain,fragmento-busqueda,media,"Crónica del 5-XII-2013 de Roberson Alphonse (Le Nouvelliste) sobre la petición de la ONU (ACNUR, citada por AP) de que la RD 'restaure rápidamente la nacionalidad' de los afectados por TC/0168/13. Fiabilidad media: Crónica del diario haitiano de referencia a partir de un despacho de AP con declaración de la ACNUR; solo se leyó la entradilla y un párrafo (muro de pago). Toca A-213, A-217. Verificación descargada-parcial (acceso fragmento-busqueda); consulta 2026-10-06."
M16-N114,divulgacion,"Geffrard, Robenson (Le Nouvelliste)","La troisième rencontre binationale reportée une troisième fois [Le Nouvelliste, 7 abr. 2014]",2014,fr,haitiana,M16,https://lenouvelliste.com/article/129561/la-troisieme-rencontre-binationale-reportee-une-troisieme-fois,fragmento-busqueda,media,"Crónica del 7-IV-2014 de Robenson Geffrard sobre el aplazamiento, por tercera vez, de la reunión bilateral de alto nivel (Jacmel, prevista el 12 de marzo, el 20 de marzo y el 8 de abril) por la espera haitiana de una ley dominicana 'adicional' sobre la… Fiabilidad media: Crónica del diario haitiano de referencia con fuentes oficiales; leída solo la entradilla y un párrafo (muro de pago). Toca A-215, A-218. Verificación descargada-parcial (acceso fragmento-busqueda); consulta 2026-10-06."
M16-N115,primaria,"Le Nouvelliste (reproduce documento firmado por organizaciones haitianas de derechos humanos, sociedad civil y sector religioso)","Position du secteur des droits humains, de la société civile et du secteur religieux haïtiens [Le Nouvelliste, 25 jun. 2015]",2015,fr,haitiana,M16,https://lenouvelliste.com/article/146587/position-du-secteur-des-droits-humains-de-la-societe-civile-et-du-secteur-religieux-haitiens,fragmento-busqueda,media,"Declaración conjunta del jueves 25-VI-2015 de organizaciones haitianas de derechos humanos, de la sociedad civil y del sector religioso sobre la 'crise haïtiano-dominicaine' desatada tras el plazo del 17-VI-2015 del Plan Nacional de Regularización de… Fiabilidad media: Documento de parte (organizaciones signatarias) reproducido por el diario; solo se leyó la entradilla y un párrafo (muro de pago) y no se vieron las firmas. Toca A-223, A-224. Verificación descargada-parcial (acceso fragmento-busqueda); consulta 2026-10-06."
M16-N116,divulgacion,Servicios de Acento.com.do (con foto de EFE); cita el documento haitiano 'Trabajos de construcción de una toma de agua en el río Masacre con fines de riego',"Técnicos del gobierno de Haití advierten construcción canal no es recomendable y admiten dañaría a productores dominicanos (Acento / EFE, 19-IX-2023)",2023,es,dominicana,M16,https://acento.com.do/ecologia/tecnicos-del-gobierno-de-haiti-advierten-construccion-canal-nos-es-recomendable-y-admiten-danaria-a-productores-dominicanos-9247835.html,texto-completo-en-linea,baja,"Nota del 19 de septiembre de 2023, tercer día del cierre de la frontera dominicana; atribuye a especialistas del Ministerio de Agricultura, Recursos Naturales y Desarrollo Rural de Haití un informe técnico crítico del canal de Maribaroux/Ouanaminthe. Fiabilidad baja: Prensa que resume un documento del Ministerio de Agricultura de Haití 'obtenido' por el medio mediante una fuente sin nombre; el documento mismo no se vio y no se puede verificar su autenticidad. Toca A-221, A-222. Verificación descargada-y-leida (acceso texto-completo-en-linea); consulta 2026-10-06."
M16-N117,primaria,Ministerio de Relaciones Exteriores de la República Dominicana (MIREX),"La position du gouvernement dominicain concernant la construction d'un canal du côté haïtien de la rivière Dajabón ou Masacre [documento explicativo del MIREX dominicano, traducción al francés, sep. 2023]",2023,fr,oficial-rd,M16,https://bel.mirex.gob.do/wp-content/uploads/2023/09/Traduccion-documento-explicativo-rio-Masacre-Frances-ED.MM_.pdf,pdf-en-linea,media,"Documento explicativo del MIREX (septiembre de 2023, tras la reunión del Consejo Nacional de Seguridad del 11-IX) con cronología 2021-2023 de la 'construction d’un canal du côté haïtien de la rivière Dajabón/Masacre' y enlaces a las medidas del presidente… Fiabilidad media: Documento oficial dominicano de tres páginas, traducido al francés para el público haitiano; es primario para la posición del Estado dominicano pero parte interesada y sin anexos técnicos. Toca A-221, A-222. Verificación descargada-y-leida (acceso pdf-en-linea); consulta 2026-10-06."
M16-N118,secundaria,"Myers, Megan Jeanette; Paulino, Edward","Eleven Years of Activism at the Haitian-Dominican Border (Kalfou, vol. 11, n.º 1, 2024)",2024,en,internacional,M13;M16,https://tupjournals.temple.edu/index.php/kalfou/article/view/730,fragmento-busqueda,media,"Artículo reflexivo de dos cofundadores de Border of Lights (BOL), colectivo transnacional de voluntarios que desde 2012 conmemora la masacre de 1937 en Dajabón y Ouanaminthe, publicado en Kalfou (Temple University Press, 20-IX-2024). Fiabilidad media: Artículo revisado por pares de dos cofundadores de la organización estudiada (testimonio interesado); solo se leyó el resumen porque el texto requiere suscripción. Toca A-249. Verificación descargada-parcial (acceso fragmento-busqueda); consulta 2026-10-06."
M16-N119,primaria,Gobierno de Haití (Décret du 24 février 1984; Loi du 5 juin 2003); versión alojada por CEPAL/OIG,"Code du travail haïtien (Décret du 24 février 1984 et Loi du 5 juin 2003 actualisant le Code du travail du 12 septembre 1961), arts. 108-111 sobre los días feriados",2003,fr,oficial-haiti,M16,https://oig.cepal.org/sites/default/files/2003_codtravail_hti.pdf,pdf-en-linea,alta,"Código de Trabajo haitiano en su versión actualizada por la ley de 5-VI-2003, alojado en el Observatorio de Igualdad de Género de la CEPAL (oig.cepal.org). Fiabilidad alta: Texto legal consolidado de 78 páginas con anotación expresa de la derogación parcial por la Constitución de 1987; copia de un organismo regional (CEPAL), no la edición del Moniteur. Toca A-253. Verificación descargada-y-leida (acceso pdf-en-linea); consulta 2026-10-06."
M16-N120,divulgacion,Le Nouvelliste (redacción); comunicado de la Secretaría General de la OEA (26-IX-2023),"Massacre River: OAS Calls for Dialogue Between the Two Parties [Le Nouvelliste, 27 sep. 2023]",2023,en,haitiana,M16,https://lenouvelliste.com/en/article/244607/riviere-massacre-loea-appelle-les-deux-parties-au-dialogue,fragmento-busqueda,media,"Nota del 27-IX-2023 de Le Nouvelliste (versión inglesa del original francés) sobre el comunicado de prensa del 26-IX-2023 de la Secretaría General de la OEA acerca de la disputa por el uso del agua del río Masacre; la OEA inició consultas con ambas… Fiabilidad media: Prensa haitiana de referencia que resume un comunicado de la OEA; leída solo la entradilla y un párrafo (muro de pago) y sin el comunicado original. Toca A-221, A-222. Verificación descargada-parcial (acceso fragmento-busqueda); consulta 2026-10-06."
M16-N121,secundaria,"Théodat, Jean-Marie","Haïti, dix ans après. Insularité partagée, à demi soulagée [Le Grand Continent, 12 ene. 2020]",2020,fr,haitiana,M16,https://legrandcontinent.eu/fr/2020/01/12/haiti-dix-ans-apres-insularite-partagee-a-demi-soulagee/,texto-completo-en-linea,media,"Ensayo de Jean-Marie Théodat, geógrafo (maître de conférences en Paris 1 Panthéon-Sorbonne, autor de 'Haïti et la République dominicaine, 1804-1916: une île pour deux', Karthala, 2003), para la revista francesa Le Grand Continent con motivo de los diez años… Fiabilidad media: Ensayo de opinión de un geógrafo especialista (Univ. Paris 1) sin aparato de notas, con datos macroeconómicos generales no citados. Toca A-245, A-262. Verificación descargada-y-leida (acceso texto-completo-en-linea); consulta 2026-10-06."
M16-N122,secundaria,"CERFAS (Centre de Recherche, de Réflexion, de Formation et d’Action Sociale), Haití","Rapport sur les déportations des migrants haïtiens et de leurs descendants en République Dominicaine (CERFAS, Observatoire des politiques publiques et de la coopération internationale, diciembre de 2015)",2015,fr,haitiana,M15;M16,https://www.ijdh.org/wp-content/uploads/2015/06/CERFAS_Rapport-sur-les-déportations-des-migrants-haïtiens-et-de-leurs-descendants-en-République-Dominicaine.pdf,pdf-en-linea,media,"Informe del Observatorio de Políticas Públicas y Cooperación Internacional del CERFAS (centro haitiano de investigación y acción social), fechado en diciembre de 2015 y alojado por el Institute for Justice & Democracy in Haiti (IJDH). Fiabilidad media: Informe de 11 páginas de un centro de investigación social haitiano, con fuentes citadas pero sin notas a pie completas; mezcla datos oficiales dominicanos con cifras sin base (220.000 descendientes). Toca A-212, A-213, A-216, A-217, A-218, A-223, A-252. Verificación descargada-y-leida (acceso pdf-en-linea); consulta 2026-10-06."
M16-N123,divulgacion,"Paraison, Edwin (Fundación Zilé; excónsul general de Haití en Santo Domingo [POR VERIFICAR el cargo])","Inicio de una nueva crisis dominico haitiana [El Día, 28 oct. 2013]",2013,es,haitiana,M15;M16,https://eldia.com.do/inicio-de-una-nueva-crisis-dominico-haitiana/,texto-completo-en-linea,media,"Columna de Edwin Paraison, haitiano que ha sido cónsul general en Santo Domingo y preside la Fundación Zilé (dedicada a las relaciones haitiano-dominicanas), publicada en El Día (Santo Domingo) el 28-X-2013, cinco días después de la decisión del Consejo… Fiabilidad media: Columna de opinión de un haitiano conocedor del tema y con actividad diplomática previa, publicada en un diario dominicano; es testimonio y análisis de parte, sin aparato de notas. Toca A-213, A-215, A-217. Verificación descargada-y-leida (acceso texto-completo-en-linea); consulta 2026-10-06."
M16-N124,divulgacion,"Paraison, Edwin","La universidad haitiana frente a la sentencia 168/13 del TC [El Día, 28 mar. 2014]",2014,es,haitiana,M16,https://eldia.com.do/la-universidad-haitiana-frente-la-sentencia-16813-del-tc/,texto-completo-en-linea,media,"Columna de Edwin Paraison en El Día (28-III-2014) sobre el simposio de la UEH tras TC/0168/13, el boicot del 'Colectivo 4 de diciembre' a productos dominicanos y el campus de Limonade (Henri Christophe), donado por la RD tras el terremoto de 2010. Fiabilidad media: Columna de opinión de un haitiano con acceso a la Universidad del Estado de Haití (UEH) y a la sociedad civil, sin aparato de notas; recoge un simposio y un boicot de los que no hay documento… Toca A-216, A-245, A-252. Verificación descargada-y-leida (acceso texto-completo-en-linea); consulta 2026-10-06."
M16-N125,divulgacion,"Paraison, Edwin","CIDH-RD: el manejo haitiano [El Día, 13 nov. 2014]",2014,es,haitiana,M16,https://eldia.com.do/cidh-rd-el-manejo-haitiano/,texto-completo-en-linea,media,"Columna de Edwin Paraison en El Día (13-XI-2014), nueve días después de TC/0256/14, sobre la respuesta de Haití a la sentencia de la Corte IDH y a la retirada dominicana de su competencia. Fiabilidad media: Columna de opinión de un haitiano conocedor del tema, con reproches explícitos al propio gobierno haitiano; sin aparato de notas. Toca A-250, A-252. Verificación descargada-y-leida (acceso texto-completo-en-linea); consulta 2026-10-06."
M16-N126,primaria,"Assemblée nationale constituante (1987); enmiendas de la Ley Constitucional de 9-V-2011 / 19-VI-2012; trad. Gress, Maria del Carmen; Ruchti, Jefri J.","Haiti 1987 (rev. 2012) Constitution, traducción inglesa (Constitute Project; William S. Hein & Co.): arts. 8, 11, 12-15 y 41",2012,en,oficial-haiti,M00;M16,https://www.constituteproject.org/constitution/Haiti_2012?lang=en,texto-completo-en-linea,media,"Traducción al inglés de la Constitución de 1987 revisada en 2012 (Constitute Project, Univ. de Texas en Austin y otros), con anotaciones de las enmiendas de la ley constitucional de 9-V-2011 publicada correctamente el 19-VI-2012. Fiabilidad media: Texto constitucional vigente en traducción inglesa comercial (Hein, 2012) con marcas de las enmiendas; no es la edición del Moniteur y la traducción puede alterar matices (p. ej. 'at the time of… Toca A-216, A-245. Verificación descargada-y-leida (acceso texto-completo-en-linea); consulta 2026-10-06."
M16-N127,primaria,EC-JILAP; ECHR; DOP; Fondation Sant Pon Ayiti; GARR; KAYLA; OHJ; POHDH; RNDDH (organizaciones haitianas de derechos humanos),Human Rights Situation of Families in the Anse-à-Pitres Camps: Investigative Report of Human Rights Organizations (1 mar. 2016; versión inglesa del informe del GARR y otras organizaciones haitianas),2016,en,haitiana,M15;M16,https://www.ijdh.org/wp-content/uploads/2016/04/GARR-Report-Anse-a-Pitres-2016-ENG.pdf,pdf-en-linea,media,"Informe de 33 páginas fechado el 1-III-2016 de una delegación de 18 personas de organizaciones haitianas de derechos humanos (visita del 18 al 20-II-2016 a los campamentos de Anse-à-Pitres), a iniciativa del GARR y con financiación de AJWS, con testimonios de… Fiabilidad media: Informe de campo de un consorcio de organizaciones haitianas, con metodología declarada (12 grupos focales, 15 personas por grupo) y fuente de datos de la ONU para el recuento; es de parte y la… Toca A-217, A-223, A-252. Verificación descargada-y-leida (acceso pdf-en-linea); consulta 2026-10-06."
M16-N128,divulgacion,Le Quotidien 509 (redacción); anuncio del presidente Luis Abinader del 6-IV-2025,"République Dominicaine : les 15 mesures de Luis Abinader sur la migration face à la crise Haïtienne [Le Quotidien 509, 6 abr. 2025]",2025,fr,haitiana,M16,https://lequotidien509.com/republique-dominicaine-les-15-mesures-de-luis-abinader-sur-la-migration-face-a-la-crise-haitienne/,texto-completo-en-linea,media,"Crónica de Le Quotidien 509 (medio digital haitiano) del 6-IV-2025 sobre el discurso televisado de Luis Abinader del mismo día, tras una entrevista del presidente del CPT, Fritz Alphonse Jean, difundida a fines de marzo de 2025 en Listín Diario. Fiabilidad media: Medio digital haitiano que traduce al francés las 15 medidas anunciadas por el presidente dominicano; cita directa del discurso, pero no se cotejó con el texto original en español. Toca A-223, A-224, A-225, A-251. Verificación descargada-y-leida (acceso texto-completo-en-linea); consulta 2026-10-06."
M16-N129,divulgacion,Le Quotidien 509 (redacción; columna de opinión),"Femmes enceintes expulsées par la République dominicaine : le silence coupable de Régine Abraham et des autres [Le Quotidien 509, 24 abr. 2025]",2025,fr,haitiana,M16,https://lequotidien509.com/femmes-enceintes-expulsees-par-la-republique-dominicaine-le-silence-coupable-de-regine-abraham-et-des-autres/,texto-completo-en-linea,baja,"Columna de Le Quotidien 509 del 24-IV-2025 (la fecha de publicación en el metadato, aunque el texto dice 'Le 24 avril 2024' [error]) sobre las expulsiones de embarazadas y puérperas desde hospitales dominicanos tras el protocolo del 21-IV-2025, con reproche a… Fiabilidad baja: Columna de opinión de un medio digital haitiano, sin firma de autor individual en el texto leído y con un error de año ('24 avril 2024') en el encabezado; recoge cifras dominicanas de segunda mano. Toca A-224, A-251. Verificación descargada-y-leida (acceso texto-completo-en-linea); consulta 2026-10-06."
M16-N130,divulgacion,"Santana, Francis (escritor dominicano)","El pueblo haitiano, un hermano solidario / Le peuple haïtien, un frère solidaire [Le Quotidien 509, 17 mar. 2025]",2025,es,dominicana,M08;M16,https://lequotidien509.com/el-pueblo-haitiano-un-hermano-solidario-le-peuple-haitien-un-frere-solidaire-francis-santana/,texto-completo-en-linea,baja,"Artículo de Francis Santana, escritor dominicano, publicado en español y francés por el medio haitiano Le Quotidien 509 el 17-III-2025. Fiabilidad baja: Artículo de opinión de un militante dominicano de izquierda, sin aparato de notas; se registra como voz y como muestra de qué voces dominicanas selecciona la prensa haitiana. Toca A-245, A-247. Verificación descargada-y-leida (acceso texto-completo-en-linea); consulta 2026-10-06."
M16-N131,divulgacion,"Diario Libre (redacción); mensaje de Ariel Henry, primer ministro de Haití, en redes sociales","Las felicitaciones de Haití a RD por la independencia [Diario Libre, 28 feb. 2024] (mensaje del primer ministro Ariel Henry del 27-II-2024)",2024,es,dominicana,M16,https://www.diariolibre.com/mundo/haiti/2024/02/28/las-felicitaciones-de-haiti-a-rd-por-la-independencia/2627345,texto-completo-en-linea,media,"Nota de Diario Libre (Santo Domingo) del 28-II-2024 que reproduce el mensaje en redes sociales del primer ministro haitiano Ariel Henry, con motivo del 180.º aniversario de la 'fête de l’Indépendance dominicaine' (27-II-1844). Fiabilidad media: Prensa dominicana que reproduce un mensaje público del primer ministro haitiano en francés y en español; el mensaje original (X/Twitter) no se abrió. Toca A-245, A-253. Verificación descargada-y-leida (acceso texto-completo-en-linea); consulta 2026-10-06."
M16-N132,primaria,"Poder Ejecutivo de la República Dominicana; reproducción: Guzmán Ariza, abogados","Decreto núm. 631-11 que establece el Reglamento de aplicación de la Ley General de Migración 285-04 (19 de octubre de 2011), reproducción de Guzmán Ariza",2011,es,oficial-rd,M16,https://drlawyer.com/espanol/leyes/decreto-631-11-que-establece-el-reglamento-de-aplicacion-de-la-ley-285-04/,texto-completo-en-linea,media,"Reglamento que desarrolla la Ley 285-04 (2004), cuyo art. 36.10 equipara a los 'no residentes' con las personas 'en tránsito'. Fiabilidad media: Reproducción de un bufete del texto oficial; no se cotejó con la Gaceta Oficial. Toca A-212, A-215, A-218. Verificación descargada-y-leida (acceso texto-completo-en-linea); consulta 2026-10-06."
M16-N133,primaria,"Manuel de Jesús Güichardo Vargas y Prim Pujals Nolasco, senadores; Welnel D. Féliz F., Departamento Técnico de Revisión Legislativa","Resolución de respaldo a la sentencia TC/0168/13 del Tribunal Constitucional (iniciativa 01665-2013-SLO-SE, Senado de la República, 12 de noviembre de 2013) y opinión técnica DETEREL 320/2013",2013,es,oficial-rd,M16,https://memoriahistorica.senadord.gob.do/bitstreams/ba87638e-8c9c-4481-a8ea-35ec1621849a/download,pdf-en-linea,alta,"Proyecto de resolución presentado por dos senadores, uno de ellos de Valverde (provincia fronteriza), dos meses después del fallo. Fiabilidad alta: Documento legislativo del repositorio oficial 'Memoria Histórica' del Senado con metadatos (fecha de ingreso 2013-11-12); no consta en el archivo si el pleno lo aprobó. Toca A-215, A-225. Verificación descargada-y-leida (acceso pdf-en-linea); consulta 2026-10-06."
M16-N134,primaria,"Edis Fernando Mateo Vásquez y Manuel Antonio Paula, senadores (Barahona y Bahoruco)","Resolución mediante la cual el Senado de la República rechaza el informe de la Comisión Interamericana de Derechos Humanos respecto a la sentencia 168-13 del Tribunal Constitucional (iniciativa 01687-2013-SLO-SE, 9 de diciembre de 2013)",2013,es,oficial-rd,M16,https://memoriahistorica.senadord.gob.do/bitstreams/24152838-2a54-49a5-9394-9498f953e5f9/download,pdf-en-linea,alta,"Proyecto presentado tras la visita in loco de la CIDH (2 a 6 de diciembre de 2013), que concluyó con un comunicado de observaciones preliminares. Fiabilidad alta: Documento legislativo oficial con metadatos; el metadato 'Desfavorable' no permite saber si el pleno lo adoptó. Toca A-215, A-225. Verificación descargada-y-leida (acceso pdf-en-linea); consulta 2026-10-06."
M16-N135,primaria,Corte Interamericana de Derechos Humanos,"Caso de personas dominicanas y haitianas expulsadas vs. República Dominicana, Sentencia de 28 de agosto de 2014 (Excepciones preliminares, fondo, reparaciones y costas), Serie C No. 282",2014,es,internacional,M16,https://www.corteidh.or.cr/docs/casos/articulos/seriec_282_esp.pdf | https://www.corteidh.or.cr/tablas/fichas/personasdominicanas.pdf,pdf-en-linea,alta,"Sentencia unánime de un tribunal regional contra la República Dominicana por expulsiones de 1999-2000 (familias Medina, Jean, Fils-Aimé, Gelin, Mesidor). Fiabilidad alta: Sentencia íntegra de 173 páginas del tribunal internacional competente, con hechos probados, peritajes y dispositivo; es parte contra el Estado dominicano pero cita textualmente los documentos… Toca A-212, A-215, A-216, A-217, A-218, A-250. Verificación descargada-y-leida (acceso pdf-en-linea); consulta 2026-10-06."
M16-N136,primaria,Corte Interamericana de Derechos Humanos,"Caso de las Niñas Yean y Bosico vs. República Dominicana, Sentencia de 8 de septiembre de 2005, Serie C No. 130",2005,es,internacional,M15;M16,https://www.corteidh.or.cr/docs/casos/articulos/seriec_130_esp.pdf,pdf-en-linea,alta,"Primera sentencia de la Corte contra la República Dominicana sobre nacionalidad: dos niñas nacidas en territorio dominicano a las que, según la demanda de la Comisión que la sentencia resume, el Estado negó el acta de nacimiento y 'mantuvo como apátridas… Fiabilidad alta: Sentencia íntegra (100 páginas) del tribunal interamericano; documento base que la Corte IDH y la CIDH invocan en 2014-2015. Toca A-212, A-217. Verificación descargada-y-leida (acceso pdf-en-linea); consulta 2026-10-06."
M16-N137,primaria,Comisión Interamericana de Derechos Humanos (CIDH),"Informe sobre la situación de los derechos humanos en la República Dominicana, OEA/Ser.L/V/II. Doc. 45/15, 31 de diciembre de 2015",2015,es,internacional,M16,https://rightsandrecords.ica.org/bib/47CS6JQZ/download/IDQW25GF/republicadominicana-2015.pdf,pdf-en-linea,alta,"Informe de país de un órgano de la OEA tras la visita de 2-6 de diciembre de 2013, aprobado el 31 de diciembre de 2015, con capítulos sobre nacionalidad (TC/0168/13), igualdad y no discriminación, acceso a la justicia, defensores de derechos humanos y… Fiabilidad alta: Informe oficial de 263 páginas tras visita in loco (dic. 2013), con respuesta del Estado incluida; copia en espejo del Consejo Internacional de Archivos, cuyo texto tiene artefactos de tildes del OCR. Toca A-212, A-213, A-214, A-215, A-216, A-217, A-218, A-219. Verificación descargada-y-leida (acceso pdf-en-linea); consulta 2026-10-06."
M16-N138,primaria,"Comunidad del Caribe (CARICOM), Secretaría","Statement on the ruling of the Dominican Republic Constitutional Court on nationality (CARICOM Secretariat, 17 de octubre de 2013)",2013,en,internacional,M16,https://caricom.org/statement-on-the-ruling-of-the-dominican-republic-constitutional-court-on-nationality/,texto-completo-en-linea,media,"Comunicado de la secretaría de la CARICOM tres semanas después de TC/0168/13 (el comunicado del 26 de noviembre indica que la República Dominicana tenía pendiente una solicitud de membresía). Fiabilidad media: Comunicado oficial de una organización intergubernamental, parte interesada en la disputa (la RD solicitaba su ingreso); la cifra de 210.000 es una 'estimación' sin base declarada. Toca A-213, A-217, A-252. Verificación descargada-y-leida (acceso texto-completo-en-linea); consulta 2026-10-06."
M16-N139,primaria,"U.S. Department of State, Bureau of Democracy, Human Rights and Labor","Country Reports on Human Rights Practices for 2015: Dominican Republic (U.S. Department of State, 13 de abril de 2016), copia de ecoi.net",2016,en,oficial-eeuu,M16,https://www.ecoi.net/de/dokument/1167872.html | https://www.ecoi.net/de/dokument/322573,texto-completo-en-linea,media,"Informe de un gobierno extranjero sobre derechos humanos; recoge la lectura estadounidense de TC/0168/13 y de la Ley 169-14, con cifras de la JCE para el Grupo A y estimados para el Grupo B. Fiabilidad media: Informe oficial anual del Departamento de Estado, reproducido por ecoi.net; las cifras son del propio Estado dominicano (JCE) y de ONG, y se citan con sus fuentes. Toca A-213, A-214, A-215, A-217, A-218. Verificación descargada-y-leida (acceso texto-completo-en-linea); consulta 2026-10-06."
M16-N140,primaria,Consejo de Seguridad de las Naciones Unidas,"Resolution 2793 (2025), adopted by the Security Council on 30 September 2025: Gang Suppression Force in Haiti and UN Support Office (resumen en unscr.com)",2025,en,internacional,M16,https://unscr.com/en/resolutions/2793/,fragmento-busqueda,media,"Resolución de septiembre de 2025 que sustituye la Misión Multinacional de Apoyo a la Seguridad (res. 2699, 2023) por una Fuerza de Supresión de Bandas; el presidente Abinader la cita en la ONU el 23 de septiembre de 2026 como alcanzada seis días después de su… Fiabilidad media: El sitio unscr.com es un agregador privado que resume la resolución; se leyó el resumen y la lista de votos, no el texto operativo. Toca ninguna afirmación del módulo. Verificación descargada-parcial (acceso fragmento-busqueda); consulta 2026-10-06."
M16-N141,primaria,Alto Comisionado de las Naciones Unidas para los Derechos Humanos (Volker Türk),"High Commissioner Türk: 'We need all eyes on Haiti' (OHCHR, octubre de 2026)",2026,en,internacional,M16,https://www.ohchr.org/en/statements-and-speeches/2026/10/high-commissioner-turk-we-need-all-eyes-haiti | https://www.ohchr.org/en/press-releases/2022/11/comment-un-high-commissioner-human-rights-volker-turk-deportation-haitians | https://www.ohchr.org/en/press-releases/2023/09/dominican-republic-un-experts-condemn-detention-and-deportation-pregnant-and,localizada-bloqueada,alta,"Declaración del Alto Comisionado sobre Haití; el resultado de búsqueda la resume como mención de más de 220.000 personas devueltas a Haití en 2026 desde varios países de la región. Fiabilidad alta: Documento oficial de la ONU localizado en un resultado de búsqueda pero cuyo contenido no se abrió (403 de curl y de WebFetch). Toca A-223, A-224. Verificación fallo-fetch (acceso localizada-bloqueada); consulta 2026-10-06."
M16-N142,primaria,Presidencia de la República Dominicana / Oficina Nacional de Estadística,"ONE informa los primeros resultados preliminares del X Censo Nacional de Población y Vivienda (nota oficial de la Presidencia, 10 de agosto de 2023)",2023,es,oficial-rd,M16,http://www.presidencia.gob.do/noticias/one-informa-los-primeros-resultados-preliminares-del-x-censo-nacional-de-poblacion-y,texto-completo-en-linea,alta,"Anuncio oficial de la ONE del total de población del censo levantado en 2022; el cuestionario incluyó por primera vez una pregunta de autoidentificación étnico-racial, cuyos resultados se publicaron en volúmenes posteriores (no accesibles: ONE devuelve 403). Fiabilidad alta: Comunicado oficial del organismo que realizó el censo; es un resultado preliminar (el definitivo se publicó después). Toca A-261. Verificación descargada-y-leida (acceso texto-completo-en-linea); consulta 2026-10-06."
M16-N143,primaria,"Oficina Nacional de Estadística (ONE), República Dominicana","X Censo Nacional de Población y Vivienda 2022, Volumen III, cuadro 12 (autoidentificación étnico-racial) y boleta censal",2023,es,oficial-rd,M16,https://www.one.gob.do/media/rmfhr5tj/cuadro-12-volumen-iii.xlsx | https://www.one.gob.do/media/fdholyvz/boleta-censal-xcnpv.pdf | https://www.one.gob.do/datos-y-estadisticas/temas/censos/poblacion-y-vivienda/2022/,localizada-bloqueada,alta,"Cuadro oficial del censo de 2022 con la pregunta de autoidentificación para mayores de 12 años; resuelve A-226. Fiabilidad alta: Fuente oficial primaria localizada solo por el índice de Wikipedia (usado como índice, no como evidencia); el servidor de la ONE devolvió 403 a curl en todas las rutas. Toca A-226. Verificación fallo-fetch (acceso localizada-bloqueada); consulta 2026-10-06."
M16-N144,primaria,Presidencia de la República Dominicana (DIECOM): intervención del presidente Luis Abinader en el 81.º período de sesiones de la Asamblea General de la ONU,"Presidente Luis Abinader llama ante la ONU a pasar de las decisiones a la acción frente a la crisis de Haití y afirma que la República Dominicana ha hecho su parte (Presidencia, 23 de septiembre de 2026)",2026,es,oficial-rd,M16,https://presidencia.gob.do/noticias/presidente-luis-abinader-llama-ante-la-onu-pasar-de-las-decisiones-la-accion-frente-crisis,texto-completo-en-linea,alta,"Resumen de prensa de la Presidencia del discurso ante la Asamblea General de septiembre de 2026, el más reciente del presidente; reitera la fórmula de 2021 y 2023 y cita la resolución 2793 del Consejo de Seguridad. Fiabilidad alta: Nota oficial con citas directas del discurso; no es el acta literal de la ONU (A/81/PV, no abierta). Toca A-225. Verificación descargada-y-leida (acceso texto-completo-en-linea); consulta 2026-10-06."
M16-N145,primaria,Presidencia de la República Dominicana (DIECOM),"Presidente Abinader plantea en la ONU acciones urgentes en materia de cambio climático, facilidad crediticia y crisis haitiana (Presidencia, 22 de septiembre de 2021)",2021,es,oficial-rd,M16,https://presidencia.gob.do/noticias/presidente-abinader-plantea-en-la-onu-acciones-urgentes-en-materia-de-cambio-climatico,texto-completo-en-linea,alta,"Primer discurso de Abinader en la Asamblea General (septiembre de 2021), seis semanas después del asesinato de Jovenel Moïse. Fiabilidad alta: Nota oficial con la cita directa; no se abrió el acta de la ONU. Toca A-225. Verificación descargada-y-leida (acceso texto-completo-en-linea); consulta 2026-10-06."
M16-N146,divulgacion,El Día (diario dominicano),"El 36% de nacimientos en RD en 2024 son de madres haitianas (El Día, 2 de julio de 2025), con datos del director ejecutivo del Servicio Nacional de Salud, Mario Lama",2025,es,dominicana,M16,https://eldia.com.do/el-36-de-nacimientos-en-rd-en-2024-son-de-madres-haitianas/,texto-completo-en-linea,media,"Nota que difunde cifras presentadas por el director del Servicio Nacional de Salud, entidad pública que atiende alrededor del 85-87 % de los partos según la JCE (El Día, 2015). Fiabilidad media: Nota de prensa que cita cifras oficiales del SNS; el informe estadístico de base no se abrió. Toca A-251. Verificación descargada-y-leida (acceso texto-completo-en-linea); consulta 2026-10-06."
M16-N147,divulgacion,"Medina, Josefina (Diario Libre)","El tratado que se viola con construcción de canal en río Masacre (Diario Libre, 11 de septiembre de 2023), con cita del art. 10 del Tratado de Paz, Amistad Perpetua y Arbitraje de 1929",2023,es,dominicana,M16,https://www.diariolibre.com/actualidad/nacional/2023/09/11/crisis-por-el-rio-masacre--el-tratado-que-prohibe-canal/2458459,texto-completo-en-linea,media,"Nota explicativa publicada el día en que el Gobierno anunció el cierre de la frontera. Fiabilidad media: Diario de gran circulación que cita textualmente el artículo del tratado; el texto del tratado en la edición oficial (Berkeley lawcat, Gaceta) no se abrió. Toca A-221, A-222. Verificación descargada-y-leida (acceso texto-completo-en-linea); consulta 2026-10-06."
M16-N148,divulgacion,Associated Press (despacho),"Haiti refuses to open key border crossing with Dominican Republic in spat over canal (Associated Press, vía Jamaica Observer, 12 de octubre de 2023)",2023,en,internacional,M16,https://www.jamaicaobserver.com/2023/10/12/haiti-refuses-to-open-key-border-crossing-with-dominican-republic-in-spat-over-canal/,texto-completo-en-linea,media,"Despacho sobre la sesión extraordinaria del Consejo Permanente de la OEA del jueves 12 de octubre de 2023, con intercambios entre el canciller dominicano Roberto Álvarez y el representante permanente de Haití, Léon Charles. Fiabilidad media: Agencia de noticias internacional con cita directa del representante haitiano en la OEA; sin cotejo con el acta del Consejo Permanente (no abierta). Toca A-222. Verificación descargada-y-leida (acceso texto-completo-en-linea); consulta 2026-10-06."
M16-N149,primaria,Presidencia de la República Dominicana (DIECOM) / Ministerio de Relaciones Exteriores (MIREX),"Ministro Roberto Álvarez presentará ante el Consejo Permanente de la OEA situación sobre construcción ilegal del canal (Presidencia de la República Dominicana, 11 de octubre de 2023)",2023,es,oficial-rd,M16,https://presidencia.gob.do/noticias/ministro-roberto-alvarez-presentara-ante-el-consejo-permanente-de-la-oea-situacion-sobre,texto-completo-en-linea,alta,"Nota del Ministerio de Relaciones Exteriores difundida por la Presidencia sobre la sesión extraordinaria de la OEA pedida por la República Dominicana, un mes después del cierre de la frontera (14 de septiembre de 2023). Fiabilidad alta: Comunicado oficial del Ejecutivo dominicano, que expresa la posición del Estado (no un tercero). Toca A-221. Verificación descargada-y-leida (acceso texto-completo-en-linea); consulta 2026-10-06."
M16-N150,primaria,Presidencia de la República Dominicana (DIECOM) / Ministerio de Relaciones Exteriores (MIREX),"RD y Haití reanudan conversaciones sobre diferendo por canal en río Dajabón/Masacre (Presidencia de la República Dominicana, 11 de enero de 2024)",2024,es,oficial-rd,M16,https://presidencia.gob.do/noticias/rd-y-haiti-reanudan-conversaciones-sobre-diferendo-por-canal-en-rio-dajabonmasacre,texto-completo-en-linea,alta,"Comunicado del MIREX sobre la reunión de los cancilleres Roberto Álvarez y Jean Victor Généus en la sede de la OEA (9 y 10 de enero de 2024), cuatro meses después del cierre de la frontera. Fiabilidad alta: Comunicado oficial dominicano que resume un acuerdo bilateral con Haití; muestra el lenguaje común de ambas partes en enero de 2024. Toca A-221, A-222. Verificación descargada-y-leida (acceso texto-completo-en-linea); consulta 2026-10-06."
M16-N151,divulgacion,"Gómez, Melbin (Diario Libre)","Deportaciones de haitianos en 2023: medio millón devueltos (Diario Libre, 30 de enero de 2024), con cifras de la Dirección General de Migración",2024,es,dominicana,M16,https://www.diariolibre.com/actualidad/nacional/2024/01/30/deportaciones-de-haitianos-en-2023-medio-millon-devueltos/2591068,texto-completo-en-linea,media,"Reportaje con el informe estadístico anual de la DGM de 2023, que separa deportados, repatriados y retornos voluntarios; aporta el contexto del cierre fronterizo de septiembre de 2023. Fiabilidad media: Prensa con cifras de la DGM; la categoría 'retorno voluntario' es una clasificación de la DGM que no se audita. Toca A-221, A-223. Verificación descargada-y-leida (acceso texto-completo-en-linea); consulta 2026-10-06."
M16-N152,primaria,Presidencia de la República Dominicana (DIECOM) / Dirección General de Migración,"DGM informa más de 115,000 nacionales haitianos indocumentados han salido del país por voluntad propia en 2025 (Presidencia de la República Dominicana, 8 de septiembre de 2025)",2025,es,oficial-rd,M16,https://presidencia.gob.do/noticias/dgm-informa-mas-de-115000-nacionales-haitianos-indocumentados-han-salido-del-pais-por,texto-completo-en-linea,alta,"Nota oficial que atribuye la 'salida voluntaria' de 115.461 haitianos en ocho meses de 2025 a las medidas de interdicción y deportación del Gobierno y a la 'exhortación' del presidente Abinader. Fiabilidad alta: Comunicado oficial; la clasificación de 'voluntario' es de la propia DGM. Toca A-223, A-224, A-225. Verificación descargada-y-leida (acceso texto-completo-en-linea); consulta 2026-10-06."
M16-N153,primaria,Presidencia de la República Dominicana (DIECOM) / Dirección General de Migración,"La DGM aclara que nacer en territorio dominicano no exonera a extranjeros de cumplir ley migratoria (Presidencia de la República Dominicana, 14 de julio de 2025)",2025,es,oficial-rd,M16,https://presidencia.gob.do/noticias/la-dgm-aclara-que-nacer-en-territorio-dominicano-no-exonera-extranjeros-de-cumplir-ley,texto-completo-en-linea,alta,"Comunicado de la DGM de julio de 2025, tres meses después del anuncio de las 15 medidas, que aclara el valor del extracto de acta para extranjeros ('libro de extranjería') y reitera que los hijos de padres sin residencia legal son extranjeros. Fiabilidad alta: Comunicado oficial de la autoridad migratoria; expresa la doctrina vigente del Estado en 2025 sobre nacimiento y nacionalidad. Toca A-215, A-217. Verificación descargada-y-leida (acceso texto-completo-en-linea); consulta 2026-10-06."
M16-N154,divulgacion,"Scharboy, Bienvenido (Diario Libre)","JCE inventoried more than 116,000 Civil Registry books (Diario Libre, 27 de mayo de 2015)",2015,en,dominicana,M16,https://www.diariolibre.com/actualidad/jce-inventoried-more-than-116000-civil-registry-books-MWDL1167821,texto-completo-en-linea,media,"Reportaje sobre la presentación de Roberto Rosario Márquez, presidente de la JCE, de los resultados de la auditoría ordenada por el punto QUINTO de TC/0168/13. Fiabilidad media: Prensa que reproduce el informe presentado por el presidente de la JCE; el informe de auditoría (JCE, 26 de mayo de 2015) no se localizó. Toca A-213, A-214, A-218. Verificación descargada-y-leida (acceso texto-completo-en-linea); consulta 2026-10-06."
M16-N155,divulgacion,"EFE / El Día; declaraciones de Jovenel Moïse, presidente de Haití","Presidente haitiano apela a soberanía ante ideas dominicanas de crear un muro (El Día, con despacho de EFE, 7 de diciembre de 2019)",2019,es,dominicana,M16,https://eldia.com.do/presidente-haitiano-apela-a-soberania-ante-ideas-dominicanas-crear-muro/,texto-completo-en-linea,media,"Entrevista de EFE a Jovenel Moïse en Puerto Príncipe (diciembre de 2019), durante la campaña de las elecciones dominicanas de 2020 en la que dos candidatos menores prometían un muro. Fiabilidad media: Despacho de agencia con cita directa del presidente haitiano traducida al español. Toca A-224, A-245. Verificación descargada-y-leida (acceso texto-completo-en-linea); consulta 2026-10-06."
M16-N156,primaria,Congreso Nacional de la República Dominicana,"Ley General de Migración núm. 285-04 (Congreso Nacional, 2004), arts. 28, 36, 151 y 152",2004,es,oficial-rd,M16,https://www.dgii.gov.do/sobreTarjetaTurista/Documents/Ley285-04.pdf,pdf-en-linea,alta,"Ley de 2004 aprobada por el Senado en julio y por la Cámara el 15 de agosto de 2004 que sustituye la Ley de Inmigración 95 de 1939. Fiabilidad alta: Texto íntegro de 35 páginas publicado por la Dirección General de Impuestos Internos; no se cotejó con la Gaceta Oficial (que la búsqueda numera 10291, 27 de agosto de 2004). Toca A-212, A-215, A-218, A-251. Verificación descargada-y-leida (acceso pdf-en-linea); consulta 2026-10-06."
M16-N157,divulgacion,Le Quotidien 509 (La Rédaction); texto: Haití y República Dominicana (1929),"Traité de paix, d'amitié et d'arbitrage signé en Haïti et la République Dominicaine le 20 février 1929 (reproducción en Le Quotidien 509, 13 de septiembre de 2023; texto del Recueil des traités de la Société des Nations, vol. 105, n.º 2414)",2023,fr,haitiana,M16,https://lequotidien509.com/traite-de-paix-damitie-et-darbitrage-signe-en-haiti-et-la-republique-dominicaine-le-20-fevrier-1929/,texto-completo-en-linea,media,"Medio digital haitiano que reproduce el texto del tratado (columna francesa) en pleno conflicto por el canal. Fiabilidad media: Reproducción de un medio haitiano del texto francés del tratado, con la referencia al registro en la Sociedad de Naciones; no se cotejó con el LNTS ni con la edición oficial dominicana (bilingüe). Toca A-221, A-222. Verificación descargada-y-leida (acceso texto-completo-en-linea); consulta 2026-10-06."
M16-N158,divulgacion,"AFP (despacho); declaraciones de Gregoire Goodstein, jefe de misión de la OIM en Haití","Nearly 1.5 million displaced in Haiti — UN (AFP, vía Jamaica Observer, 5 de junio de 2026)",2026,en,internacional,M16,https://www.jamaicaobserver.com/2026/06/05/nearly-1-5-million-displaced-haiti-un/,texto-completo-en-linea,media,"Informe de prensa de Ginebra el 5 de junio de 2026 con cifras de desplazamiento interno en Haití; sirve para contextualizar la 'crisis haitiana 2024-2026' que invoca el Estado dominicano. Fiabilidad media: Despacho de agencia que cita a la OIM; la base es el Displacement Tracking Matrix de la OIM (no abierto). Toca A-225, A-261. Verificación descargada-y-leida (acceso texto-completo-en-linea); consulta 2026-10-06."
M16-N159,divulgacion,"Delgado, Esteban (columna 'La Escuela Económica', El Dinero)","Viendo como poco lo que es demasiado (Esteban Delgado, El Dinero, 19 de abril de 2018): sobre el informe del Ministerio de Economía acerca de la inmigración haitiana",2018,es,dominicana,M16,https://eldinero.com.do/58062/viendo-como-poco-lo-que-es-demasiado/,texto-completo-en-linea,baja,"Columna del 19 de abril de 2018 que comenta un informe del Ministerio de Economía, Planificación y Desarrollo sobre inmigración (no localizado; Fiabilidad baja: Columna de opinión sin fuentes propias; interesa solo como testimonio de que en 2018 circulaba la 'percepción' de dos o tres millones de haitianos. Toca A-220. Verificación descargada-y-leida (acceso texto-completo-en-linea); consulta 2026-10-06."
M16-N160,divulgacion,"Gómez, Rafael (Acento, opinión)","Alguien está mintiendo, ¿quién será? (Rafael Gómez, Acento, 7 de diciembre de 2025)",2025,es,dominicana,M16,https://acento.com.do/opinion/alguien-esta-mintiendo-quien-sera-9588400.html,texto-completo-en-linea,baja,Columna del 7 de diciembre de 2025 que sostiene que 'se cree' que los haitianos en RD 'sobrepasan ya los tres millones' y cita una declaración atribuida a Marco Rubio (abril de 2024) sobre 3 millones de haitianos que Abinader habría desmentido. Fiabilidad baja: Columna de opinión que afirma la cifra de 'tres millones' sin fuente y que atribuye a un senador estadounidense una declaración no cotejada. Toca A-220. Verificación descargada-y-leida (acceso texto-completo-en-linea); consulta 2026-10-06.
M16-N161,secundaria,"Hayes de Kalaf, Eve","Legal Identity, Race and Belonging in the Dominican Republic: From Citizen to Foreigner",2021,en,internacional,M16,https://anthempress.com/books/legal-identity-race-and-belonging-in-the-dominican-republic-hb | https://anthempress.com/legal-identity-race-and-belonging-in-the-dominican-republic-pb,bajo-derechos,media,"Eve Hayes de Kalaf (University of Aberdeen, Spanish & Latin American Studies, según su ficha institucional), 2021, Anthem Press (Londres), con prólogo de Junot Díaz. Fiabilidad media: Monografía académica (Anthem Press, 146 pp.) cuya ficha editorial se leyó, pero el texto del libro no se abrió; el argumento se conoce solo por la descripción editorial y por una reseña (ver… Toca A-212, A-215, A-217. Verificación solo-localizada (acceso bajo-derechos); consulta 2026-10-06."
M16-N162,divulgacion,"Hayes de Kalaf, Eve",How a group of Dominicans were stripped of their nationality and now face expulsion to Haiti,2015,en,internacional,M16,https://theconversation.com/how-a-group-of-dominicans-were-stripped-of-their-nationality-and-now-face-expulsion-to-haiti-39658 | https://abdn.elsevierpure.com/en/publications/how-a-group-of-dominicans-were-stripped-of-their-nationality-and-/,texto-completo-en-linea,media,"Publicado el 8-IV-2015 en The Conversation UK por Eve Hayes de Kalaf (University of Aberdeen), en vísperas del vencimiento del plazo del 16 de junio de 2015 para el Plan Nacional de Regularización. Fiabilidad media: Artículo de divulgación de una investigadora especializada, con posición declarada y sin aparato crítico; útil como resumen fechado de la lectura académica crítica de 2015. Toca A-212, A-213, A-215, A-217, A-218. Verificación descargada-y-leida (acceso texto-completo-en-linea); consulta 2026-10-06."
M16-N163,secundaria,"Fumagalli, Maria Cristina; Wooding, Bridget",Hispaniola Needs New Narratives / La Española necesita nuevas narrativas / Hispaniola a besoin de nouveaux récits,2023,en,internacional,M16,https://repository.essex.ac.uk/36561/1/Hispaniola%20New%20narratives%20Nuevas%20narrativas%20Nouveaux%20recits%20ENG%20ES%20FR%20FINAL.pdf | https://repository.essex.ac.uk/36561/,pdf-en-linea,media,"María Cristina Fumagalli (University of Essex) y Bridget Wooding (OBMICA, Santo Domingo; experta citada en el caso de la Corte IDH de 2014), fechado el 23-IX-2023 al cumplirse diez años de TC/0168/13, con financiación de Essex y OBMICA para un proyecto sobre… Fiabilidad media: Informe académico-civil trilingüe (86 pp., CC-BY-NC-ND) con notas a pie y fuentes primarias citadas, pero de posición declarada de incidencia y sin revisión de pares identificada. Toca A-213, A-214, A-217, A-218, A-224, A-245, A-247, A-251. Verificación descargada-y-leida (acceso pdf-en-linea); consulta 2026-10-06."
M16-N164,secundaria,"Petrozziello, Allison J","Book review: Legal Identity, Race and Belonging in the Dominican Republic: From Citizen to Foreigner, by Eve Hayes de Kalaf",2023,en,internacional,M16,https://statelessnessandcitizenshipreview.com/index.php/journal/article/download/333/191/,pdf-en-linea,media,"Allison J. Petrozziello (investigadora feminista de migración, doctoranda en Wilfrid Laurier/Balsillie School; afiliada al Caribbean Migrants Observatory, República Dominicana), publicada en Statelessness & Citizenship Review. Fiabilidad media: Reseña en una revista especializada de acceso abierto (Statelessness & Citizenship Review), de una experta en migración haitiano-dominicana que cita la bibliografía del campo; no es independiente de… Toca A-215, A-217. Verificación descargada-y-leida (acceso pdf-en-linea); consulta 2026-10-06."
M16-N165,secundaria,"Martínez, Samuel","The Racialised Non-Being of Non-Citizens: Slaves, Migrants and the Stateless",2023,en,internacional,M16,https://statelessnessandcitizenshipreview.com/index.php/journal/article/download/487/307 | https://statelessnessandcitizenshipreview.com/index.php/journal/issue/view/23,pdf-en-linea,media,"Samuel Martínez, profesor emérito de Antropología y Estudios Latinoamericanos (University of Connecticut-Storrs), autor de Peripheral Migrants (1995); aportó una declaración pericial en el caso Yean y Bosico contra la República Dominicana (Corte IDH, 2005). Fiabilidad media: Artículo de un antropólogo especialista (UConn) con notas a pie y fuentes primarias citadas, pero con posición normativa declarada y participación previa como perito en el caso Yean y Bosico. Toca A-212, A-213, A-215, A-216, A-217, A-218, A-219, A-224. Verificación descargada-y-leida (acceso pdf-en-linea); consulta 2026-10-06."
M16-N166,secundaria,"No identificado en la página (publicación del equipo editorial de Harvard International Law Journal Online, serie Perspectives)",The Republic of Haiti and the Dominican Republic: A Relationship in Troubled Waters,2023,en,internacional,M16,https://journals.law.harvard.edu/ilj/2023/12/the-republic-of-haiti-and-the-dominican-republic-a-relationship-in-troubled-waters/ | https://journals.law.harvard.edu/ilj/wp-json/wp/v2/posts/10366,texto-completo-en-linea,media,"Publicado el 19-XII-2023 en Harvard ILJ Online (Perspectives); la API de WordPress da como autor genérico 'Harvard ILJ' (autor individual no identificado). Fiabilidad media: Comentario jurídico en un blog de revista de derecho de una universidad de primer nivel, con citas textuales de tratados y de la Convención de la ONU de 1997, pero sin firma visible y con tono de… Toca A-221, A-222. Verificación descargada-y-leida (acceso texto-completo-en-linea); consulta 2026-10-06."
M16-N167,divulgacion,"Wucker, Michele",The Dominican Republic's Shameful Deportation Legacy,2015,en,internacional,M15;M16,https://foreignpolicy.com/2015/10/08/dominican-republic-haiti-trujillo-immigration-deportation/,texto-completo-en-linea,media,"Michele Wucker, periodista y analista estadounidense, para Foreign Policy, 8-X-2015, entre el vencimiento del plazo del Plan Nacional de Regularización (junio de 2015) y las primeras expulsiones, con el telón de fondo del paralelo con la conferencia de Évian… Fiabilidad media: Ensayo de opinión de una periodista especializada (autora de Why the Cocks Fight, 1999) en una revista de política exterior, con vínculos a informes de HRW y de la OIM, pero sin aparato crítico. Toca A-212, A-215, A-217, A-218, A-223, A-225. Verificación descargada-y-leida (acceso texto-completo-en-linea); consulta 2026-10-06."
M16-N168,divulgacion,No identificado en la copia leída (blog de Sean Jacobs / Africa Is a Country); autoría [POR VERIFICAR],How history has been distorted to justify the Dominican deportations,2015,en,internacional,M08;M16,https://www.goodreads.com/author_blog_posts/8560406-how-history-has-been-distorted-to-justify-the-dominican-deportations?tab=book,texto-completo-en-linea,baja,"Publicado el 17-VI-2015 en el blog de Sean Jacobs (Africa Is a Country), reproducido por Goodreads; con voz de historiadora/o del siglo XIX caribeño (el texto menciona 'the island’s residents', Juan Bosch, MUDHA) y posición contra la sentencia; a dos días del… Fiabilidad baja: Ensayo de opinión académica reproducido por un agregador sin firma visible; el original en Africa Is a Country devolvió 404 con la URL probada, de modo que autoría y fecha de primera publicación no… Toca A-223, A-245, A-247. Verificación descargada-y-leida (acceso texto-completo-en-linea); consulta 2026-10-06."
M16-N169,primaria,Equipo Humanitario de País de Haití (OCHA/ONU en Haití),Haiti Humanitarian Country Team deeply concerned about the deportation of pregnant and breastfeeding women from the Dominican Republic,2025,en,internacional,M16,https://haiti.un.org/en/294691-haiti-humanitarian-country-team-deeply-concerned-about-deportation-pregnant-and | https://haiti.un.org/en/node/294691,texto-completo-en-linea,media,"Equipo Humanitario de País de la ONU en Haití (coordinadora humanitaria Ulrika Richardson), 19-V-2025, redactado por la oficina de información de OCHA Haití; reproducido de ReliefWeb. Fiabilidad media: Comunicado institucional de la ONU en Haití (OCHA) con datos de la OIM, de posición humanitaria declarada; la cifra procede de la OIM y no se muestra el recuento de origen. Toca A-223, A-224. Verificación descargada-y-leida (acceso texto-completo-en-linea); consulta 2026-10-06."
M16-N170,secundaria,"Wilkinson, Patrick Richard",Cave Vodou in Haiti: The Use of Caves as Sacred Space in Modern Haitian Ritual,2019,en,internacional,M01;M16,https://www.escholarship.org/content/qt7wk702sf/qt7wk702sf.pdf | https://escholarship.org/uc/item/7wk702sf,pdf-en-linea,media,"Patrick Richard Wilkinson, UC Merced, 2019. Trabajo etnográfico en cuevas rituales de Haití (Voutamenge, entre otras) y en ceremonias con sacerdotisas haitianas en Miami, citando a Beauvoir-Dominique (2009) y a Rouse (1992) para los zemis. Fiabilidad media: Tesis doctoral (UC Merced, 168 pp., marcada 'peer reviewed') de etnoarqueología con trabajo de campo y fotografías, pero sin objeto de estudio centrado en la identificación taína de los objetos… Toca A-242, A-243. Verificación descargada-y-leida (acceso pdf-en-linea); consulta 2026-10-06."
M16-N171,secundaria,"Tremblay, Marie Julie",Contextualización de los préstamos léxicos de origen indígena,2007,es,internacional,M16,https://dialnet.unirioja.es/descarga/articulo/3303440.pdf,pdf-en-linea,baja,"Marie Julie Tremblay, Section d'études hispaniques, Université de Montréal, Tinkuy n.º 4, febrero de 2007; analiza con ejemplos de textos desde Colón hasta García Márquez cómo entraron voces indígenas al léxico español. Fiabilidad baja: Artículo breve de una revista estudiantil de la Universidad de Montreal (Tinkuy 4) sobre préstamos al español en general, no centrado en el dominicano ni en el kreyòl. Toca A-254, A-255. Verificación descargada-y-leida (acceso pdf-en-linea); consulta 2026-10-06."
M16-N172,secundaria,"Craemer, Thomas; Martínez, Samuel",Anti-Haitian stereotypes in three Dominican daily newspapers: a content analysis,2020,en,internacional,M16,"https://doi.org/10.1080/17442222.2020.1773031 | https://elin.uconn.edu/2020/05/22/up-coming-publication-on-anti-haitian-stereotypes-in-dominican-media/ | https://api.semanticscholar.org/graph/v1/paper/DOI:10.1080/17442222.2020.1773031?fields=title,abstract",via-resena,alta,"Thomas Craemer (Políticas Públicas) y Samuel Martínez (Antropología), Univ. of Connecticut; el anuncio de El Instituto (UConn, 22-V-2020) añade a Bridget Wooding y a equipos de codificación en Santo Domingo y UConn. Fiabilidad alta: Artículo revisado por pares (Latin American and Caribbean Ethnic Studies 16(1): 85-107) con un análisis de contenido cuantitativo sobre muestra probabilística; solo se leyó el resumen (vía API de… Toca A-245, A-247. Verificación descargada-parcial (acceso via-resena); consulta 2026-10-06."
M16-N173,secundaria,"Wooding, Bridget",Haitian Immigrants and Their Descendants Born in the Dominican Republic,2018,en,internacional,M16,https://doi.org/10.1093/acrefore/9780199366439.013.474 | https://api.crossref.org/works/10.1093/acrefore/9780199366439.013.474,fragmento-busqueda,media,"Bridget Wooding, coordinadora del Observatorio de Migrantes del Caribe (OBMICA, Santo Domingo), testigo experta ante la Corte IDH en el caso de 2014; publicado en Oxford University Press (Oxford Research Encyclopedia of Latin American History) el 24-I-2018… Fiabilidad media: Entrada de enciclopedia de investigación revisada (Oxford Research Encyclopedia of Latin American History, 24-I-2018) de una especialista y perita ante la Corte IDH; solo se leyó el resumen… Toca A-213, A-217, A-218. Verificación descargada-parcial (acceso fragmento-busqueda); consulta 2026-10-06."
M16-N174,divulgacion,"Cerqueira, Daniel",The Solitude of the Dominican Republic (TC-0256-14),2014,en,internacional,M16,https://americasquarterly.org/blog/the-solitude-of-the-dominican-republic/ | https://www.americasquarterly.org/content/solitude-dominican-republic,texto-completo-en-linea,media,"Daniel Cerqueira (Due Process of Law Foundation), en Americas Quarterly (Americas Society/Council of the Americas), 14-XI-2014, diez días después de TC/0256/14. Fiabilidad media: Artículo de opinión jurídica de un oficial sénior de programa de la Due Process of Law Foundation (organización de incidencia), con referencias a la sentencia de la Corte IDH y a la Comisión, pero… Toca A-217, A-250. Verificación descargada-y-leida (acceso texto-completo-en-linea); consulta 2026-10-06."
M16-N175,divulgacion,Open Society Justice Initiative,Deportation and Citizenship in the Dominican Republic: Unanswered Questions (Fact Sheet),2015,en,internacional,M16,https://www.justiceinitiative.org/uploads/b2fa8971-a952-4544-a0bc-ec70cbc24614/fact-sheet-dr-unanswered-questions-20150731_0.pdf | https://www.justiceinitiative.org/publications/deportation-and-citizenship-dominican-republic-unanswered-questions,pdf-en-linea,media,"Open Society Justice Initiative (Nueva York), julio de 2015, durante el plazo del Plan Nacional de Regularización (17-VI-2015) y la prórroga de 45 días hasta el 1-VIII. Fiabilidad media: Hoja informativa de una ONG litigante (parte en el caso de 2014 ante la Corte IDH) de 2 páginas con cifras atribuidas a fuentes oficiales y a grupos de derechos, sin base de cálculo detallada. Toca A-213, A-218. Verificación descargada-y-leida (acceso pdf-en-linea); consulta 2026-10-06."
M16-N176,divulgacion,Friedrich-Ebert-Stiftung Caribe (nota sobre un informe de terceros),Dinámicas de discurso de odio en redes sociales: hallazgos para avanzar en la garantía de derechos (nota de la FES Caribe),2025,es,internacional,M16,https://caribe.fes.de/e/informe-revela-como-la-desinformacion-y-el-odio-digital-impactan-derechos-humanos-en-republica-dominicana.html,texto-completo-en-linea,baja,"Friedrich-Ebert-Stiftung (Caribe, oficina de Santo Domingo), nota fechada el 28-X-2025, con cita de la coordinadora de proyectos Paula Rodríguez. Fiabilidad baja: Nota de prensa de una fundación política alemana sobre un informe cuyo texto no se leyó; la cifra de publicaciones analizadas es la del comunicado, sin metodología visible. Toca A-224, A-245, A-247, A-251. Verificación descargada-parcial (acceso texto-completo-en-linea); consulta 2026-10-06."
M16-N177,divulgacion,Al Jazeera (reportaje de Bhanu Bhatnagar),"Haiti recalls ambassador to Dominican Republic (video report), Al Jazeera, 2 de octubre de 2013",2013,en,internacional,M16,https://www.aljazeera.com/news/2013/10/2/haitian-dominicans-lose-citizenship,texto-completo-en-linea,media,"Al Jazeera English, 2-X-2013, reportaje en vídeo de Bhanu Bhatnagar; acompañamiento del anuncio haitiano del retiro de su embajador; para audiencia internacional. Fiabilidad media: Nota de una cadena internacional de noticias, brevísima, de la que solo consta el texto de la página de un vídeo; sin fuente primaria explícita. Toca A-252. Verificación descargada-y-leida (acceso texto-completo-en-linea); consulta 2026-10-06."
M16-N178,divulgacion,"Sosa D'Meza, Binny",X Censo: Auto-percepción y categorización racial: la pregunta no. 64 (2 de 2),2022,es,dominicana,M16,https://acento.com.do/opinion/x-censo-auto-percepcion-y-categorizacion-racial-la-pregunta-no-64-2-de-2-9141742.html,texto-completo-en-linea,baja,"Binny Sosa D'Meza, columnista de Acento (Santo Domingo), 14-XII-2022. Critica la inclusión de la pregunta en el X Censo Nacional de Población y Vivienda. Fiabilidad baja: Artículo de opinión crítico del diseño de la pregunta censal, que transcribe la redacción exacta de la pregunta 64 de la boleta de 2022, pero cuyo argumento es una valoración sin análisis de datos. Toca A-226. Verificación descargada-y-leida (acceso texto-completo-en-linea); consulta 2026-10-06."
M16-N179,secundaria,"Myers, Megan Jeanette; Paulino, Edward (eds.)",The Border of Lights Reader: Bearing Witness to Genocide in the Dominican Republic,2021,en,internacional,M13;M16,https://www.fulcrum.org/concern/monographs/1v53k057r | https://library.oapen.org/bitstream/20.500.12657/57786/1/9781943208272.pdf | https://services.publishing.umich.edu/Books/T/The-Border-of-Lights-Reader,texto-completo-en-linea,media,"Editado por Megan Jeanette Myers (Iowa State University) y Edward Paulino (CUNY/John Jay College), publicado el 23-VII-2021 por University of Michigan Press en Fulcrum, con colaboraciones de Lauren Derby, Richard Turits, April Mayes, Maria Cristina Fumagalli… Fiabilidad media: Antología de acceso abierto (University of Michigan Press, 2021) con ensayos académicos y de activistas; solo se leyó la ficha de Fulcrum, ya que las descargas devolvieron 403 y OAPEN está tras un… Toca A-249. Verificación descargada-parcial (acceso texto-completo-en-linea); consulta 2026-10-06."
M16-N180,primaria,Haiti Support Group (reproducción de la convocatoria de Border of Lights),Border of Lights (convocatoria de 2012 en el sitio del Haiti Support Group),2012,en,internacional,M13;M16,https://haitisupportgroup.org/border-lights/ | https://haitisupportgroup.org/?p=677,texto-completo-en-linea,media,"Haiti Support Group (organización de incidencia con sede en Londres, en la que trabaja Eve Hayes de Kalaf según su propia nota de 2015), 23-IX-2012; reproduce el anuncio de Border of Lights para el 4-6 de octubre de 2012 en Dajabón (75.º aniversario de la… Fiabilidad media: Convocatoria de la propia organización, útil como fecha y descripción de intención del acto, no como evidencia de los hechos históricos que invoca. Toca A-249. Verificación descargada-y-leida (acceso texto-completo-en-linea); consulta 2026-10-06."
M16-N181,divulgacion,"Delgado, Esteban (elDinero)",Partos a haitianas en hospitales de RD aumentó un 6.1% en 2022,2023,es,dominicana,M16,https://eldinero.com.do/220007/partos-a-haitianas-en-hospitales-de-rd-aumento-un-6-1-en-2022/,texto-completo-en-linea,media,"Esteban Delgado, elDinero (Santo Domingo), 31-I-2023; basado en un informe del Ministerio de Salud Pública sobre partos en hospitales públicos de 2021 y 2022. Fiabilidad media: Reportaje de un medio económico dominicano que cita un informe del Ministerio de Salud Pública al que 'tuvo acceso', sin enlace al informe; las cifras son internamente coherentes (114.033 = 76.169 +… Toca A-251. Verificación descargada-y-leida (acceso texto-completo-en-linea); consulta 2026-10-06."
M16-N182,secundaria,"Behles, Caitlin (ASIL Insights)","Dominican Constitutional Court Rules Unconstitutional Instrument Accepting Jurisdiction of the IACHR (November 4, 2014)",2014,en,internacional,M16,https://www.asil.org/blogs/dominican-constitutional-court-rules-unconstitutional-instrument-accepting-jurisdiction-iachr | https://asil.org/node/2186,texto-completo-en-linea,media,"Caitlin Behles, para ASIL Insights (American Society of International Law), 7-XI-2014; resume la sentencia TC/0256/14 con base en una nota de prensa y en la reacción de la Comisión Interamericana. Fiabilidad media: Nota breve (ASIL Insights) de una autora identificada, que resume la decisión con enlace a la sentencia en español y cita a la prensa para el voto 10-3; no es análisis doctrinal. Toca A-250. Verificación descargada-y-leida (acceso texto-completo-en-linea); consulta 2026-10-06."
M16-N183,secundaria,"Román, Ediberto; Sagás, Ernesto",Birthright Citizenship Under Attack: How Dominican Nationality Laws May be the Future of U.S. Exclusion,2017,en,internacional,M16,https://digitalcommons.wcl.american.edu/aulr/vol66/iss6/2 | https://digitalcommons.wcl.american.edu/cgi/viewcontent.cgi?article=2202&context=aulr,texto-completo-en-linea,media,"Ediberto Román (Florida International University College of Law) y Ernesto Sagás (Colorado State University, según la ficha del repositorio), American University Law Review, vol. 66, n.º 6, 2017. Fiabilidad media: Artículo de revisión jurídica (American University Law Review 66:1383) de dos especialistas, pero con tesis comparativa con EE. Toca A-211, A-212, A-217. Verificación descargada-parcial (acceso texto-completo-en-linea); consulta 2026-10-06."
M16-N184,divulgacion,"Yingling, Charlton W. (entrevista de University of Texas Press)",Q&A with Charlton Yingling on uncovering Haitian and Dominican histories (Siblings of Soil),2022,en,internacional,M08;M16,https://utpress.utexas.edu/blog/2022/12/15/uncovering-dominican-and-haitian-histories/ | https://journals.upress.ufl.edu/JGSS/article/view/3013,texto-completo-en-linea,media,"Charlton W. Yingling (historiador de la Revolución haitiana y Santo Domingo; afiliación no consignada en la entrevista [POR VERIFICAR]), entrevistado en el blog de University of Texas Press el 15-XII-2022; menciona una consulta previa para BBC Mundo sobre los… Fiabilidad media: Entrevista promocional con el autor de una monografía revisada (Siblings of Soil, UT Press, 2022), en la propia voz del historiador pero sin aparato crítico; sirve como resumen de su tesis, no como… Toca A-245. Verificación descargada-y-leida (acceso texto-completo-en-linea); consulta 2026-10-06."
M16-N185,divulgacion,Diario Libre (redacción),Población de origen extranjero en RD asciende a más de 847 mil personas,2018,es,dominicana,M16,https://www.diariolibre.com/actualidad/poblacion-de-origen-extranjero-en-rd-asciende-a-mas-de-847-mil-personas-EI9648464,texto-completo-en-linea,media,Nota del 17 de abril de 2018 sobre la presentación de la ENI-2017 por el ministro de Economía Isidoro Santana. Fiabilidad media: Prensa que reproduce la presentación oficial de la ENI-2017 con las cifras del cuadro 5.1; sirve para identificar de dónde sale 751.080. Toca A-219. Verificación descargada-y-leida (acceso texto-completo-en-linea); consulta 2026-10-06.
M16-N186,secundaria,"Santana Nina, Patricia M. (consultora); Participación Ciudadana",Investigación sobre implementación de la Ley No. 169-14. Informe preliminar,2022,es,dominicana,M16,https://pciudadana.org/wp-content/uploads/2022/10/Informe-Ley-169-14-2.pdf,pdf-en-linea,media,"Participación Ciudadana, organización de la sociedad civil dominicana (el informe la nombra como autora; su naturaleza jurídica no se leyó en el texto); versión final del 13 de octubre de 2022, primera parte de una consultoría sobre la Ley 169-14 y el Decreto… Fiabilidad media: Informe de una organización civil dominicana con cifras oficiales citadas de segunda mano (JCE, Ministerio de Interior); preliminar y de parte, pero con fuentes y fechas. Toca A-213, A-214, A-217, A-218. Verificación descargada-y-leida (acceso pdf-en-linea); consulta 2026-10-06."
M16-N187,divulgacion,Johanna García (El Día),Haití y EU dominan inscritos en Registro,2015,es,dominicana,M16,https://eldia.com.do/haiti-y-eu-dominan-inscritos-en-registro/,texto-completo-en-linea,media,"Nota del 27 de mayo de 2015 en El Día sobre la presentación de resultados de la JCE; atribuye las cifras a César Féliz Féliz y Roberto Rosario. Fiabilidad media: Prensa que reproduce cifras de la JCE dichas por un miembro titular y su presidente; no es el informe de auditoría. Toca A-213, A-214, A-218. Verificación descargada-y-leida (acceso texto-completo-en-linea); consulta 2026-10-06."
M16-N188,divulgacion,Diario Libre (a partir de nota de prensa de la DGM),Migración anuncia deportación de más de 34 mil haitianos (septiembre de 2025),2025,es,dominicana,M16,https://www.diariolibre.com/actualidad/nacional/2025/10/01/migracion-anuncia-deportacion-de-mas-de-34-mil-haitianos/3264204,texto-completo-en-linea,media,"Nota del 1 de octubre de 2025, primer año de gestión del director Lee Ballester (asumió el 1 de octubre de 2024). Fiabilidad media: Prensa que transcribe un comunicado oficial de la DGM; sirve para fechar y desagregar las cifras de 2025. Toca A-223. Verificación descargada-y-leida (acceso texto-completo-en-linea); consulta 2026-10-06."
M16-N189,divulgacion,El Dinero (redacción); datos del Observatorio Nacional de Registro Civil (ONAREC) de la JCE,Registro de niños haitianos en RD bajó un 44.7% en 2025,2026,es,dominicana,M16,https://eldinero.com.do/349392/registro-de-ninos-haitianos-en-rd-bajo-un-44-7-en-2025/,texto-completo-en-linea,media,Nota del 8 de enero de 2026 sobre nacimientos de extranjeros inscritos en el libro de extranjería entre 2022 y 2025. Fiabilidad media: Prensa económica que cita datos oficiales de la JCE (ONAREC) con totales anuales; la serie no se verificó contra la fuente. Toca A-251. Verificación descargada-y-leida (acceso texto-completo-en-linea); consulta 2026-10-06.
M16-N190,divulgacion,Diario Libre (redacción); Oficina Nacional de Estadística (ONE),"Censo Nacional: República Dominicana tiene 10,760,028 personas",2023,es,dominicana,M16,https://diariolibre.com/actualidad/nacional/2023/08/10/censo-nacional-rep-dominciana-tiene-10760028-personas/2428956,texto-completo-en-linea,media,Nota del 10 de agosto de 2023 sobre la presentación de resultados del censo de 2022 por la ONE. Fiabilidad media: Prensa que transcribe el resultado oficial del X Censo Nacional de Población y Vivienda 2022 (ONE). Toca A-261. Verificación descargada-y-leida (acceso texto-completo-en-linea); consulta 2026-10-06.
M16-N191,terciaria,"Wikipedia (editores); datos de la Oficina Nacional de Estadística (ONE), IX/X Censo Nacional de Población y Vivienda 2022, Vol. III, cuadro 12",2022 Dominican Republic census (Wikipedia; índice de la tabla de autoidentificación del Volumen III de la ONE),2022,en,dominicana,M16,https://en.wikipedia.org/wiki/2022_Dominican_Republic_census | https://acento.com.do/opinion/x-censo-auto-percepcion-y-categorizacion-racial-la-pregunta-no-64-2-de-2-9141742.html,texto-completo-en-linea,baja,"Artículo colaborativo que reproduce la tabla de autoidentificación étnico-racial del censo de 2022 (población de 12 años o más) con enlace a 'cuadro-12-volumen-iii.xlsx' en one.gob.do. Fiabilidad baja: Wikipedia es índice, no evidencia; la tabla remite al cuadro 12 del Vol. Toca A-226. Verificación descargada-y-leida (acceso texto-completo-en-linea); consulta 2026-10-06."
M16-N192,primaria,Oficina Integrada de las Naciones Unidas en Haití (BINUH),"Haiti: At least 1,520 people killed in violence during the second quarter of 2025",2025,en,internacional,M16,https://binuh.unmissions.org/en/node/74722,texto-completo-en-linea,alta,"Comunicado trimestral de BINUH (Ulrika Richardson, jefa interina) sobre el segundo trimestre de 2025; la ONU documenta homicidios con metodología propia y reconoce que hay subregistro. Fiabilidad alta: Comunicado oficial de la misión de la ONU que documenta los hechos mediante su sección de derechos humanos; las cifras son de víctimas verificadas y pueden subestimar. Toca A-224, A-225. Verificación descargada-y-leida (acceso texto-completo-en-linea); consulta 2026-10-06."
M16-N193,primaria,Oficina Integrada de las Naciones Unidas en Haití (BINUH),"Haiti: The human rights situation remains extremely worrying in the fourth quarter of 2025, with nearly 6,000 deaths and more than 2,700 people injured over the year",2026,en,internacional,M16,https://binuh.unmissions.org/en/node/133847,texto-completo-en-linea,alta,"Comunicado de BINUH en Puerto Príncipe, 30 de enero de 2026, sobre el cuarto trimestre y el total de 2025. Fiabilidad alta: Comunicado oficial de la misión de la ONU del 30 de enero de 2026 con el balance anual de 2025. Toca A-224, A-225. Verificación descargada-y-leida (acceso texto-completo-en-linea); consulta 2026-10-06."
M16-N194,divulgacion,Voz de América (redacción),"¿Por qué se construye un muro entre República Dominicana y Haití? (Voz de América, 28 de marzo de 2023)",2023,es,internacional,M16,https://www.vozdeamerica.com/a/construyen-muro-en-frontera-entre-republica-dominicana-haiti/7025930.html | https://elnuevodiario.com.do/el-gobierno-dominicano-dice-ha-invertido-rd1-9-mil-millones-en-el-muro-fronterizo/,texto-completo-en-linea,media,Nota de VOA del 28 de marzo de 2023 sobre la construcción de la verja fronteriza. Fiabilidad media: Prensa internacional que cita un comunicado del Ministerio de Defensa dominicano con las longitudes. Toca A-223. Verificación descargada-y-leida (acceso texto-completo-en-linea); consulta 2026-10-06.
M16-N195,divulgacion,El Nuevo Diario (redacción),Gobierno dice ha invertido RD$1.9 mil millones en muro fronterizo,2024,es,dominicana,M16,https://elnuevodiario.com.do/el-gobierno-dominicano-dice-ha-invertido-rd1-9-mil-millones-en-el-muro-fronterizo/,texto-completo-en-linea,media,Nota del 22 de noviembre de 2024 sobre el comunicado del ministro de la Presidencia José Ignacio Paliza. Fiabilidad media: Prensa que transcribe un comunicado del ministro de la Presidencia; cifras oficiales no contrastadas. Toca A-223. Verificación descargada-y-leida (acceso texto-completo-en-linea); consulta 2026-10-06.
M16-N196,primaria,Presidencia de la República Dominicana; Ministerio de Medio Ambiente y Recursos Naturales,Medio Ambiente fija en 42.8 % la cobertura forestal del país (Inventario Nacional Forestal 2021),2021,es,oficial-rd,M16,https://presidencia.gob.do/noticias/medio-ambiente-fija-en-428-la-cobertura-forestal-del-pais,texto-completo-en-linea,media,Nota del 27 de octubre de 2021 sobre la presentación del INF-RD 2021 por el ministro Orlando Jorge Mera; superficie obtenida por teledetección. Fiabilidad media: Nota oficial que resume el Inventario Nacional Forestal (INF-RD 2021); el inventario completo no se abrió y la cifra de Haití ('alrededor de 2 por ciento') se da sin fuente. Toca A-263. Verificación descargada-y-leida (acceso texto-completo-en-linea); consulta 2026-10-06.
M16-N197,cientifica,"de la Cruz, C. G.; Guevara, M.; Rodrigues-Soares, F.; Rodríguez, E.; Peñas-Lledó, E.; LLerena, A.; Dorado, P.",CYP2C9 Promoter Variable Number Tandem Repeat Polymorphism in a Dominican Population: Exploring Differences with Genetic Ancestry (Genes 16(5): 540),2025,en,cientifica,M16,https://pmc.ncbi.nlm.nih.gov/articles/PMC12111419/,texto-completo-en-linea,media,"Mismo grupo (UNPHU y Universidad de Extremadura); 193 voluntarios sanos, ancestría estimada en 176 con 90 AIMs 'previamente' (ref. 18). Fiabilidad media: Revista MDPI con la misma cohorte universitaria del estudio DPYD; sirve para mostrar que la cifra de 42,6 por ciento nativo se reutiliza, no para ancestría nueva. Toca A-232, A-234. Verificación descargada-y-leida (acceso texto-completo-en-linea); consulta 2026-10-06."
M16-N198,cientifica,"Cullina, S.; Wojcik, G. L.; Shemirani, R.; et al.; Abul-Husn, N. S.; Kenny, E. E.",Admixture mapping of peripheral artery disease in a Dominican population reveals a putative risk locus on 2q35 (Frontiers in Genetics 14: 1181167),2023,en,cientifica,M16,https://pmc.ncbi.nlm.nih.gov/articles/PMC10432698/,texto-completo-en-linea,alta,"Mount Sinai (Nueva York); participantes autodeclarados dominicanos del biobanco BioMe (Dominican discovery cohort ~1.665; Fiabilidad alta: Artículo revisado por pares con biobanco grande (BioMe, Nueva York), arreglos densos (OMNI y MEGA), paneles de referencia 1000 Genomas/HGDP/PAGE e intervalos de confianza. Toca A-228, A-232, A-233, A-235. Verificación descargada-y-leida (acceso texto-completo-en-linea); consulta 2026-10-06."
M16-N199,cientifica,"Tascón-Peñaranda, Edna; Martínez-Cruzado, Juan; Oleksyk, Taras; Curbelo-Canabal, Francez; Burchard, Esteban",Admixture in the pre-Columbian Caribbean (resumen SAA 2015),2015,en,cientifica,M01;M16,https://core.tdar.org/document/396630/admixture-in-the-pre-columbian-caribbean,texto-completo-en-linea,media,"Resumen de ponencia en la Society for American Archaeology 2015 sobre secuenciación mitocondrial completa de pares de muestras de Puerto Rico y República Dominicana. Fiabilidad media: Resumen de congreso (SAA 2015) archivado en tDAR; no es artículo revisado por pares y no da n ni porcentajes dominicanos. Toca A-237, A-238. Verificación descargada-y-leida (acceso texto-completo-en-linea); consulta 2026-10-06."
M16-N200,base-de-datos,"Europe PMC (EMBL-EBI), API REST",Europe PMC: consulta de títulos 'Haiti/Haitian' y 'ancestry/admixture/genetic structure/genomic' (11 resultados) y consulta de títulos dominicanos de genética de poblaciones (18 resultados),2026,en,cientifica,M16,https://www.ebi.ac.uk/europepmc/webservices/rest/search?query=(TITLE:Haiti%20OR%20TITLE:Haitian)%20AND%20(TITLE:ancestry%20OR%20TITLE:admixture%20OR%20TITLE:%22genetic%20structure%22%20OR%20TITLE:genomic)&format=json&resultType=lite&pageSize=15&sort_date:y | https://www.ebi.ac.uk/europepmc/webservices/rest/search?query=(TITLE:Hispaniola%20OR%20TITLE:%22Dominican%20Republic%22%20OR%20TITLE:Dominican)%20AND%20(TITLE:ancestry%20OR%20TITLE:admixture%20OR%20TITLE:mitochondrial%20OR%20TITLE:%22Y-chromosom*%22%20OR%20TITLE:genomic)&format=json&resultType=lite&pageSize=15&sort_date:y,texto-completo-en-linea,media,"Consulta hecha el 2026-10-06 sobre títulos; sirve como registro de la búsqueda sistemática que pide A-241. Fiabilidad media: Consulta reproducible a un índice bibliográfico abierto; la ausencia de resultados en títulos no demuestra ausencia en resúmenes o textos, pero es evidencia de búsqueda documentada. Toca A-240, A-241. Verificación descargada-y-leida (acceso texto-completo-en-linea); consulta 2026-10-06."
M16-N201,primaria,Junta Central Electoral (JCE) de la República Dominicana,Auditoría al Registro Civil 1929-2007: listado de personas con actas autorizadas y transcritas (AuditoriaRC_Autorizados_Transcritos.pdf),2015,es,oficial-rd,M16,https://jce.gob.do/web/pdf/AuditoriaRC_Autorizados_Transcritos.pdf,pdf-en-linea,media,"Producido por la JCE en cumplimiento del dispositivo quinto de TC/0168/13; el PDF se generó el 25 de junio de 2015 (metadatos: Adobe InDesign CC 2014) y tiene 184 páginas con tres columnas por página (nombre del inscrito, municipio, número de registro). Fiabilidad media: Listado oficial nominal de la propia JCE, pero sin columna de nacionalidad de los padres ni totales; los conteos son míos sobre el texto extraído y no se pueden desagregar por nacionalidad. Toca A-213, A-214, A-218. Verificación descargada-y-leida (acceso pdf-en-linea); consulta 2026-10-06."
M16-N202,divulgacion,Servicios de Acento.com.do; entrevista de Fausto Rosario Adames a Gilberto Reynoso Sánchez,"La solución con conflicto por el río Dajabón es sencilla y de bajo costo, dice Gilberto Reynoso, director del Gabinete del Agua (Acento, 18-IX-2023)",2023,es,dominicana,M16,https://acento.com.do/ecologia/la-solucion-con-conflicto-por-el-rio-dajabon-es-sencilla-y-de-bajo-costo-dice-gilberto-reynoso-director-del-gabinete-del-agua-9247407.html,texto-completo-en-linea,baja,"Entrevista en el programa '¿Y tú...qué dices?' de AcentoTV, 18 de septiembre de 2023; Fiabilidad baja: Entrevista con un funcionario de parte (director ejecutivo del Gabinete del Agua del Gobierno dominicano); las cifras de caudal no se contrastaron con mediciones del INDRHI. Toca A-221, A-222. Verificación descargada-y-leida (acceso texto-completo-en-linea); consulta 2026-10-06."
M16-N203,secundaria,Real Academia Española (RAE) y Asociación de Academias de la Lengua Española (ASALE),"Diccionario de la lengua española (DLE), edición del Tricentenario: entradas hamaca, canoa, huracán, barbacoa, bohío, conuco, yuca, maní, ají, batey, cacique, casabe",2023,es,espanola,M16,https://dle.rae.es/hamaca | https://dle.rae.es/hurac%C3%A1n | https://dle.rae.es/boh%C3%ADo | https://dle.rae.es/man%C3%AD | https://dle.rae.es/aj%C3%AD,texto-completo-en-linea,media,"Edición del Tricentenario del DLE en línea; las etimologías indican 'taíno', 'voz taína' o 'de or. caribe' sin más detalle. Fiabilidad media: Diccionario académico normativo con etimologías sintéticas y sin remisión a fuentes; sirve para fijar el origen declarado, no para contar préstamos. Toca A-254, A-255. Verificación descargada-y-leida (acceso texto-completo-en-linea); consulta 2026-10-06."
M16-N204,terciaria,Wiktionary (editores); cita el Trésor de la langue française informatisé,Ayiti y boucan (entradas de Wiktionary: etimología taína de 'Ayiti' y etimología tupí de 'boucan'),2023,en,internacional,M16,https://en.wiktionary.org/wiki/Ayiti | https://en.wiktionary.org/wiki/boucan | https://en.wiktionary.org/wiki/boukan,texto-completo-en-linea,baja,"Entradas colaborativas; la de 'boucan' remite al TLFi para el préstamo del tupí antiguo. Fiabilidad baja: Wikcionario es índice, no evidencia; se usa solo para señalar que el origen taíno de 'Ayiti' consta y que 'boukan/boucan' lleva otra etimología según el TLFi que cita. Toca A-254, A-255. Verificación descargada-y-leida (acceso texto-completo-en-linea); consulta 2026-10-06."
M16-N205,cientifica,"Wilkinson, Patrick","Cave Vodou in Haiti: An Ethnoarchaeological approach (SAA 2015, tDAR 397322) y The Rock Art of Haitian Vodou (SAA 2017, tDAR 429179)",2015,en,cientifica,M01;M16,https://core.tdar.org/document/397322/cave-vodou-in-haiti-an-ethnoarchaeological-approach | https://core.tdar.org/document/429179/the-rock-art-of-haitian-vodou,texto-completo-en-linea,baja,"Investigación etnoarqueológica en cuevas del norte de Haití con trabajo de campo en el verano de 2014; los resúmenes se archivan en tDAR. Fiabilidad baja: Resúmenes de ponencias de congreso (SAA) en un archivo arqueológico; no hay artículo revisado por pares localizado y el primero da como premisa la combinación de elementos taínos y africanos. Toca A-242, A-243. Verificación descargada-y-leida (acceso texto-completo-en-linea); consulta 2026-10-06."
M16-N206,secundaria,"Boidi, María Fernanda; Contreras, Danilo Antonio; Morgan, Jana; Rodríguez, Mariana (eds.); LAPOP Lab, Vanderbilt University",El Barómetro de las Américas de LAPOP toma el Pulso de la democracia en la República Dominicana 2023 (cap. 2: discriminación racial o por origen nacional),2024,es,internacional,M16,https://www.vanderbilt.edu/lapop/ABDOM2023-Pulso-de-la-democracia-final-20240216.pdf | https://www.vanderbilt.edu/cgd/wp-content/uploads/sites/157/lapop/ABDOM2023-Pulso-de-la-democracia-final-20240216.pdf,pdf-en-linea,alta,"Informe del 16 de febrero de 2024 con datos de la ronda de 2023 en la RD; la coordinadora nacional de rondas previas es Rosario Espinal (según la nota de 2019). Fiabilidad alta: Encuesta comparada con muestras probabilísticas nacionales de adultos en edad de votar y método publicado (LAPOP/Vanderbilt, financiada por USAID); el cuestionario habla de 'inmigrantes haitianos' y… Toca ninguna afirmación del módulo. Verificación descargada-y-leida (acceso pdf-en-linea); consulta 2026-10-06."
M16-N207,divulgacion,"Lo Que Sucede (redacción); LAPOP (Rosario Espinal, coordinadora)","Encuesta Barómetro de las Américas: 72% de los dominicanos se opone a entrega permisos de trabajo a inmigrantes haitianos (Lo Que Sucede, 2019; archivo de LAPOP)",2019,es,dominicana,M16,https://www.vanderbilt.edu/lapop/news/112219-DominicanRepublic-loquesucede.pdf | https://www.vanderbilt.edu/cgd/wp-content/uploads/sites/157/lapop/news/112219-DominicanRepublic-loquesucede.pdf,pdf-en-linea,media,Nota del 22 de noviembre de 2019 sobre la presentación de la ronda 2018/19 del Barómetro de las Américas en la RD (31.050 entrevistas en 20 países). Fiabilidad media: Nota de prensa alojada en el sitio de LAPOP con las cifras principales de la ronda 2018-2019; no es el informe. Toca ninguna afirmación del módulo. Verificación descargada-y-leida (acceso pdf-en-linea); consulta 2026-10-06.
