grupo,criterio,id,tipo,autor,titulo,anio,idioma,tradicion,modulos,url,acceso,fiabilidad,notas
1,url,F-0011,primaria,—,Repartimiento de Alburquerque,1514,es,espanola,M02;M03;M01,https://archive.org/download/coleccindedocu01cruoft/coleccindedocu01cruoft_djvu.txt | https://archive.org/download/coleccindedocu01cruoft/page/n196_w1200.jpg,texto-completo-en-linea,alta,"Original en el AGI; impreso probablemente en la CODOIN t. I (1864); analizado por Arranz Márquez (1991), que da 26.334 indios; también circulan 22.336 y 26.189 [POR VERIFICAR]. | F2 2026-10-06: (M01, ronda 1; lentes colonial-primaria); URL añadida(s): 1; acceso archivo-fisico → pdf-en-linea; módulos añadidos: M01; 1 extractos útiles (afirmaciones: A-024); verificación descargada-y-leida. | F2 2026"
1,url,F-1590,primaria,"Pacheco, Joaquín F.; Cárdenas, Francisco de (dirs.); repartidores: Pero Ibáñez de Ibarra y Rodrigo de Alburquerque (1514)","Colección de documentos inéditos relativos al descubrimiento, conquista y colonización de las posesiones españolas en América y Oceanía, sacados del Real Archivo de Indias, t. I (Madrid, Imp. de Manuel B. de Quirós, 1864): «Repartimiento de la Isla Española» (1514), Archivo General de Indias, Sevilla",1864 (ed.); documento de 1514-1515,es,espanola,M00;M01;M02,https://archive.org/download/coleccindedocu01cruoft/coleccindedocu01cruoft_djvu.txt | https://archive.org/download/coleccindedocu01cruoft/page/n196_w1200.jpg (p. 191) | https://archive.org/download/coleccindedocu01cruoft/page/n213_w1200.jpg (p. 208) | https://archive.org/download/coleccindedocu01cruoft/page/n104_w1200.jpg (p. 99),texto-completo-en-linea,alta,"El Repartimiento de 1514 es el reparto de caciques e indios de La Española entre vecinos, hecho por los repartidores nombrados por el rey (Rodrigo de Alburquerque y el licenciado Pero Ibáñez de Ibarra) y registrado por los escriba. Fiabilidad alta: Edición decimonónica de un documento oficial de 1514 conservado en el AGI. Afirmaciones que toca: A-012, A-020. Verificación descargada-y-leida (acceso"
1,url,F-2131,primaria,"Zuazo, Alonso de","Carta del licenciado Alonso de Zuazo («Cuaco») a Monsieur de Chièvres, Santo Domingo de la Isla Española, 22 de enero de 1518",1518 (ed. 1864),es,espanola,M01;M02;M03,https://archive.org/download/coleccindedocu01cruoft/coleccindedocu01cruoft_djvu.txt | https://firstblacks.org/wp-content/uploads/2025/09/fb-primary-015-transcription.pdf | https://firstblacks.org/wp-content/uploads/2025/09/fb-primary-015-translation.pdf,pdf-en-linea,media,"Zuazo fue juez de residencia en Santo Domingo, nombrado por el cardenal Cisneros al mismo tiempo que los padres jerónimos (nota de la CODOIN, l. 12680-12690 del djvu); escribe el 22-I-1518 a «Monsieur de Xevres» (Chièvres) para denunciar el repartimiento de Alburquerque (1514) y pedir remedio. Fiabilidad media: Carta de un juez de residencia en funciones, cercana a los hechos, que cita «los repart"
1,url,F-2132,primaria,Anónimo (los editores de la CODOIN conjeturan a Las Casas),"Memorial dado al cardenal Cisneros de lo que conviene proveer para la buena gobernación de la Isla Española (anónimo, 1516-1518)",1516-1518 (ed. 1864),es,espanola,M01;M02,https://archive.org/download/coleccindedocu01cruoft/coleccindedocu01cruoft_djvu.txt | https://archive.org/details/coleccindedocu01cruoft,pdf-en-linea,media,"Documento anónimo del legajo «Patronato Real Antiguo, Arca de Indias, n.º 7» de Simancas, que los editores de la CODOIN (1864) datan entre 1516 y 1518 y dirigen a Cisneros; atribuyen su autoría a Las Casas «por conjetura» (nota 1, l. 11572-11587 del djvu). Fiabilidad media: Memorial sin fecha ni firma de un denunciante bien informado que residía en la corte; da una cifra redonda sin base. Afirmaci"
1,url,F-3051,primaria,"Zuazo, Alonso de; extracto de los editores Pacheco, Cárdenas y otros","Capítulos (extracto de los editores) de carta del licenciado Alonso de Cuaco [Zuazo] al Emperador, Santo Domingo, 22-I-1518, en CODOIN t. I (1864), pp. 292-293",1518 (ed. 1864),es,espanola,M02;M03,https://archive.org/download/coleccindedocu01cruoft/coleccindedocu01cruoft_djvu.txt,texto-completo-en-linea,media,"Los editores de la CODOIN resumen en ocho puntos la carta de Zuazo al Emperador (el original está en el AGI); entre ellos, conceder licencia general para traer negros ""gente recia para el trabajo, al revés de los naturales"" y desmentir el temor a su alzamiento (""viuda hay en las islas de Portugal ... con ochocientos esclavos""), con la anécdota de que Zuazo azotó y mutiló orejas a negros huidos que"
1,url,F-3052,primaria,"Figueroa, fray Luis de; Santo Domingo, fray Alonso de (gobernadores jerónimos de La Española); ed. Pacheco y Cárdenas (1864)","Carta de los padres jerónimos Luis de Figueroa y Alonso de Santo Domingo al Rey, Santo Domingo, 10-I-1519, en CODOIN t. I (1864), pp. 366-368",1519,es,espanola,M02;M03,https://archive.org/download/coleccindedocu01cruoft/coleccindedocu01cruoft_djvu.txt,texto-completo-en-linea,alta,"Escrita en enero de 1519, al poco de declararse la viruela (después de diciembre de 1518, según la propia carta), por los dos jerónimos que aún gobernaban la isla (el tercero, Manzanedo, había viajado a España). Dirigida al rey Carlos I, se queja de no haber recibido respuesta a sus cartas anteriores; da noticia de las reducciones a 30 pueblos y pide esclavos negros ""sin imposiciones"" y mercedes p"
1,url,F-3053,primaria,"Figueroa, Rodrigo de (juez de residencia, luego gobernador); ed. Pacheco y Cárdenas (1864)","Carta del licenciado Rodrigo de Figueroa al Rey (por mano del secretario Cobos), Sevilla, 7-IV-1519, en CODOIN t. I (1864), pp. 368-369",1519,es,espanola,M02;M03,https://archive.org/download/coleccindedocu01cruoft/coleccindedocu01cruoft_djvu.txt,texto-completo-en-linea,media,Figueroa había llegado a Sevilla a mediados de marzo de 1519 para pasar a las Indias con el encargo de reducir a los indios a vivir en pueblos; cuenta lo que le llega de La Española sobre la viruela y que los jerónimos ya habían repartido indios que él debía tener vacos. La carta es posterior en tres meses a la de los jerónimos y da una cifra menor (una cuarta parte). Fiabilidad media: Es una noti
1,url,F-3054,primaria,"González Dávila, Gil (contador real, vecino de La Española); ed. Pacheco y Cárdenas (1864)","Relación de Gil González Dávila, contador del Rey, sobre las causas de la despoblación de la isla Española (s. f., h. 1518; AGI, Patronato Real, leg. 18), en CODOIN t. I (1864), pp. 332-334",[1518] (conjetura de los editores),es,espanola,M02;M03,https://archive.org/download/coleccindedocu01cruoft/coleccindedocu01cruoft_djvu.txt,texto-completo-en-linea,media,"González Dávila, contador de La Española antes de pasar a Darién, redacta tres memoriales sobre la disminución ""ansí de vezinos como de indios"". Fiabilidad media: Testigo directo y funcionario de la Real Hacienda, pero la fecha es conjetural (los editores la ponen en 1518 por Herrera) y su interés es proponer remedios que favorezcan a los vecinos. Afirmaciones: A-030. Verificación: descargada-y-le"
1,url,F-3055,primaria,"Concejo de Santo Domingo; testigos (Hernando Gorjón, Juan de León y otros); ed. Pacheco y Cárdenas (1864)","Información (probanza) hecha a petición de la ciudad de Santo Domingo sobre la despoblación de la Isla Española, 10-I y 16-IV-1520; testimonio de Hernando Gorjón, vecino de Azua (AGI, Patronato Real, leg. 18), en CODOIN t. I (1864), pp. 428-429 (resumen) y 595-598",1520,es,espanola,M02;M03,https://archive.org/download/coleccindedocu01cruoft/coleccindedocu01cruoft_djvu.txt,texto-completo-en-linea,media,"El concejo de Santo Domingo (procurador Benito de Prado) presenta ante el alcalde bachiller Juan Roldán un interrogatorio sobre la despoblación de la isla, con el que pide libertades y franquicias para atraer colonos. Fiabilidad media: Probanza oficial con testigos jurados, pero preparada por el concejo para pedir franquicias y con interrogatorio dirigido; las cifras de pueblos y vecinos son memor"
1,url,F-3081,primaria,"Anónimo; Pacheco, J. F., y Cárdenas, F. de (eds.)","Memorial informatorio acerca del modo que se ha tenido en el repartimiento de indios de la Isla Española, y lo que conviene proveer para que la tierra se pueble (anónimo, c. 1517), en CODOIN t. I (Madrid, 1864), pp. 247-250",c. 1517 (ed. 1864),es,espanola,M02,https://archive.org/download/coleccindedocu01cruoft/coleccindedocu01cruoft_djvu.txt | https://archive.org/details/coleccindedocu01cruoft,texto-completo-en-linea,media,"Memorial anónimo del Archivo de Indias; los editores de 1864 lo fechan hacia 1517, poco después de la muerte de Fernando el Católico, y suponen que su autor estaba en Castilla y quizá fue uno de los jerónimos. Resume la historia del reparto de indios desde Ovando y menciona el sermón del dominico fray Antonio (Montesinos) y la junta de Burgos. Fiabilidad media: Memorial sin firma ni fecha de un au"
1,url,F-3082,primaria,"Figueroa, fray Luis de; Santo Domingo, fray Alonso de; Manzanedo, fray Bernardino de; Pacheco, J. F., y Cárdenas, F. de (eds.)","Cartas de los priores de San Jerónimo al cardenal Cisneros, Santo Domingo, 20-I-1517 y 22-VI-1517, en CODOIN t. I (Madrid, 1864), pp. 264-289",1517 (ed. 1864),es,espanola,M02,https://archive.org/download/coleccindedocu01cruoft/coleccindedocu01cruoft_djvu.txt | https://archive.org/details/coleccindedocu01cruoft,texto-completo-en-linea,alta,"Los tres jerónimos enviados por Cisneros para reformar el gobierno de las Indias escribieron al cardenal en 1517, apenas llegados a Santo Domingo. En la primera carta (20-I-1517) informan, entre otras cosas, de la oposición de los dominicos a traer esclavos de la costa de las Perlas; en la segunda (22-VI-1517) reiteran que la tierra «de cada día se despuebla». Fiabilidad alta: Informe de los gober"
1,url,F-3083,primaria,"González [Dávila], Gil; Pacheco, J. F., y Cárdenas, F. de (eds.)","Memorial que dio G. [Gil] González al señor obispo de Burgos, vista la información de los PP. Gerónimos (1517-18), en CODOIN t. I (Madrid, 1864), pp. 289-291",1517-1518 (ed. 1864),es,espanola,M02,https://archive.org/download/coleccindedocu01cruoft/coleccindedocu01cruoft_djvu.txt | https://archive.org/details/coleccindedocu01cruoft,texto-completo-en-linea,media,"El contador Gil González Dávila resume ante Juan Rodríguez de Fonseca, obispo de Burgos y presidente del Consejo de Indias, la información que los jerónimos hicieron a catorce o quince veteranos sobre dos cuestiones: si los indios tienen habilidad para vivir libres «políticamente», y si hay que traerlos de sus asientos cerca de los españoles, por amor o por fuerza. No es la «Relación» de las causa"
1,url,F-3084,primaria,"Oidores y oficiales reales de Santo Domingo (la carta de 20-V-1519 la firman Francisco Vallejo, Fernando Caballero, Miguel de Pasamonte y Cristóbal de Tapia; la de 14-IX-1519, los oficiales reales); Pacheco, J. F., y Cárdenas, F. de (eds.)","Cartas de los oidores y oficiales reales de Santo Domingo al Rey, 20-V-1519 y 14-IX-1519 (sumarios), en CODOIN t. I (Madrid, 1864), pp. 369-372",1519 (ed. 1864),es,espanola,M02;M03,https://archive.org/download/coleccindedocu01cruoft/coleccindedocu01cruoft_djvu.txt | https://archive.org/details/coleccindedocu01cruoft,texto-completo-en-linea,media,"Los oidores y oficiales reales de La Española escriben al Rey en mayo y septiembre de 1519. La carta de mayo se queja de la «pestilencia» que ha matado «la mayor parte» de los indios. La de septiembre protesta por la merced hecha al gobernador de Bresa (Gorrevod): cuatro mil negros en ocho años sin derechos, que él traspasó a Alonso Gutiérrez de Madrid por 25.000 ducados. Los editores notan que es"
2,url,F-0014,primaria,—,Documentos de las Devastaciones de Osorio,1605-06,es,espanola,M03;M04,http://catalogo.academiadominicanahistoria.org.do/opac-tmpl/files/libros/RodriguezDemoriziEmilio_RelacionesHistoricasDeSantoDomingoV2.pdf | http://catalogo.academiadominicanahistoria.org.do/opac-tmpl/files/libros/RodriguezDemoriziE_Relaciones_Historicas_SD_2008.pdf,pdf-en-linea,alta,"AGI Santo Domingo; editados por Rodríguez Demorizi en Relaciones históricas de Santo Domingo II (1945). | F2 2026-10-06: (M03, ronda 1; lentes dominicana) acceso archivo-fisico → pdf-en-linea; fiabilidad por-evaluar → alta; URL nueva para el registro; 1 alternativa(s) más; módulos añadidos: ninguno; 5 extractos útiles (afirmaciones: A-046, A-047); verificación descargada-y-leida. ATENCIÓN: F-0014 "
2,url,F-0015,primaria,"Osorio, Antonio de",Censo de 1606,1606,es,espanola,M04;M03,https://catalogo.academiadominicanahistoria.org.do/opac-tmpl/files/libros/RodriguezDemoriziEmilio_RelacionesHistoricasDeSantoDomingoV2.pdf | http://catalogo.academiadominicanahistoria.org.do/opac-tmpl/files/libros/RodriguezDemoriziE_Relaciones_Historicas_SD_2008.pdf,pdf-en-linea,media,"Tras las devastaciones: 9.648 esclavos, 1.117 vecinos y 40 clérigos, 56% en Santo Domingo y alrededores [VERIFICADO-snip]; conocido por vía de prensa. | F2 2026-10-07: (M04, ronda 1; lentes colonial-primaria, cientifica; fichas brutas col25, cie04) acceso fragmento-busqueda → pdf-en-linea; URL confirmada o añadida (2); 9 extractos útiles (afirmaciones: —); verificación descargada-parcial. URL del "
3,url,F-0016,primaria,—,Tratado de Ryswick,1697,fr,francesa,M04;M05,"https://archive.org/download/corpsuniverseldi72dumo/corpsuniverseldi72dumo_djvu.txt | https://archive.org/details/corpsuniverseldi72dumo | https://archive.org/details/corpsuniverseldi71dumo (t. VII, parte I)",texto-completo-en-linea,alta,"El texto no menciona expresamente La Española ni la cesión del oeste: España omitió la isla y solo hubo reconocimiento tácito; recogido en Dumont, Corps universel diplomatique t. VII. | F2 2026-10-06: (M05) acceso fragmento-busqueda → texto-completo-en-linea; fiabilidad por-evaluar → alta; URL confirmada o añadida; 3 extractos útiles (afirmaciones: — (solo otros módulos: A-051, A-052, A-053)); ver"
3,url,F-2964,primaria,"Dumont, Jean (compilador); Carlos II y Luis XIV (partes)","Tractatus Induciarum vicennalium inter Carolum Hispaniarum Regem Catholicum et Ludovicum Christianissimum Galliae Regem (Ratisbona, 15-VIII-1684), con ratificación y artículo separado, en Dumont, Corps universel diplomatique, t. VII, parte II, p. 83 ss.",1684 (ed. 1731),la,internacional,M04,https://archive.org/download/corpsuniverseldi72dumo/corpsuniverseldi72dumo_djvu.txt | https://archive.org/details/corpsuniverseldi72dumo,texto-completo-en-linea,alta,"Tregua de veinte años firmada en Ratisbona el 15-VIII-1684 entre Luis XIV y Carlos II de España (paralela a la francoimperial), tras la guerra de las Reuniones. Fiabilidad alta: Texto íntegro del instrumento transcrito por Dumont de una edición impresa. Afirmaciones: A-051, A-053. Verificación: descargada-y-leida (acceso texto-completo-en-linea); consultada 2026-10-07 por el buscador (colonial-pri"
4,url,F-0024,primaria,—,Tratado de Aranjuez,1777,es,espanola,M00;M05;M04,"https://archive.org/download/tratadosconveni00cantgoog/tratadosconveni00cantgoog_djvu.txt | https://archive.org/details/tratadosconveni00cantgoog (ejemplar de la Harvard College Library, escaneo Google)",texto-completo-en-linea,alta,"Primera frontera formal (3-VI-1777): según snippet de prensa el art. 1 fija los límites entre la boca del Dajabón o Masacre y el Pedernales o Anse à Pitre, con 221 pirámides; texto en Cantillo (1843). | F2 2026-10-06: (M00) acceso localizada-bloqueada → pdf-en-linea; fiabilidad por-evaluar → alta; URL confirmada o añadida; módulos añadidos: M00; 3 extractos útiles (afirmaciones: A-009, A-020); ver"
4,url,F-0025,primaria,—,Tratado de Basilea,1795,en,espanola,M00;M05;M06,"https://archive.org/download/tratadosconveni00cantgoog/tratadosconveni00cantgoog_djvu.txt | https://historylab.es/definitive-peace-treaty-concluded-between-king-charles-iv-and-the-french-republic/ (ficha de PARES: AHNOB/PRIEGO,C.16,D.78; no contiene el texto) | https://historylab.es/definitive-peace-treaty-concluded-between-king-charles-iv-and-the-french-republic/ | https://archive.org/details/tra",pdf-en-linea,alta,El art. IX cede a Francia la parte española de la isla; solo se localizó una traducción inglesa. | F2 2026-10-06: (M00) acceso localizada-bloqueada → pdf-en-linea; fiabilidad por-evaluar → alta; URL confirmada o añadida; módulos añadidos: M00; 1 extracto útil (afirmaciones: A-009); verificación descargada-y-leida. | F2 2026-10-06: (M06) acceso pdf-en-linea → texto-completo-en-linea; URL confirmada
4,url,F-1796,primaria,"Cambacérès, Sieyès, Revellière-Lépeaux, Daunou, Louvet (du Loiret), Larivière, Merlin (de Douai), Boissy (firmantes); Cantillo, Alejandro del (ed. 1843)","Instrucción del gobierno francés (Comité de Salvación Pública) al agente interino para la parte española de la isla de Santo Domingo (1795), texto español en Cantillo, Tratados..., 1843, pp. 662-665",1795 (instrucción); 1843 (edición),es,francesa,M05;M06,https://archive.org/download/tratadosconveni00cantgoog/tratadosconveni00cantgoog_djvu.txt | https://archive.org/details/tratadosconveni00cantgoog,texto-completo-en-linea,media,"Cantillo la inserta en la nota (2) al art. 9 de Basilea y dice que el Comité de Salvación Pública nombró comisionado a 'Mr. Roume' (secretario Moussay), que pasó por Madrid antes de embarcar y dio a Godoy conocimiento de sus instrucciones. Fiabilidad media (Documento oficial francés íntegro y firmado, pero conocido solo por la versión española de Cantillo (1843), sin indicación de fecha ni de arch"
5,url,F-0030,primaria,—,Proclamas de Dessalines de la campaña del Este,1805,fr,haitiana,M06,"https://archive.org/details/recueilgnral07hait | https://archive.org/download/recueilgnral07hait/recueilgnral07hait_djvu.txt | http://catalogo.academiadominicanahistoria.org.do/opac-tmpl/files/libros/RodriguezDemoriziEmilio_InvasionesHaitianasDe18011805Y1822.pdf (versión española del Journal y de la Adresse, pp. 105-119) | https://dloc.com/AA00000636/00001 | https://api.dloc.patron.uflib.ufl.edu/A",texto-completo-en-linea,alta,"Vía Rodríguez Demorizi, Invasiones haitianas (1955), y Madiou; originales en los Archives Nationales d'Haïti y en ANOM (series C9A/C9B y colección Moreau de Saint-Méry, F3). | F2 2026-10-06: (M06) acceso no-localizada → texto-completo-en-linea; fiabilidad por-evaluar → alta; URL confirmada o añadida; 32 extractos útiles (afirmaciones: A-071, A-072, A-073, A-074, A-075, A-076, A-077, A-079, A-080, "
5,url,F-0065,primaria,"Dumont, Jean; Cantillo, Alejandro del; Linstant Pradine, Beaubrun; —",Compilaciones documentales impresas: Corps universel diplomatique t. VII; Colección de tratados de paz (1843); Recueil général des lois et actes du gouvernement d'Haïti; CODOIN t. I (1864),1843-1864,varios,internacional,M00;M03;M04;M05;M06;M07;M08;M09;M10,https://archive.org/details/recueilgnral07hait | https://archive.org/details/recueilgnral06hait | https://archive.org/details/recueilgnral05hait | https://archive.org/details/recueilgnral04hait | https://archive.org/details/recueilgnral03hait | https://archive.org/details/recueilgnral02hait | https://archive.org/details/recueilgnral01hait | https://archive.org/details/recueilgnral00hait | https://,texto-completo-en-linea,alta,"Sedes impresas de Ryswick (Dumont), Aranjuez y Basilea (Cantillo), los decretos de Boyer y las proclamas fundacionales (Linstant Pradine) y el Repartimiento de 1514 (CODOIN). | F2 2026-10-06: (M08) acceso no-localizada → texto-completo-en-linea, fiabilidad por-evaluar → alta, URL confirmada o añadida, módulos añadidos: M09; 140 extractos útiles (afirmaciones: A-094, A-095, A-096, A-097, A-099, A-1"
6,url,F-0034,primaria,"Núñez de Cáceres, José",Declaratoria de independencia del Haití Español,1821,es,dominicana,M00;M07,https://allanbrewercarias.com/wp-content/uploads/2021/12/1079.-Brewer.-LA-IDEA-DE-COLOMBIA-Y-LA-DECLARACION-DE-INDEPENDENCIA-DEL-PUEBLO-DOMINICANO-1921.pdf | https://archive.org/download/notesonhaitimade02mack/notesonhaitimade02mack_djvu.txt | https://archive.org/details/notesonhaitimade02mack | https://catalogo.academiadominicanahistoria.org.do/opac-tmpl/files/libros/RodriguezDemoriziEmilio_Santo,texto-completo-en-linea,media,El contenido de ambos PDF no está confirmado. | F2 2026-10-06: (M08) URL retirada de esta fila: catalogo.academiadominicanahistoria.org.do/opac-tmpl/files/opusculos/Opusculo13.pdf no es la Declaratoria sino los Mensajes de la ADH 2020-2022 (ahora F-0704); el PDF de Brewer no se verificó en M08. | F2 2026-10-06: (M00) acceso localizada-bloqueada → pdf-en-linea; fiabilidad por-evaluar → media; URL c
6,url,F-2212,secundaria,"Brewer-Carías, Allan R.","La declaración de independencia del pueblo dominicano en 1821 y la idea de 'Colombia' (ensayo, 7 pp., Academia de Ciencias Políticas y Sociales de Venezuela / sitio del autor, 2021)",2021,es,internacional,M07,https://allanbrewercarias.com/wp-content/uploads/2021/12/1079.-Brewer.-LA-IDEA-DE-COLOMBIA-Y-LA-DECLARACION-DE-INDEPENDENCIA-DEL-PUEBLO-DOMINICANO-1921.pdf,pdf-en-linea,media,"Allan R. Brewer-Carías (UCV, Academia de Ciencias Políticas y Sociales de Venezuela) escribió el ensayo con motivo del bicentenario de 1821 y de su libro sobre la Constitución de Cúcuta (2021). Es un jurista y no historiador del este de La Española; su interés es la historia constitucional de Venezuela y Colombia. Fiabilidad media: Ensayo de un constitucionalista venezolano (profesor emérito de la"
7,nota,F-0038,primaria,Junta Central Gubernativa,Manifiesto del 16 de enero de 1844,1844,es,dominicana,M00;M08;M09,https://www.academiadominicanahistoria.org.do/wp-content/uploads/2022/02/MANIFIESTODEL16DEENERODE1844.pdf | https://revistas.uasd.edu.do/index.php/ecos/article/download/199/158/162 | https://es.wikisource.org/wiki/Manifiesto_del_16_de_enero_de_1844 (transcripción colaborativa; página abierta con 200) | https://memoriahistorica.senadord.gob.do/server/api/core/bitstreams/1e37da81-a220-4605-8eb8-66cc,pdf-en-linea,alta,"Habla de ""causas de su separación de la República Haitiana"", no de independencia; se discute si lo redactó Bobadilla o Sánchez. | F2 2026-10-06: (M08) acceso localizada-bloqueada → pdf-en-linea, fiabilidad por-evaluar → alta, URL confirmada o añadida; 12 extractos útiles (afirmaciones: A-094, A-095, A-096, A-099, A-100, A-101, A-103, A-104, A-107, A-108, A-109, A-111, A-114); verificación descarga"
7,nota,F-0738,secundaria,"Eller, Anne (trad. y presentación)","Boyer Falls, Separation Begins, 1844 (selección de fuentes: Manifiesto del 16-I-1844 y capitulación de Santo Domingo, tomada de Madiou t. VIII)",2013,en,internacional,M08;M09;M11,https://haitidoi.com/wp-content/uploads/2020/08/2013-eller-madiou-1844.pdf,pdf-en-linea,media,"Anne Eller (Yale), autora de We Dream Together; el PDF (4 pp.) es una antología para el curso de 'Haitian Constitutions / Dessalines Reader' alojada en haitidoi.com (Julia Gaffield); fiabilidad media (Lectura de fuentes preparada por una historiadora con traducciones propias (2013); es una antología pedagógica, no un estudio); afirmaciones que toca: A-104, A-107, A-108, A-113, A-114; verificación "
7,autor-titulo+nota,F-0979,primaria,República Dominicana (Congreso y Poder Ejecutivo); ed. oficial Imprenta de García Hermanos,"Colección de Leyes, Decretos y Resoluciones emanadas de los poderes Legislativo y Ejecutivo de la República Dominicana, t. I (1844-1847; ed. oficial 1880) y t. II (ed. 1881)",1880 (t. I); 1881 (t. II),es,dominicana,M08;M09,https://memoriahistorica.senadord.gob.do/server/api/core/bitstreams/1e37da81-a220-4605-8eb8-66cc7289ea6e/content | https://memoriahistorica.senadord.gob.do/server/api/core/bitstreams/4f2aef45-fbba-4f09-a50d-54e259efc7e6/content | https://memoriahistorica.senadord.gob.do/handle/123456789/70166 | https://memoriahistorica.senadord.gob.do/handle/123456789/70167 | https://memoriahistorica.senadord.gob.,texto-completo-en-linea,alta,"Recopilación mandada hacer por decreto del Congreso Nacional de 1854 (Núm. 347 del t. II), que ordenó empezarla 'con el Manifiesto de nuestra SEPARACION de Haití'. Reproduce, con numeración correlativa, el Manifiesto, las comunicaciones del 28 de febrero de 1844 entre el general haitiano Desgrotte y la Junta, la capitulación, lo…; fiabilidad alta (Compilación oficial impresa en 1880 con los textos"
7,autor-titulo,F-1059,primaria,"República Dominicana (Senado Consultor y Poder Ejecutivo; ed. oficial, Santo Domingo, Imprenta del Listín Diario, 1927)","Colección de Leyes, Decretos y Resoluciones, t. IV (1860-1866; ed. Listín Diario, 1927): Ley Núm. 672 de gastos públicos de 1861-62 y decreto Núm. 678 sobre el papel moneda (16-III-1861)",1927 (actos de 1860-1861),es,oficial-rd,M09;M10,https://memoriahistorica.senadord.gob.do/server/api/core/bitstreams/e1211406-1cad-43de-975b-9672cccaedaa/content | https://memoriahistorica.senadord.gob.do/server/api/core/bitstreams/bc31c371-28f7-4ea8-9cd3-2f5f1bf74820/content | https://memoriahistorica.senadord.gob.do/handle/123456789/70399,texto-completo-en-linea,alta,"Tomo cuarto de la Colección (edición oficial de 1927 impresa en el Listín Diario, mandada hacer por decreto de F. A. de Meriño) con los actos de 1860-1866. La Ley Núm. 672 es la última ley de gastos de la Primera República antes de la anexión a…; fiabilidad alta (Texto oficial de la ley y del decreto con fechas y firmas; OCR ruidoso en las líneas de raciones, cuya aritmética (1.500 y 800 hombres a"
7,autor-titulo,F-1316,primaria,"República Dominicana (Congreso Nacional; Manuel de J. Troncoso de la Concha, presidente de la República en ejercicio)","Colección de Leyes, Decretos y Resoluciones emanadas de los poderes Legislativo y Ejecutivo de la República Dominicana, 1940 (tomo 1): Ley n.º 372 sobre Cédula Personal de Identidad (Gaceta Oficial n.º 5524, 21-XI-1940)",1940,es,oficial-rd,M13;M14;M16,https://memoriahistorica.senadord.gob.do/bitstreams/81f75977-7061-44b0-a5a8-5ae0612b4f27/download | https://memoriahistorica.senadord.gob.do/handle/123456789/70685,pdf-en-linea,alta,"Recopilación anual del Poder Legislativo dominicano (tomo 1 del volumen de 1940, 104 MB en el Senado). La Ley 372 reforma el régimen de la cédula personal creado por la Ley 247 de 1931 y la Ley 911 de 1935; la votaron la Cámara (6-XI-1940) y el Senado (13-XI-1940) y la promulgó el presidente en eje… Fiabilidad alta (Compilación oficial de leyes promulgadas; el texto se lee con OCR de calidad media"
8,nota,F-0040,primaria,—,Constitución dominicana de 1844,1844,es,dominicana,M00;M08;M09,https://memoriahistorica.senadord.gob.do/server/api/core/bitstreams/db2a8e82-24b6-4ae5-92f0-f522c628265e/content | https://fc-abogados.com/primera-constitucion-dominicana-la-constitucion-de-1844/ | https://es.wikisource.org/wiki/Constituci%C3%B3n_dominicana_de_1844 | https://archive.org/details/saintdominguetud02lepe | https://memoriahistorica.senadord.gob.do/handle/123456789/70307 | https://es.wi,pdf-en-linea,media,"Contenido exacto no confirmado; copias en la Biblioteca del Congreso RD y en Clío 165 (2003). | F2 2026-10-06: (M09) acceso localizada-bloqueada → pdf-en-linea; fiabilidad por-evaluar → media; URL confirmada o añadida; módulos añadidos: M08; 33 extractos útiles (afirmaciones: A-117, A-119, A-120, A-124, A-125, A-129, A-130, A-131, A-132, A-133, A-134); verificación descargada-y-leida. URL del regi"
8,nota+url,F-0097,secundaria,"Vega Boyrie, Wenceslao",Historia del derecho dominicano; documentos constitucionales,—,es,dominicana,M09;M11;M12;M16,https://bibliotecadelcongreso.gob.do/Libros/0008586.pdf,pdf-en-linea,media,"Historia del derecho; útil para los textos constitucionales dominicanos [POR VERIFICAR]. | F2 2026-10-06: (M09) acceso no-localizada → pdf-en-linea; fiabilidad por-evaluar → media; URL confirmada o añadida; 18 extractos útiles (afirmaciones: A-116, A-117, A-118, A-119, A-120, A-124, A-125, A-127, A-128, A-129, A-130, A-131, A-132, A-133, A-134); verificación descargada-y-leida. El registro describ"
8,nota+url,F-0909,secundaria,"Vega B., Wenceslao","Historia constitucional dominicana (Santo Domingo, Tribunal Constitucional, 2022)",2022,es,oficial-rd,M00;M09,https://bibliotecadelcongreso.gob.do/Libros/0008586.pdf,pdf-en-linea,media,"Wenceslao Vega B., historiador y miembro de la ADH, escribió para el Centro de Estudios Constitucionales del TC un repaso de las constituciones dominicanas desde 1844. Fiabilidad media (Obra de síntesis publicada por el Tribunal Constitucional (con el aviso de que las opiniones son del autor) que cita textualmente…); afirmaciones que toca: A-008, A-009, A-010; verificación descargada-y-leida (acce"
9,autor-titulo,F-0042,primaria,Departamento de Estado de EE. UU.,Foreign Relations of the United States 1861,1861,en,oficial-eeuu,M10,https://raw.githubusercontent.com/HistoryAtState/frus/master/volumes/frus1861.xml | https://history.state.gov/historicaldocuments/frus1861,texto-descargado,alta,"XML TEI del espejo HistoryAtState/frus; solo 6 menciones de Santo Domingo; history.state.gov está bloqueado. Extracto local: 02-fuentes/textos/frus/frus1861-espanola.txt/.xml. | F2 2026-10-06: (M10, ronda 1; lentes cientifica) URL añadida(s): 1; 2 extractos útiles (afirmaciones: A-138); verificación descargada-y-leida."
9,autor-titulo,F-0043,primaria,Departamento de Estado de EE. UU.,"Foreign Relations of the United States 1863, parte 1",1863,en,oficial-eeuu,M10,https://raw.githubusercontent.com/HistoryAtState/frus/master/volumes/frus1863p1.xml,texto-descargado,alta,"XML TEI; 2 menciones de Santo Domingo; los documentos españoles de la anexión están en el AHN de Madrid, sección Ultramar. Extracto local: 02-fuentes/textos/frus/frus1863p1-espanola.txt/.xml."
9,autor-titulo,F-0044,primaria,Departamento de Estado de EE. UU.,"Foreign Relations of the United States 1864, parte 1",1864,en,oficial-eeuu,M10,https://raw.githubusercontent.com/HistoryAtState/frus/master/volumes/frus1864p1.xml,texto-descargado,alta,XML TEI; 2 menciones de Santo Domingo; frus1862p1 devuelve 404. Extracto local: 02-fuentes/textos/frus/frus1864p1-espanola.txt/.xml.
9,autor-titulo,F-0045,primaria,Departamento de Estado de EE. UU.,"Foreign Relations of the United States 1928, vol. I",1928,en,oficial-eeuu,M12,https://raw.githubusercontent.com/HistoryAtState/frus/master/volumes/frus1928v01.xml | https://history.state.gov/historicaldocuments/frus1928v01/d493,texto-descargado,alta,"XML TEI. Subcapítulo ""Dominican Republic and Haiti"" (negociación fronteriza previa al Tratado de 1929) y 28 documentos sueltos. Extracto local: 02-fuentes/textos/frus/frus1928v01-espanola.txt/.xml (35 docs). [VERIFICADO: descargado y extraído] | F2 2026-10-07: (M12, ronda 2; lentes colonial-primaria; consulta de los buscadores 2026-10-07); URL confirmada o añadida; 7 extractos útiles (afirmaciones"
9,autor-titulo,F-0046,primaria,Departamento de Estado de EE. UU.,"Foreign Relations of the United States 1929, vol. I",1929,en,oficial-eeuu,M12;M16,https://raw.githubusercontent.com/HistoryAtState/frus/master/volumes/frus1929v01.xml | https://history.state.gov/historicaldocuments/frus1929v01/d785 | https://history.state.gov/historicaldocuments/frus1929v01/d783,texto-descargado,alta,"XML TEI. Subcapítulo ""Dominican Republic and Haiti"" (negociación y Tratado fronterizo del 21 de enero de 1929) y 14 documentos sueltos. Extracto local: 02-fuentes/textos/frus/frus1929v01-espanola.txt/.xml (18 docs). El vol. II solo contiene una remisión a este volumen. [VERIFICADO: descargado y extraído] | F2 2026-10-06: (M16) verificación descargada-y-leida; 2 extracto(s); toca A-221. Documento d"
9,autor-titulo,F-0047,primaria,Departamento de Estado de EE. UU.,"Foreign Relations of the United States 1930, vol. II",1930,en,oficial-eeuu,M12;M13,https://raw.githubusercontent.com/HistoryAtState/frus/master/volumes/frus1930v02.xml | https://history.state.gov/historicaldocuments/frus1930v02 | https://history.state.gov/historicaldocuments/frus1930v02/d845,texto-descargado,alta,"Volumen verificado con HTTP 200; continuidad del expediente fronterizo. Extracto local: 02-fuentes/textos/frus/frus1930v02-espanola.txt/.xml. | F2 2026-10-06: (M13) URL confirmada o añadida (1 nuevas); Releído en M13 el 2026-10-06 (ronda 2; lentes COL·2): 3 extractos útiles (afirmaciones: A-181); verificación descargada-y-leida. Dato de apertura de A-181 (""discurso inicialmente prohaitiano""): en s"
9,autor-titulo,F-0048,primaria,Departamento de Estado de EE. UU.,"Foreign Relations of the United States 1936, vol. V",1936,en,oficial-eeuu,M13,https://raw.githubusercontent.com/HistoryAtState/frus/master/volumes/frus1936v05.xml | https://history.state.gov/historicaldocuments/frus1936v05,texto-descargado,alta,Volumen verificado con HTTP 200; antecede al expediente 738.39 de 1937-38. Extracto local: 02-fuentes/textos/frus/frus1936v05-espanola.txt/.xml. | F2 2026-10-06: (M13) URL confirmada o añadida (1 nuevas); Releído en M13 el 2026-10-06 (ronda 2; lentes COL·2): 1 extractos útiles (afirmaciones: A-181); verificación descargada-y-leida. Unica referencia a Haiti en el extracto local de FRUS 1936 (el ext
9,autor-titulo,F-0049,primaria,Departamento de Estado de EE. UU.,"Foreign Relations of the United States 1937, vol. V",1937,en,oficial-eeuu,M13,https://raw.githubusercontent.com/HistoryAtState/frus/master/volumes/frus1937v05.xml | https://history.state.gov/historicaldocuments/frus1937v05,texto-descargado,alta,"4,4 MB; capítulo ch5 ""Tender of good offices by the United States, Cuba, and Mexico to conciliate differences between the Dominican Republic and Haiti"", desde el doc. d149, expediente 738.39, con el telegrama Trujillo-Roosevelt del 15-XI-1937 (d154). Extracto local: 02-fuentes/textos/frus/frus1937v05-espanola.txt/.xml. | F2 2026-10-06: (M13) URL confirmada o añadida (1 nuevas); Releído en M13 el 2"
9,autor-titulo,F-0050,primaria,Departamento de Estado de EE. UU.,"Foreign Relations of the United States 1938, vol. V",1938,en,oficial-eeuu,M13,https://raw.githubusercontent.com/HistoryAtState/frus/master/volumes/frus1938v05.xml | https://history.state.gov/historicaldocuments/frus1938v05 | https://history.state.gov/historicaldocuments/frus1938v05/d165 | https://history.state.gov/historicaldocuments/frus1938v05/d169 | https://history.state.gov/historicaldocuments/frus1938v05/d172 | https://history.state.gov/historicaldocuments/frus1938v05/,texto-descargado,alta,"5,4 MB; el mismo tema continúa desde la línea ~17746, con 22 referencias al expediente 738.39; lo publicado en FRUS es una selección del RG 59 de los National Archives. Extracto local: 02-fuentes/textos/frus/frus1938v05-espanola.txt/.xml. | F2 2026-10-06: Extractos adicionales de FRUS 1938 vol. V (indemnización): primer pago de 250.000 USD de la cuenta personal de Trujillo el 26-II-1938; sin refer"
9,autor-titulo,F-0349,primaria,Departamento de Estado de EE. UU. (Office of the Historian),"Foreign Relations of the United States, 1958-1960, vol. V (American Republics): docs. 83, 90, 122 (SNIE 80-59) y 309",1958-1960,en,oficial-eeuu,M13,https://raw.githubusercontent.com/HistoryAtState/frus/master/volumes/frus1958-60v05.xml | https://history.state.gov/historicaldocuments/frus1958-60v05/d122 | https://history.state.gov/historicaldocuments/frus1958-60v05/d309,texto-descargado,alta,"Volumen XML TEI (5,4 MB). Memorándum de conversaciones y documentos de contexto de la crisis del Caribe de 1959 y nota editorial de síntesis de la relación EE. UU.-Haití. Fiabilidad alta: Selección oficial de documentos diplomáticos publicada por el Departamento de Estado; la perspectiva es estadounidense y la selección es editorial. Afirmaciones: A-187. Verificación: descargada-y-leida (texto-des"
9,autor-titulo,F-0373,primaria,Departamento de Estado de EE. UU. (Office of the Historian),"Foreign Relations of the United States, 1947, vol. VIII (The American Republics): doc. 584 (memorándum de Hauch, 15-IX-1947) y cap. 42 (nota editorial; doc. 644)",1947,en,oficial-eeuu,M13,https://history.state.gov/historicaldocuments/frus1947v08/d584 | https://history.state.gov/historicaldocuments/frus1947v08 | https://history.state.gov/historicaldocuments/frus1947v08/ch42 | https://history.state.gov/historicaldocuments/frus1947v08/d644,texto-completo-en-linea,media,Memorándum confidencial del funcionario Charles C. Fiabilidad media: Memorándum interno de un funcionario estadounidense que registra lo que dice el embajador dominicano; sirve de testimonio de lo que Trujillo pensaba o quería hacer creer… Afirmaciones: ninguna. Verificación: descargada-y-leida (texto-completo-en-linea). Consulta 2026-10-06. URL alternativas: https://history.state.gov/historicaldo
9,autor-titulo,F-1311,primaria,Departamento de Estado de EE. UU. (legaciones en Ciudad Trujillo y Puerto Príncipe; Dean Acheson; ministro J. C. White; canciller haitiano Charles Fombrun),"Foreign Relations of the United States, 1942, vol. VI (The American Republics), docs. 388 y 474-477: Convenio Comercial dominico-haitiano de 26-VIII-1941 y la posición del presidente Lescot (enero-marzo de 1942)",1942,en,oficial-eeuu,M13,https://history.state.gov/historicaldocuments/frus1942v06/d388 | https://history.state.gov/historicaldocuments/frus1942v06/d474 | https://history.state.gov/historicaldocuments/frus1942v06/d475 | https://history.state.gov/historicaldocuments/frus1942v06/d476,texto-completo-en-linea,alta,Cinco documentos del Departamento de Estado y de sus legaciones en Haití y en la República Dominicana sobre la cláusula de nación más favorecida frente al Convenio Comercial dominico-haitiano. Muestran la relación Trujillo-Lescot en 1941-1942 desde la óptica estadounidense (la legación en Puerto Pr… Fiabilidad alta (Despachos diplomáticos contemporáneos publicados por la Oficina del Historiador co
9,autor-titulo,F-1312,primaria,Departamento de Estado de EE. UU. (Memoranda de Charles C. Hauch; despacho del encargado de negocios McBride en Puerto Príncipe),"Foreign Relations of the United States, 1948, vol. IX (The Western Hemisphere), docs. 127, 129, 145 y 154: acusaciones cruzadas Trujillo-Haití de enero a agosto de 1948 (embajador haitiano Jean Price-Mars)",1948,en,oficial-eeuu,M13,https://history.state.gov/historicaldocuments/frus1948v09/d145 | https://history.state.gov/historicaldocuments/frus1948v09/d127 | https://history.state.gov/historicaldocuments/frus1948v09/d129 | https://history.state.gov/historicaldocuments/frus1948v09/d154,texto-completo-en-linea,alta,"Cuatro documentos del Departamento de Estado: tres conversaciones del embajador dominicano Luis F. Thomen con funcionarios de ARA (8-I, 21-I y 23-VIII-1948), y el telegrama del encargado de negocios en Puerto Príncipe (26-VII-1948) sobre la nota dominicana de 10-VII-1948 al embajador haitiano Price… Fiabilidad alta (Memoranda de conversación y telegrama contemporáneos con los dichos de cada lado; "
9,autor-titulo,F-1376,primaria,"Departamento de Estado de EE. UU. (Office of the Historian); Hinkle, encargado de negocios en la Republica Dominicana","Foreign Relations of the United States, Diplomatic Papers, 1940, General and Europe, Volume II, doc. 281: telegrama n.º 10 del encargado de negocios Hinkle (Ciudad Trujillo, 30-I-1940, exp. 840.48 Refugees/2048) sobre el contrato con la Dominican Republic Settlement Association",1940 (publ. 1957),en,oficial-eeuu,M13,https://history.state.gov/historicaldocuments/frus1940v02/d281,texto-completo-en-linea,alta,"Telegrama de la Legacion de EE. UU. al Secretario de Estado el dia de la firma: contrato entre el Gobierno dominicano (ministros del Interior y de Agricultura) y la DORSA (James Rosenberg), en presencia de Trujillo, el g… Fiabilidad alta (Telegrama oficial de un testigo presente en la firma del contrato, publicado por el Departamento de Estado; el texto del contrato no se imprime (""Text…) Afirmaci"
9,autor-titulo,F-1377,primaria,"Departamento de Estado de EE. UU. (Office of the Historian); Warren, Avra M. (ministro en la Republica Dominicana)","Foreign Relations of the United States, Diplomatic Papers, 1942, General; the British Commonwealth; the Far East, Volume I, doc. 408: carta del ministro A. M. Warren (Ciudad Trujillo, 28-IX-1942, exp. 840.48 Refugees/3428) al Subsecretario Breckinridge Long, con la carta a James Rosenberg (DORSA) de 10-IX-1942",1942 (publ. 1960),en,oficial-eeuu,M13,https://history.state.gov/historicaldocuments/frus1942v01/d408,texto-completo-en-linea,alta,"El ministro estadounidense en Ciudad Trujillo informa a un alto funcionario del Departamento sobre la politica de refugiados de Trujillo en 1942 y sobre la colonia de Sosua (DORSA); incluye la carta a Rosenberg sobre el… Fiabilidad alta (Carta personal de un diplomatico con acceso directo al regimen, publicada por el Departamento de Estado (extracto); su lectura del presidente es una o…) Afirmacio"
9,autor-titulo,F-2437,primaria,"Departamento de Estado; participantes: Rusk, Martin, canciller Freites (RD)","Foreign Relations of the United States, 1961-1963, Volume XII, American Republics, doc. 385: Memorandum of Conversation (Rusk, Edwin M. Martin y el canciller dominicano Freites; asunto: Haití), Washington, 30 de mayo de 1963",1963,en,oficial-eeuu,M14,https://history.state.gov/historicaldocuments/frus1961-63v12/d385,texto-completo-en-linea,alta,"Memorando de conversación del 30-V-1963 en que Rusk fija cuatro puntos sobre Haití ante el canciller del Gobierno de Bosch; recoge la posición estadounidense y las reacciones de Freites, no un acta bilateral. Fiabilidad alta: Acta interna de una conversación entre el Secretario de Estado y el canciller dominicano, redactada por el lado estadounidense. Afirmaciones: ninguna del módulo. Verificación"
9,autor-titulo,F-2929,primaria,"Departamento de Estado de EE. UU. (Lansing, Colby, Davis); Marina de EE. UU. (Daniels; Snowden, Gobernador Militar); W. W. Russell y J. Brewer (legación en Santo Domingo); Bailly-Blanchard (legación en Haití)","Foreign Relations of the United States, 1920, vol. I, docs. 296-300, 306, 310 y 311 (arbitraje papal de la frontera dominico-haitiana, julio de 1919-diciembre de 1920) y 1921, vol. I, doc. 181 (2-VI-1921)",1919-1921,en,oficial-eeuu,M12,https://raw.githubusercontent.com/HistoryAtState/frus/master/volumes/frus1920v01.xml | https://history.state.gov/historicaldocuments/frus1920v01/d296 | https://history.state.gov/historicaldocuments/frus1920v01/d311 | https://raw.githubusercontent.com/HistoryAtState/frus/master/volumes/frus1921v01.xml,texto-completo-en-linea,alta,"Serie de 16 documentos que reúne la correspondencia de 1919-1920 entre el Gobierno Militar de Santo Domingo, el Departamento de Estado, el Departamento de Marina y las legaciones en Puerto Príncipe y Santo Domingo sobre cómo fijar la frontera entre Haití y la RD. Sus autores eran los funcionarios de la ocupación; Fiabilidad alta: Expedientes diplomáticos con signatura (738.3915/198-218) en edición"
10,url,F-0069,secundaria,"Peña Batlle, Manuel Arturo",Historia de la cuestión fronteriza domínico-haitiana; El sentido de una política; Política de Trujillo,1946; 1942/43; 1954,es,dominicana,M00;M04;M05;M06;M07;M09;M10;M11;M12;M13;M03,https://catalogo.academiadominicanahistoria.org.do/cgi-bin/koha/opac-detail.pl?biblionumber=11878 | https://catalogo.academiadominicanahistoria.org.do/cgi-bin/koha/opac-detail.pl?biblionumber=3385 | https://catalogo.academiadominicanahistoria.org.do/cgi-bin/koha/opac-detail.pl?biblionumber=10342 | https://catalogo.academiadominicanahistoria.org.do/opac-tmpl/files/ppcodice/Clio-1955-023-102-001-012,texto-descargado,media,"Hispanista e ideólogo trujillista, principal artífice de la ""dominicanización de la frontera""; define lo dominicano como hispano-católico frente a Haití; su papel ideológico [VERIFICADO], títulos y fechas [POR VERIFICAR]; quizá ya en dominio público en RD (m. 1954, no verificado). | F2 2026-10-06: Texto del discurso de Elías Piña (16-XI-1942; impreso por La Nación en 1943) en archive.org con la fr"
10,url,F-0075,secundaria,"Moya Pons, Frank",La dominación haitiana 1822-1844; Manual de historia dominicana; La otra historia dominicana,1972; 1977; 2008,es,dominicana,M00;M08;M13,https://catalogo.academiadominicanahistoria.org.do/cgi-bin/koha/opac-detail.pl?biblionumber=8377 | https://catalogo.academiadominicanahistoria.org.do/cgi-bin/koha/opac-detail.pl?biblionumber=11584 | https://repository.duke.edu/dc/radiohaiti/RL10059-RR-0072_01 | https://doi.org/10.1215/00182168-56.3.467 | https://academiadominicanahistoria.org.do/wp-content/uploads/2017/07/MoyaPons.pdf | https://ca,bajo-derechos,media,"Liberal-académica, puente con Haití: ""no nos sirve vivir de espaldas a nuestra historia""; estima 377.559 taínos en 1494 (censo de 1508 más un tercio) y unos 18.000 muertos en 1937; La dominación haitiana [VERIFICADO], los otros dos títulos [POR VERIFICAR]. | F2 2026-10-06: (M08) acceso localizada-bloqueada → bajo-derechos, URL confirmada o añadida; 4 extractos útiles (afirmaciones: A-094, A-100, A"
10,url,F-0093,secundaria,"Lora Hugi, Quisqueya",Transición de la esclavitud al trabajo libre en Santo Domingo: el caso de Higüey (1822-1827),2012,es,dominicana,M08,https://catalogo.academiadominicanahistoria.org.do/cgi-bin/koha/opac-detail.pl?biblionumber=4476 | https://history.princeton.edu/people/quisqueya-lora,bajo-derechos,alta,"Historia social revisionista (ADH): tras la abolición haitiana la mayoría de los libertos siguió con sus antiguos amos bajo contrato y con pago en trueque [VERIFICADO]. | F2 2026-10-06: (M08) acceso fragmento-busqueda → bajo-derechos, fiabilidad media → alta, URL confirmada o añadida; 1 extractos útiles (afirmaciones: A-094, A-097, A-101); verificación solo-localizada. CORRECCIÓN: la URL registrad"
10,url,F-0105,secundaria,"Tejera, Emilio",Palabras indígenas de la isla de Santo Domingo,—,es,dominicana,M00;M01;M16,https://catalogo.academiadominicanahistoria.org.do/cgi-bin/koha/opac-detail.pl?biblionumber=377 | https://catalogo.academiadominicanahistoria.org.do/cgi-bin/koha/opac-detail.pl?biblionumber=8297 | https://academiadominicanahistoria.org.do/wp-content/uploads/2017/07/TejeraBonetti.pdf | https://catalogo.academiadominicanahistoria.org.do/opac-tmpl/files/ppcodice/Clio-1941-009-049-050-147.pdf,archivo-fisico,media,"Obra de referencia sobre taínismos del español dominicano (hamaca, canoa, huracán, barbacoa, batey, bohío, conuco, casabe, yuca, maní, ají, cacique) [POR VERIFICAR]. | F2 2026-10-06: (M16) verificación solo-localizada; 3 extracto(s); toca A-254, A-255. Corrige el registro F-0105: el autor es Emiliano Tejera Penson (con adiciones de su hijo Emilio Tejera Bonetti), no ""Emilio Tejera""; año 1935 (reed"
10,url,F-0700,secundaria,"Tejera Penson, Emiliano","Indigenismos (Santo Domingo: Sociedad Dominicana de Bibliófilos, serie n.º 11, 1977, 2 vols.: A-G, 745 pp.; H-Z)",1977,es,dominicana,M00;M16,https://catalogo.academiadominicanahistoria.org.do/cgi-bin/koha/opac-detail.pl?biblionumber=385,archivo-fisico,media,"Edición póstuma del léxico de Emiliano Tejera en la serie de la Sociedad Dominicana de Bibliófilos; el registro no dice si es la misma obra que Palabras indígenas ampliada. Fiabilidad media: Obra de referencia en dos volúmenes; solo se leyó la ficha del catálogo de la ADH. Toca A-254, A-255. Verificación solo-localizada (acceso archivo-fisico); consulta 2026-10-06 (ronda 2, CIE). | F2 2026-10-06: "
10,url,F-0801,secundaria,"Utrera, Cipriano de (fray), 1886-1958",Universidades de Santiago de la Paz y de Santo Tomás de Aquino y Seminario Conciliar de la ciudad de Santo Domingo de la Isla Española,1932,es,dominicana,M08;M02;M07,https://catalogo.academiadominicanahistoria.org.do/cgi-bin/koha/opac-detail.pl?biblionumber=9071 | https://catalogo.academiadominicanahistoria.org.do/opac-tmpl/files/ppcodice/CLIO-2004-168-245-264.pdf | https://agn.gob.do/wp-content/uploads/2025/07/BAGN_2007_No_117.pdf,archivo-fisico,alta,"Ficha del catálogo Koha de la Biblioteca Vetilio Alfau Durán de la Academia Dominicana de la Historia (consulta 2026-10-06; la ficha no trae enlace a PDF). Utrera (1886-1958, según el registro de autoridad del catálogo) publicó el libro en 1932 en…; fiabilidad alta (Monografía documental clásica de un historiador de la época colonial (no leída): solo se confirmó su ficha bibliográfica y que dos pu"
10,url,F-0808,secundaria,"Herrera Cabral, César A. (1910-1988)",La reinstalación de la Universidad de Santo Tomás de Aquino en 1815,1975 (ficha ADH); 1987 según Núñez Asencio y la ronda 1,es,dominicana,M08,https://catalogo.academiadominicanahistoria.org.do/cgi-bin/koha/opac-detail.pl?biblionumber=15458,archivo-fisico,media,"Ficha del catálogo Koha de la Biblioteca Vetilio Alfau Durán de la Academia Dominicana de la Historia (consulta 2026-10-06; la ficha no trae enlace a PDF). El folleto consta como Santo Domingo: Editora Taller, 1975, 59 páginas, en la «Colección…; fiabilidad media (Opúsculo de 59 páginas que no se pudo leer: solo se confirma que existe y su tesis, que llega por un resumen de prensa de Núñez Asencio"
10,url,F-0845,divulgacion,"Pereyra, Emilia (n. 1963)",Resistencia cultural en la dominación haitiana,2020,es,dominicana,M08,https://catalogo.academiadominicanahistoria.org.do/cgi-bin/koha/opac-detail.pl?biblionumber=7807 | https://www.elcaribe.com.do/gente/cultura/el-libro-vive/resistencia-cultural-en-la-dominacion-haitiana/,archivo-fisico,media,"Ficha del catálogo Koha de la Biblioteca Vetilio Alfau Durán de la Academia Dominicana de la Historia (consulta 2026-10-06; la ficha no trae enlace a PDF). Emilia Pereyra (1963-, según la ficha) publica el libro en 2020 en la Colección del Banco…; fiabilidad media (Ensayo histórico divulgativo de una periodista y novelista, publicado por el Banco Central; no se leyó, y la reseña de El Caribe devol"
10,url,F-1558,secundaria,"Nouel, Carlos (1833-1905)","Historia eclesiástica de la Arquidiócesis de Santo Domingo, primada de América (3 vols., Roma, Officina Poligráfica Italiana, 1913-1914; facsímil, Sociedad Dominicana de Bibliófilos, 1979)",1913-1914,es,dominicana,M08,https://catalogo.academiadominicanahistoria.org.do/cgi-bin/koha/opac-detail.pl?biblionumber=8209,archivo-fisico,alta,"Obra clásica sobre la Iglesia dominicana con documentos del archivo arzobispal; Demorizi (F-0071, p. 311) la cita («vol. III, p. 17») sobre las desavenencias que causó la ley del 8-VII-1824 y (p. 313) sobre la Iglesia bajo Boyer.… Fiabilidad alta (Historia eclesiástica de un sacerdote dominicano con acceso al archivo arzobispal [POR VERIFICAR]; no se leyó.) Afirmaciones que toca: A-098, A-099, A-1"
10,url,F-1561,secundaria,"Hidalgo, Dennis R.","La primera inmigración de negros libertos norteamericanos y su asentamiento en la Española (1824-1826) (Academia Dominicana de la Historia, vol. 128)",2016,es,dominicana,M08,https://catalogo.academiadominicanahistoria.org.do/cgi-bin/koha/opac-detail.pl?biblionumber=3916,localizada-bloqueada,alta,"Dennis R. Hidalgo, autor estadounidense, publicado por la ADH en 2016 (Santo Domingo, 245 pp.); capítulos sobre Loring D. Dewey y la Sociedad Americana de Colonización, la emigración a Haití, «La supremacía haitiana y los americanos» (programa agrario y laboral de Boyer;… Fiabilidad alta (Libro de la Academia Dominicana de la Historia (245 pp.) que traduce y amplía la tesis de Central Michigan de "
10,url,F-2157,secundaria,"Moya Pons, Frank (ed.); Flores Paz, Rosario (ed.); contiene artículos de Rosenblat, Ángel y otros [POR VERIFICAR el índice]","Los taínos en 1492. El debate demográfico (antología editada por Frank Moya Pons y Rosario Flores Paz; Santo Domingo: Academia Dominicana de la Historia, vol. 103, 2013, 406 pp.)",2013,es,dominicana,M01,https://catalogo.academiadominicanahistoria.org.do/cgi-bin/koha/opac-detail.pl?biblionumber=3594,archivo-fisico,media,"Antología publicada por la Academia Dominicana de la Historia en 2013 (vol. 103 de su serie) y preparada por su presidente de entonces, Frank Moya Pons, con Rosario Flores Paz. Fiabilidad media: Antología de la ADH editada por quien presidía la institución (2010-2013) y reunía el debate demográfico; no se ha podido leer, la fiabilidad es la esperable de una antología con introducción crítica. Afir"
10,url,F-2158,secundaria,"Vega, Bernardo","Los cacicazgos de la Hispaniola (Santo Domingo: Fundación Cultural Dominicana; 2.ª ed. 1987, ed. José Chez Checo; 3.ª ed. 1990, 89 pp.; 1.ª ed. [fecha no confirmada])",1990,es,dominicana,M01,https://catalogo.academiadominicanahistoria.org.do/cgi-bin/koha/opac-detail.pl?biblionumber=3941,archivo-fisico,media,"Bernardo Vega Boyrie, economista e historiador, director del Museo del Hombre Dominicano (1978-1982). El libro estudia la geografía política indígena de La Española a partir de los cronistas; la Fundación Cultural Dominicana, que él presidía, lo publicó y reimprimió. Interés: precisar el número y los límites de los cacicazgos. Fiabilidad media: Libro monográfico de un arqueólogo-historiador recono"
10,url,F-2159,secundaria,"Cassá, Roberto","Los taínos de La Española (Santo Domingo: Editora de la UASD, 1974, 272 pp.; Colección Historia y Sociedad n.º 11; edición a cargo de Emilio Cordero Michel)",1974,es,dominicana,M01;M02,https://catalogo.academiadominicanahistoria.org.do/cgi-bin/koha/opac-detail.pl?biblionumber=9746 | https://archive.org/details/roberto-cassa-los-tainos-de-la-espanola | https://archive.org/download/roberto-cassa-los-tainos-de-la-espanola/Roberto%20Cass%C3%A1%20-%20Los%20ta%C3%ADnos%20de%20La%20Espa%C3%B1ola_djvu.txt | https://archive.org/download/roberto-cassa-los-tainos-de-la-espanola/Roberto%20C,texto-completo-en-linea,media,"Roberto Cassá (n. 1948), historiador dominicano; libro de la Universidad Autónoma de Santo Domingo con edición de Emilio Cordero Michel; la reseña de Ecos 1993 (M01-N07) sitúa 'Los indios de las Antillas' (1992) como su desarrollo marxista, y la HGPD t. I lo cita en su bibliografía (p. 241). Fiabilidad media: Obra temprana (el autor tenía unos 26 años) de un historiador de primer orden y con enfoq"
10,url,F-2974,primaria,"República Dominicana (Comisión del Centenario); Peña Batlle, Manuel Arturo (dir.)","Recopilación diplomática relativa a las colonias española y francesa de la isla de Santo Domingo, 1640-1701 (Colección Trujillo, Centenario de la República, 1844-1944, Serie 3, vol. 1; Santiago de los Caballeros, Editorial El Diario, 1944; xlviii + 434 pp.)",1944,es,oficial-rd,M04;M05,https://catalogo.academiadominicanahistoria.org.do/cgi-bin/koha/opac-detail.pl?biblionumber=3186 | https://catalogo.academiadominicanahistoria.org.do/cgi-bin/koha/opac-detail.pl?biblionumber=2691,archivo-fisico,media,"Obra de la Colección Trujillo del Centenario (1944), dirigida por Manuel Arturo Peña Batlle, con documentos sobre las relaciones entre las colonias francesa y española de la isla. Fiabilidad media: Edición oficial dominicana de documentos diplomáticos franceses y españoles de 1640-1701 dirigida por Peña Batlle. Afirmaciones: A-050, A-052, A-053. Verificación: solo-localizada (acceso archivo-fisico"
10,url,F-3088,secundaria,"Utrera, Cipriano de (O.M. Cap.)","«In Apostolatus Culmine»: bula mítica de Paulo Tercero (Ciudad Trujillo: Tip. «Franciscana», 1938), 389 pp.",1938,es,dominicana,M02;M07;M08,https://catalogo.academiadominicanahistoria.org.do/cgi-bin/koha/opac-detail.pl?biblionumber=10473,archivo-fisico,media,"Registro del catálogo de la Biblioteca Vetilio Alfau Durán (ADH): 389 pp., 21,2 cm, Colección personal «VAD» (acceso restringido). Subjects: bulas pontificias, Derecho canónico, España-Colonias-Fuentes, Iglesia Católica-América. Es la «bula mítica» que cita Beltrán de Heredia en la nota 8 (F-3006). Fiabilidad media: Monografía polémica de un erudito, contra la autenticidad de la bula; no se pudo l"
10,url,F-3089,primaria,"Universidad de Santo Domingo; Ortega Frier, Julio (estudio introductorio, según un resumen de búsqueda web no verificado)","La Bula In Apostolatus Culmine del Papa Paulo III, en virtud de la cual fue erigida y fundada la Universidad de Santo Domingo, Primada de América (Ciudad Trujillo: Editora Montalvo, 1944; Publicaciones de la UASD, vol. 27), 72 pp.",1944,es,dominicana,M02;M07;M08,https://catalogo.academiadominicanahistoria.org.do/cgi-bin/koha/opac-detail.pl?biblionumber=15046,archivo-fisico,media,"Registro del catálogo de la ADH: folleto, 72 pp., 23,8 cm, Colección personal. Una búsqueda en Berkeley (lawcat, no abierta: HTTP 403) lo describe como edición políglota (latín, español, inglés, francés y portugués) con un ensayo de Julio Ortega Frier [POR VERIFICAR: dato de resultado de búsqueda, no leído]. Fiabilidad media: Edición oficial de la universidad interesada, con el texto de la bula en"
10,url,F-3090,secundaria,"Rodríguez Cruz, Águeda María","La bula In Apostolatus Culmine, erectora de la Universidad de Santo Domingo, primada de América: su autenticidad y legitimidad (Santo Domingo: Editora Universitaria UASD, 2002), 41 pp.",2002,es,dominicana,M02,https://catalogo.academiadominicanahistoria.org.do/cgi-bin/koha/opac-detail.pl?biblionumber=5007,archivo-fisico,media,"Registro del catálogo de la ADH: 41 pp., con contenido «la Bula; la discutida primacía fundacional universitaria de América; la Universidad de Santo Domingo, decana de América». Es la discusión más reciente en el catálogo de la ADH sobre la autenticidad y la primacía frente a San Marcos. Fiabilidad media: Opúsculo de una historiadora dominica con interés institucional; solo se vio el registro, no "
11,url,F-0073,secundaria,"Franco, Franklin J.","Los negros, los mulatos y la nación dominicana",1969 (ingl. Routledge 2015),es,dominicana,M00;M03;M11;M13,https://mixedracestudies.org/?p=48533 | https://firstblacks.org/en/?p=2561 | https://revistas.uasd.edu.do/index.php/ecos/article/download/195/154/158 | https://www.routledge.com/products/9781138784994,bajo-derechos,media,"Marxista, fundador de los estudios étnicos dominicanos: pone a los afrodescendientes y la esclavitud en el centro de la historia nacional y rompe con la historia de élites [VERIFICADO]. | F2 2026-10-06: La URL alterna del registro (Estudios Sociales 8/8/15) es Franklin Franco, 'El racismo, las migraciones y los problemas de la identidad nacional en República Dominicana' (Estudios Sociales 158, 201"
11,url,F-1214,terciaria,Dominican Today (redacción); repost: Mixed Race Studies,"Legislation eradicates Dominican “Indians” (Dominican Today, 11-XI-2011; repost en Mixed Race Studies, 31-I-2012)",2011,en,internacional,M16,https://www.mixedracestudies.org/?p=20308,texto-completo-en-linea,baja,Mixed Race Studies (sitio académico de estudios de «raza mixta») republicó el 31-I-2012 un fragmento del artículo de Dominican Today (diario en inglés de Santo Domingo) del 11-XI-2011. Fiabilidad baja: Repost parcial de un artículo cuyo original en dominicantoday.com devuelve 404; sirve solo como índice del titular y de las primeras líneas. Toca A-226. Verificación descargada-y-leida (acceso texto
12,url,F-0081,secundaria,"Candelario, Ginetta",Black Behind the Ears,2007,en,dominicana,M00;M15;M16;M13,https://www.h-net.org/reviews/showrev.php?id=22965 | https://muse.jhu.edu/book/68694 | https://www.dukeupress.edu/black-behind-the-ears,via-resena,media,"Diaspórica y sociológica: ""indio"" e ""hispano"" funcionan como vehículos de soberanía frente a España, Haití y EE. UU.; el pelo pesa más que la piel en la clasificación racial [VERIFICADO]. | F2 2026-10-06: (M16) verificación solo-localizada; 2 extracto(s); toca A-226. Confirma la ficha del registro (sobre 'indio' como vehículo de soberanía frente a España, Haití y EE. Ronda 2 (2026-10-06): verifica"
12,url,F-3097,secundaria,"Pelegrino, Alexandre (Vanderbilt University)","Reseña de: Erin Woodruff Stone, Captives of Conquest: Slavery in the Early Modern Spanish Carribean [sic] (H-LatAm, diciembre de 2022)",2022,en,internacional,M02;M03,https://www.h-net.org/reviews/showrev.php?id=57462 | https://networks.h-net.org/node/23910/reviews/12001776/pelegrino-stone-captives-conquest-slavery-early-modern-spanish,texto-completo-en-linea,media,"Alexandre Pelegrino (Vanderbilt University) escribió la reseña para H-LatAm (diciembre de 2022), por encargo de Casey M. Lurtz (Johns Hopkins). El texto abierto (H-Net) describe el libro de 288 pp., ISBN 978-0-8122-5310-8, y sitúa su aporte en la historia de la esclavitud indígena en América. Fiabilidad media: Reseña editada de H-Net en abierto, con resumen capítulo por capítulo; el reseñista pert"
13,url,F-0101,secundaria,"Batista Lemaire, Olivier",Historia social de la dominación haitiana (1822-1844),2025,es,dominicana,M08,https://www.academiadominicanahistoria.org.do/wp-content/uploads/2025/06/NotadePrensa.pdf | https://acento.com.do/cultura/circula-el-libro-historia-social-de-la-dominacion-haitiana-1822-1844-de-olivier-batista-lemaire-9512257.html | https://catalogo.academiadominicanahistoria.org.do/cgi-bin/koha/opac-detail.pl?biblionumber=12695,via-resena,media,"Nacional-hispanista (ADH/AGN): nueve capítulos sobre las ""invasiones"" y la resistencia hispano-dominicana; Moya Pons la elogió como insuperable ""en décadas"" [VERIFICADO]. | F2 2026-10-06: (M08) acceso localizada-bloqueada → via-resena; 5 extractos útiles (afirmaciones: A-101, A-107, A-115); verificación descargada-y-leida. Solo nota de prensa de la ADH y su reproducción en Acento; el libro no está"
13,url,F-0400,primaria,Academia Dominicana de la Historia / Servicios de Acento.com.do,"Circula el libro 'Historia social de la dominación haitiana (1822-1844)', de Olivier Batista Lemaire (nota de prensa de la Academia Dominicana de la Historia y crónica de Acento)",2025,es,oficial-rd,M08;M16;M07,https://www.academiadominicanahistoria.org.do/wp-content/uploads/2025/06/NotadePrensa.pdf | https://acento.com.do/cultura/circula-el-libro-historia-social-de-la-dominacion-haitiana-1822-1844-de-olivier-batista-lemaire-9512257.html,pdf-en-linea,media,"Academia Dominicana de la Historia y Archivo General de la Nación (editores), junio de 2025; el acto de puesta en circulación se celebró poco antes del 18 de junio de 2025 (fecha de la crónica de Acento; el día exacto [POR VERIFICAR]), con Frank Moya Pons… Fiabilidad media: Nota institucional de la Academia, de carácter promocional del libro; la obra misma no se leyó y la valoración es de Moya Pon"
14,url,F-0116,secundaria,"Hector, Michel (ed.)",Genèse de l'État haïtien (1804-1859),2009,fr,haitiana,M06;M07;M08;M09;M10,https://books.openedition.org/editionsmsh/9766 | https://books.openedition.org/editionsmsh/9723 | https://books.openedition.org/editionsmsh/9776 | https://books.openedition.org/editionsmsh/person/9729 | https://oalib-perpustakaan.upi.edu/Record/doab_20_500_12854_48373/SMS | https://books.openedition.org/editionsmsh/9737 | https://doi.org/10.4000/books.editionsmsh.9723 | https://books.openedition.o,texto-completo-en-linea,alta,"Historia social; sin tesis extraída [POR VERIFICAR]. | F2 2026-10-06: (M08) acceso no-localizada → texto-completo-en-linea, fiabilidad por-evaluar → alta, URL confirmada o añadida; 5 extractos útiles (afirmaciones: A-098, A-099, A-101, A-107, A-110, A-113, A-115); verificación descargada-parcial. Resuelve no-localizada: OpenEdition Books y DOAB (lectura freemium; capítulos leídos solo en resumen)."
14,url,F-0735,secundaria,"Théodat, Jean-Marie","État et territoire : la question de la naissance de la République dominicaine (en Genèse de l'État haïtien, pp. 297-309)",2009,fr,haitiana,M05;M06;M07;M08;M09;M04,https://books.openedition.org/editionsmsh/9766 | https://books.openedition.org/editionsmsh/9723 | https://web.archive.org/web/20240604174709/https://books.openedition.org/editionsmsh/9766 | https://doi.org/10.4000/books.editionsmsh.9766 | https://doi.org/10.4000/books.editionsmsh.9723,texto-completo-en-linea,alta,"Jean-Marie Théodat, geógrafo y profesor en la Sorbona (Paris 1) y la Université d'État d'Haïti, autor de 'Haïti–République dominicaine: une île pour deux, 1804-1916' (Karthala, 2003); fiabilidad alta (Geógrafo haitiano (Paris 1 y UEH) con tesis doctoral sobre las relaciones haitiano-dominicanas; capítulo breve de síntesis sin aparato de archivo; leído vía WebFetch…); afirmaciones que toca: A-100, "
15,nota+url,F-0119,secundaria,"Denis, Watson",La négation du droit à la nationalité en République Dominicaine; coed. de Terreurs de frontière,2021,fr,haitiana,M13;M16,https://wm.edu/as/news/2021-2022/hist-richard-turits-and-lauren-derby.php | https://www.wm.edu/as/globalstudies/latinamerican/news/new-book-publication-by-richard-turits-and-lauren-derby.php,texto-completo-en-linea,media,"Historia internacional (UEH, CREHSO): apatridia de los dominicanos de ascendencia haitiana; publica testimonios de 1937 en kreyòl [VERIFICADO]. | F2 2026-10-06: Nota institucional de W&M: Watson Denis (UEH) editó y prologó Terreurs de frontière (2021). Verificación: descargada-y-leida; 1 extractos; afirmaciones: ninguna. Acceso fijado en via-resena (no texto-completo-en-linea): solo se leyó una no"
15,nota+url,F-0137,secundaria,"Derby, Lauren y Turits, Richard L. (ed. Watson Denis)",Terreurs de frontière: le massacre des Haïtiens en RD en 1937,2021,fr,internacional,M13;M16,https://wm.edu/as/news/2021-2022/hist-richard-turits-and-lauren-derby.php | https://www.wm.edu/as/globalstudies/latinamerican/news/new-book-publication-by-richard-turits-and-lauren-derby.php | https://international.ucla.edu/LAI/article/266097,via-resena,media,"Historia oral con testimonios en kreyòl: antes de 1937 la frontera era integrada e igualitaria; Premio de traducción LASA; el título ""Temwayaj Kout Kouto"" no apareció en ninguna búsqueda [VERIFICADO el libro]. | F2 2026-10-06: Libro confirmado por las notas de W&M (17-II-2022); 'relative socio-economic equality' como tesis; contenido y testimonios en kreyòl no leídos. Verificación: descargada-parc"
16,url,F-0132,secundaria,"Ferrer, Ada",Freedom's Mirror,2014,en,internacional,M06,https://books.google.com/books?id=Q8STBQAAQBAJ,fragmento-busqueda,alta,"Cuba y Haití como espejos en la era revolucionaria [POR VERIFICAR]. | F2 2026-10-06: (M06) acceso no-localizada → fragmento-busqueda; fiabilidad por-evaluar → alta; URL confirmada o añadida; 2 extractos útiles (afirmaciones: A-067, A-068); verificación descargada-parcial."
16,url,F-0251,portal,—,Google Books,—,varios,internacional,M00,https://books.google.com/books?id=PLCAUk6E3_cC | https://www.googleapis.com/books/v1/volumes?q=Quisqueya | https://books.google.com,fragmento-busqueda,media,Bloqueado; API conocida googleapis.com/books/v1/volumes?q=...&filter=full; no ofrece texto plano. | F2 2026-10-06: (M00) acceso localizada-bloqueada → fragmento-busqueda; URL confirmada o añadida; 0 extractos; verificación solo-localizada.
16,url,F-1400,primaria,"República Dominicana, Dirección General de Estadística",Anuario estadístico de la República Dominicana (número de 1940),1940,es,oficial-rd,M13,https://books.google.com/books?id=ICAMAQAAMAAJ,archivo-fisico,alta,"DGE, Dirección General de Estadística Nacional, Ciudad Trujillo, 1940; ficha de la edición «Issue 2». Ejemplar en bibliotecas de EE. Fiabilidad alta (Anuario oficial de la DGE; se confirma su existencia por la ficha de Google Books (sin texto: «No eBook available», solo fragmentos); su contenido se…) Afirmaciones que toca: A-166, A-188, A-189. Verificación solo-localizada (acceso archivo-fisico), "
16,url,F-1401,primaria,"República Dominicana, Dirección General de Estadística (Sección de Publicaciones)",Población de la República Dominicana según las sucesivas modificaciones territoriales a partir del 13 de mayo de 1935 [...] hasta el 1° de enero de 1946,1946,es,oficial-rd,M13,https://books.google.com/books?id=8-TGAAAAMAAJ,archivo-fisico,alta,"DGE, Ciudad Trujillo, 1946, con índice alfabético de comunes y distritos municipales y notas sobre el método de la población probable (según la ficha de la ONU, S14). Fiabilidad alta (Volumen oficial de la DGE (354 pp.) con la población de 1935 distribuida por cabeceras y secciones según los cambios territoriales; se confirma su exi…) Afirmaciones que toca: A-188. Verificación solo-localizada (acc"
16,url,F-1402,secundaria,"Nicasio, Irma","Historia, metodología y organización de los censos en República Dominicana, 1920-1993",1998,es,oficial-rd,M13,https://books.google.com/books?id=LtlCAAAAYAAJ,archivo-fisico,media,"Oficina Nacional de Estadística (ONE), Santo Domingo, 1998; autora Irma Nicasio. Descripción: conceptos, definiciones y variables investigadas en los censos. Fiabilidad media (Obra de la propia ONE sobre la historia censal (129 pp.); se confirma su existencia por la ficha de Google Books; no se pudo leer) Afirmaciones que toca: A-188, A-189. Verificación solo-localizada (acceso archivo-fisico), co"
16,url,F-1403,primaria,"República Dominicana, Oficina del General Receptor de Aduanas","Report of the ... Fiscal Period, Dominican Customs Receivership under the American-Dominican Convention [...] together with Summary of Commerce (registro de Google Books que incluye el año civil 1937)",1933,en,oficial-eeuu,M13,https://books.google.com/books?id=hLe3reKaAA8C | https://books.google.com/books?id=hLe3reKaAA8C&q=Haitian&hl=en | https://books.google.com/books?id=hLe3reKaAA8C&q=Haitians&hl=en | https://books.google.com/books?id=hLe3reKaAA8C&q=immigrants&hl=en,fragmento-busqueda,baja,"Registro de Google Books de la serie de informes del General Receptor; los «common terms» incluyen «calendar year 1937», «deputy receivers», «Dajabón», «Monte Cristi», «Haiti» y «nationality of vessels». Fiabilidad baja (Solo se ve el recuento de páginas con una palabra y la nube de términos de Google; el volumen no tiene vista previa y el año del registro (1933) no co…) Afirmaciones que toca: A-1"
16,url,F-1817,secundaria,"Girard, Philippe R.","The Slaves Who Defeated Napoléon: Toussaint Louverture and the Haitian War of Independence, 1801-1804",2011,en,internacional,M06,https://books.google.com/books?id=03XSP22p3kgC,fragmento-busqueda,alta,"Philippe R. Girard escribe una historia militar y política de la guerra de independencia desde el punto de vista del ejército francés y de Bonaparte, con tesis revisionistas sobre la política de emancipación napoleónica y sobre Dessalines. Fiabilidad alta (Monografía de University of Alabama Press con archivos del SHD, AN, ANOM, BNA y papeles Rochambeau (Univ. of Florida) citados por caja; solo se"
16,url,F-1818,secundaria,"Jenson, Deborah","Beyond the Slave Narrative: Politics, Sex, and Manuscripts in the Haitian Revolution",2011,en,internacional,M06,https://books.google.com/books?id=UF6xgqsY-kUC,fragmento-busqueda,alta,Deborah Jenson (Duke) estudia la 'autoría' de las proclamas haitianas y su recepción en la prensa de EE.UU. Es la única obra leída que cita en francés el texto del arrêté de Ferrand del 6-I-1805 (CARAN CC9a/40) y que lee explícitamente a Dessalines en 1805 dirigiéndose a los 'indigènes espagnoles' como descendientes de los indios. Escribe desde los estudios literarios. Fiabilidad alta (Monografía 
16,url,F-1820,secundaria,"Popkin, Jeremy D.",You Are All Free: The Haitian Revolution and the Abolition of Slavery,2010,en,internacional,M06,https://books.google.com/books?id=U8IHym0hoQwC,fragmento-busqueda,alta,"Jeremy Popkin reconstruye la cadena de decisiones que condujo a la abolición de 1793-1794 y a su reversión por Bonaparte; es citado por Ulrickson y Nessler como referencia de la emancipación francesa. Fiabilidad alta (Monografía de Cambridge UP sobre el proceso legislativo y militar de la abolición de 1793-1794, con notas por documento; solo se leyó un fragmento.) Afirmaciones que toca: A-082. Ver"
16,url,F-1892,secundaria,"Deive, Carlos Esteban","Las emigraciones dominicanas a Cuba (1795-1808) (Santo Domingo: Fundación Cultural Dominicana, 1989)",1989,es,internacional,M06,https://books.google.com/books?id=xWEYAAAAYAAJ | https://books.google.com/books?id=keJ0tAEACAAJ,bajo-derechos,alta,"Carlos Esteban Deive, historiador y antropólogo [datos biográficos no verificados], autor de la base documental citada para la emigración tras Basilea (archivos cubanos). Registro hallado en la API de feeds de Google Books (id xWEYAAAAYAAJ y keJ0tAEACAAJ, 'view_no_pages'). Fiabilidad alta (Monografía de referencia citada por Nessler (2011, p. 241 n. 67: 'pp. 91-102'), por Mareite y por Núñez Asenc"
16,url,F-2757,secundaria,"Hartlyn, Jonathan","The Struggle for Democratic Politics in the Dominican Republic (Chapel Hill y Londres: University of North Carolina Press, 1998, xxi + 371 pp.)",1998,en,internacional,M15,https://books.google.com/books?id=lSE6DwAAQBAJ&q=Haitian&hl=en,via-resena,alta,"Jonathan Hartlyn, politólogo de la University of North Carolina at Chapel Hill, publica en 1998 un estudio comparado de la política dominicana desde 1961 hasta la elección de 1996, con el neopatrimonialismo y los legados institucionales como marco. Va dirigido a politólogos y a lectores interesados en transiciones democráticas. Según las reseñas leídas (Beard, Llamazares, Paulino, Leonard) la raza"
16,url,F-2758,secundaria,"Howard, David","Coloring the Nation: Race and Ethnicity in the Dominican Republic (Oxford: Signal Books; Boulder, CO: Lynne Rienner, 2001, x + 227 pp.)",2001,en,internacional,M15,https://books.google.com/books?id=ASkib7s1QH8C&q=indio&hl=en,via-resena,media,"David Howard (geógrafo, University of Oxford; autor también del artículo de 1999 en Estudios Sociales ya leído como F-2266 y de Dominican Republic in Focus, 1999) publica en 2001 un estudio de raza y etnia con entrevistas propias (300 según su artículo de 1999, F-2266). Escribe para lectores anglófonos con un marco de contraste negro/blanco que Baud (2002, p. 314) considera tomado de las percepcio"
17,url,F-0134,secundaria,"Yingling, Charlton",Siblings of Soil,2022,en,internacional,M05;M06;M07;M08,https://utpress.utexas.edu/blog/2022/12/15/uncovering-dominican-and-haitian-histories/ | https://doi.org/10.7560/326091 | https://utpress.utexas.edu/9781477326091/ | https://books.google.com/books?id=pk2BEAAAQBAJ,bajo-derechos,alta,"Insular y revisionista: lazos militares, religiosos y de parentesco; los afrodescendientes colaboraron hasta la unificación de 1822; discute el relato de la ""agresión haitiana"" [VERIFICADO]. | F2 2026-10-06: (M08) fiabilidad media → alta, URL confirmada o añadida; 2 extractos útiles (afirmaciones: A-095, A-107, A-108); verificación descargada-parcial. Solo entrevista del autor y reseñas; el libro "
17,url,F-0571,divulgacion,"Yingling, Charlton W. (entrevista de University of Texas Press)",Q&A with Charlton Yingling on uncovering Haitian and Dominican histories (Siblings of Soil),2022,en,internacional,M08;M16,https://utpress.utexas.edu/blog/2022/12/15/uncovering-dominican-and-haitian-histories/ | https://journals.upress.ufl.edu/JGSS/article/view/3013,texto-completo-en-linea,media,"Charlton W. Yingling (historiador de la Revolución haitiana y Santo Domingo; afiliación no consignada en la entrevista [POR VERIFICAR]), entrevistado en el blog de University of Texas Press el 15-XII-2022; menciona una consulta previa para BBC Mundo sobre los… Fiabilidad media: Entrevista promocional con el autor de una monografía revisada (Siblings of Soil, UT Press, 2022), en la propia voz del h"
18,nota,F-0135,secundaria,"Eller, Anne",We Dream Together,2016,en,internacional,M00;M06;M07;M08;M09;M10;M11,https://tieulgnu.s3.amazonaws.com/ebf/76bf5213e53843d0a186c20281821a1e.pdf | https://unglue.it/work/303086/ | https://openresearchlibrary.org/ext/api/media/f090dcf9-99be-4ce9-b124-433fa79bf117/assets/external_content.pdf | https://www.dukeupress.edu/we-dream-together | https://muse.jhu.edu/book/64074 | https://library.oapen.org/handle/20.500.12657/45653 | https://www.degruyterbrill.com/document/do,pdf-en-linea,alta,"Revisionista y popular: 1822-1865 como compromiso común con la abolición y la democracia popular; rompe con la narrativa del conflicto; subraya la ayuda haitiana en la Restauración; posible acceso abierto (registro DOAB) [POR VERIFICAR]. | F2 2026-10-06: (M08) acceso bajo-derechos → pdf-en-linea, fiabilidad media → alta, URL confirmada o añadida; 20 extractos útiles (afirmaciones: A-094, A-095, A-"
18,nota,F-0760,secundaria,"Martínez, Samuel","Review of We Dream Together: Dominican Independence, Haiti and the Fight for Caribbean Freedom (Anne Eller)",2019,en,internacional,M00;M08;M09;M10,https://doi.org/10.32992/erlacs.10498 | https://erlacs.org/article/view/24221 | https://erlacs.org/article/download/24221/25574 | https://platform.openjournals.nl/ERLACS/article/download/24221/25574/62139,pdf-en-linea,alta,"Aviso resuelto en F2 2026-10-06: esta URL figura también en F-0135 (We Dream Together) como alterna; es la reseña de Martínez (otra publicación) y tiene fila propia. Samuel Martínez (University of Connecticut), ERLACS 107 (2019), reseña 10; fiabilidad alta (Reseña revisada por pares y de acceso abierto (CC BY 4.0) en ERLACS 107, escrita por un especialista en migración haitiano-dominicana); afirma"
19,url,F-0144,secundaria,"Simmons, Kimberly Eison",Reconstructing Racial Identity and the African Past in the Dominican Republic,2009,en,internacional,M15;M16,https://mixedracestudies.org/wp/?p=12873 | https://muse.jhu.edu/book/17842,bajo-derechos,media,"Antropología: los dominicanos abrazan de forma gradual la negritud y la diáspora cuestiona la categoría ""indio"" [VERIFICADO]. | F2 2026-10-06: (M16) verificación solo-localizada; 2 extracto(s); toca A-226, A-235. Texto del libro [POR VERIFICAR]. Sesgo: antropología con enfoque de diáspora africana; la afirmación de que los dominicanos 'abrazan gradualmente la negritud' es tesis de la autora, anter"
19,url,F-2642,secundaria,"Simmons, Kimberly Eison","Navigating the Racial Terrain: Blackness and Mixedness in the United States and the Dominican Republic (Transforming Anthropology 16(2), octubre de 2008, pp. 95-111; DOI 10.1111/j.1548-7466.2008.00019.x): resumen",2008,en,internacional,M15;M16,https://mixedracestudies.org/wp/?p=12870,bajo-derechos,media,"Artículo de Simmons en Transforming Anthropology (revista de la Association of Black Anthropologists), octubre de 2008. Es la base empírica previa del libro de 2009: experiencias de estudiantes del programa CIEE en Santiago (RD) entre 2000 y 2004 y de dominicanos en EE. UU. No es una encuesta ni una muestra representativa. Fiabilidad media: Artículo revisado por pares (Crossref confirma la ficha),"
20,url,F-0169,secundaria,"Arranz Márquez, Luis",Análisis del Repartimiento de 1514,1991,es,espanola,M02;M03;M01,https://revistas.ucm.es/index.php/RCHA/article/download/RCHA9494110322B/29279/30439 | https://estudiossociales.bono.edu.do/index.php/es/article/download/398/384/767 | https://dialnet.unirioja.es/descarga/articulo/7138207.pdf,via-resena,media,"Edición y análisis del repartimiento de Alburquerque; fuente de la cifra de 26.334 indios en 1514. | F2 2026-10-06: (M03, ronda 1; lentes cientifica) acceso no-localizada → via-resena; fiabilidad media (sin cambio); URL nueva para el registro; módulos añadidos: M01; 1 extractos útiles (afirmaciones: A-041, A-043); verificación descargada-parcial. | F2 2026-10-07: (M02, ronda 2; lentes internaciona"
20,url,F-2148,secundaria,"Muñoz, José Miguel (reseñista; segundo apellido ilegible en el OCR) sobre Arranz Márquez, Luis","Reseña de L. Arranz Márquez, Repartimientos y encomiendas en la isla Española (El repartimiento de Alburquerque de 1514) (Revista Complutense de Historia de América, reseñas, pp. 322-324)",1994,es,espanola,M01;M02;M03,https://revistas.ucm.es/index.php/RCHA/article/download/RCHA9494110322B/29279/30439,pdf-en-linea,media,"Reseña en la Revista Complutense de Historia de América (Madrid); el libro reseñado es de Luis Arranz Márquez (Fundación García Arévalo, Madrid, 1991), base de las cifras de 1514 que usan Livi-Bacci y Deagan. Fiabilidad media: Reseña (fuente de segunda mano) de una monografía especializada; sirve como índice de las conclusiones de Arranz, pero el libro no se leyó y el año y el volumen de la revist"
21,autor-titulo,F-0197,divulgacion,—,Columnas de opinión dominicanas sobre la isla indivisible y el tratado de 1874,—,es,dominicana,M06;M07;M08;M09;M11;M16,https://acento.com.do/opinion/la-tesis-la-unificacion-proposito-todas-las-invasiones-8465260.html | https://acento.com.do/opinion/el-tratado-de-1874-9723132.html,texto-completo-en-linea,baja,"Lectura nacionalista dominicana de la ""île une et indivisible"" como hegemonía racial y territorial y fuente de las cláusulas territoriales de 1816 y 1874 [VERIFICADO como opinión]. | F2 2026-10-06: (M16) verificación descargada-y-leida; 2 extracto(s); toca A-245. Leídas dos columnas: Núñez Asencio (22-VII-2026) y Medina Gratereaux (12-VI-2017). Acceso: localizada-bloqueada -> texto-completo-en-lin"
21,autor-titulo,F-0199,divulgacion,—,"Columnas de opinión dominicanas sobre la frontera, Ryswick y el siglo XVII",—,es,dominicana,M04;M05;M03,https://eldia.com.do/la-frontera-dominico-haitiana-parte-i | https://acento.com.do/opinion/el-siglo-xvii-siglo-de-la-miseria-y-de-la-pobreza-9605605.html,texto-completo-en-linea,baja,"Sostienen que Ryswick no menciona la isla y que la cesión formal y la primera frontera son de Aranjuez (1777); vía de acceso a las cifras del censo de Osorio de 1606. | F2 2026-10-06: (M05) acceso localizada-bloqueada → texto-completo-en-linea; 4 extractos útiles (afirmaciones: A-057); verificación descargada-y-leida. | F2 2026-10-06: (M03, ronda 1; lentes dominicana) acceso texto-completo-en-line"
22,url,F-0209,cientifica,"Tajima, Atsushi et al.",Genetic background of people in the Dominican Republic with or without obese type 2 diabetes (J. Human Genetics),2004,en,cientifica,M00;M16;M01,https://www.ebi.ac.uk/europepmc/webservices/rest/search?query=DOI:10.1007/s10038-004-0179-7&format=json&resultType=core | https://doi.org/10.1007/s10038-004-0179-7 | https://www.nature.com/articles/jhg200481 | https://eutils.ncbi.nlm.nih.gov/entrez/eutils/efetch.fcgi?db=pubmed&retmode=xml&id=15368103 | https://www.ebi.ac.uk/europepmc/webservices/rest/search?query=EXT_ID:15368103%20AND%20SRC:MED&fo,fragmento-busqueda,media,"Polimorfismos de mtDNA en una muestra clínica dominicana; proporciones no extraídas [POR VERIFICAR]. | F2 2026-10-06: (M16) verificación descargada-parcial; 2 extracto(s); toca A-228, A-229. Solo resumen: 51,5 % de ADNmt nativo en 33 mujeres sanas (muestra clínica), fuera del rango de A-229. Fiabilidad: por-evaluar -> media. | F2 2026-10-06: (M00) acceso bajo-derechos → fragmento-busqueda; URL con"
22,url,F-0210,cientifica,"Bukhari, Areej et al.",Taino and African maternal heritage in the Greater Antilles (Gene 637:33-40),2017,en,cientifica,M00;M01;M16;M05,https://www.ebi.ac.uk/europepmc/webservices/rest/search?query=DOI:10.1016/j.gene.2017.09.004&format=json&resultType=core | https://pubmed.ncbi.nlm.nih.gov/28912065/ | https://doi.org/10.1016/j.gene.2017.09.004 | https://www.ebi.ac.uk/europepmc/webservices/rest/search?query=TITLE:%22Taino%20and%20African%20maternal%20heritage%22&format=json&resultType=core&pageSize=3 | https://eutils.ncbi.nlm.nih.g,fragmento-busqueda,media,"mtDNA de las Antillas Mayores incluida RD; cifras no extraídas; un extracto atribuye a la literatura que el 83% de los linajes africanos de Santo Domingo son centroafricanos [atribución POR VERIFICAR]. | F2 2026-10-06: (M16) verificación descargada-parcial; 4 extracto(s); toca A-229, A-231, A-240, A-241. Origen del '22 %' que cita D'Atanasio 2020 (rango 22,0-61,3 % entre las ex colonias españolas,"
22,url,F-0212,cientifica,"Simms, Tanya M. et al.","The genetic structure of populations from Haiti and Jamaica reflect divergent demographic histories (AJPA 142:1, 49)",2010,en,cientifica,M00;M05;M09;M11;M16;M01,https://www.ebi.ac.uk/europepmc/webservices/rest/search?query=DOI:10.1002/ajpa.21194&format=json&resultType=core | https://www.ebi.ac.uk/europepmc/webservices/rest/search?query=DOI:10.1002/ajpa.21194&format=json&resultType=core&pageSize=3 | https://pubmed.ncbi.nlm.nih.gov/19918989/ | https://doi.org/10.1002/ajpa.21194 | https://eutils.ncbi.nlm.nih.gov/entrez/eutils/efetch.fcgi?db=pubmed&retmode=xm,fragmento-busqueda,media,"15 STRs autosómicos: la señal africana es más fuerte en Haití que en Jamaica y Haití muestra aportes no africanos mínimos; pocos marcadores. | F2 2026-10-06: (M16) verificación descargada-parcial; 3 extracto(s); toca A-240, A-241. El resumen no da proporciones ni n; las cifras de 85-96 por ciento africano del registro (A-240) vienen de otras revisiones (Salzano y Sans 2014; | F2 2026-10-06: (M00) "
22,url,F-0213,cientifica,"Simms, Tanya M. et al.",Y-chromosomal diversity in Haiti and Jamaica: contrasting levels of sex-biased gene flow (AJPA),2012,en,cientifica,M00;M05;M09;M11;M16;M01,https://www.ebi.ac.uk/europepmc/webservices/rest/search?query=DOI:10.1002/ajpa.22090&format=json&resultType=core | https://www.ebi.ac.uk/europepmc/webservices/rest/search?query=TITLE:%22Y-chromosomal%20diversity%20in%20Haiti%20and%20Jamaica%22&format=json&resultType=core&pageSize=3 | https://pubmed.ncbi.nlm.nih.gov/22576450/ | https://doi.org/10.1002/ajpa.22090 | https://eutils.ncbi.nlm.nih.gov/en,fragmento-busqueda,alta,"Haití n=123 y Jamaica n=159 con 177 SNPs y 17 STRs del Y: en Haití 77,2% subsahariano y 20,3% europeo, con linajes nativos americanos ""virtualmente ausentes""; DOI no confirmado. | F2 2026-10-06: (M16) verificación descargada-parcial; 4 extracto(s); toca A-231, A-240, A-241. El resumen NO dice que los linajes nativos americanos sean 'virtualmente ausentes' en Haití (así lo atribuye el registro): li"
22,url,F-0214,cientifica,"Wilson, Mark; Saint-Louis, Ketly; Auguste, Judith; Jackson, Latifa",Forensic analysis of mtDNA haplotypes in two rural communities in Haiti (J. Forensic Sci. 57:6),2012,en,cientifica,M00;M09;M16;M05;M01,https://www.ebi.ac.uk/europepmc/webservices/rest/search?query=DOI:10.1111/j.1556-4029.2012.02186.x&format=json&resultType=core | https://pubmed.ncbi.nlm.nih.gov/22583388/ | https://doi.org/10.1111/j.1556-4029.2012.02186.x | https://www.ebi.ac.uk/europepmc/webservices/rest/search?query=TITLE:%22mtDNA%20haplotypes%20in%20two%20rural%20communities%20in%20Haiti%22&format=json&resultType=core&pageSize=,fragmento-busqueda,media,"mtDNA (HVS-1), n=291, zonas rurales del norte y el sur: el componente materno africano tiene algo más de aporte centro-occidental que el afroamericano y el dominicano; el porcentaje nativo no se extrajo (se espera ~0-1%) [POR VERIFICAR]. | F2 2026-10-06: (M16) verificación descargada-parcial; 4 extracto(s); toca A-240, A-241. Confirma que en 2012 los autores se presentan como el 'first genetic dat"
22,url,F-0222,cientifica,"Lalueza-Fox, Carles et al.",MtDNA from extinct Tainos and the peopling of the Caribbean (Ann. Hum. Genet. 65:137),2001,en,cientifica,M00;M01;M16,https://www.ebi.ac.uk/europepmc/webservices/rest/search?query=TITLE:%22mtDNA%20from%20extinct%20Tainos%20and%20the%20peopling%20of%20the%20Caribbean%22&format=json&resultType=core | https://www.ebi.ac.uk/europepmc/webservices/rest/search?query=TITLE:%22mtDNA%20from%20extinct%20Tainos%22&format=json&resultType=core&pageSize=3 | https://www.ebi.ac.uk/europepmc/webservices/rest/search?query=EXT_ID:11,fragmento-busqueda,alta,"mtDNA antiguo de La Caleta (RD), ~27 individuos [POR VERIFICAR]: solo haplogrupos C y D, sin A ni B (proporciones ~75/25 [POR VERIFICAR]); si se confirma, contrasta con la abundancia de A en dominicanos actuales y apoya un aporte nativo no local. | F2 2026-10-06: (M16) verificación descargada-parcial; 4 extracto(s); toca A-237, A-238. Resuelve la laguna del registro: La Caleta solo tiene C (75 por"
22,url,F-0587,base-de-datos,"Europe PMC (EMBL-EBI), API REST",Europe PMC: consulta de títulos 'Haiti/Haitian' y 'ancestry/admixture/genetic structure/genomic' (11 resultados) y consulta de títulos dominicanos de genética de poblaciones (18 resultados),2026,en,cientifica,M16,https://www.ebi.ac.uk/europepmc/webservices/rest/search?query=(TITLE:Haiti%20OR%20TITLE:Haitian)%20AND%20(TITLE:ancestry%20OR%20TITLE:admixture%20OR%20TITLE:%22genetic%20structure%22%20OR%20TITLE:genomic)&format=json&resultType=lite&pageSize=15&sort_date:y | https://www.ebi.ac.uk/europepmc/webservices/rest/search?query=(TITLE:Hispaniola%20OR%20TITLE:%22Dominican%20Republic%22%20OR%20TITLE:Dominica,texto-completo-en-linea,media,"Consulta hecha el 2026-10-06 sobre títulos; sirve como registro de la búsqueda sistemática que pide A-241. Fiabilidad media: Consulta reproducible a un índice bibliográfico abierto; la ausencia de resultados en títulos no demuestra ausencia en resúmenes o textos, pero es evidencia de búsqueda documentada. Toca A-240, A-241. Verificación descargada-y-leida (acceso texto-completo-en-linea); consulta"
22,url,F-0696,base-de-datos,Europe PMC (EMBL-EBI),"Europe PMC (EMBL-EBI), API REST: tres consultas del 2026-10-06 para batey, Haití y República Dominicana con términos de genética",2026,en,internacional,M16,https://www.ebi.ac.uk/europepmc/webservices/rest/search?query=TITLE_ABS%3A%28batey+OR+bateyes%29&format=json&resultType=lite&pageSize=40 | https://www.ebi.ac.uk/europepmc/webservices/rest/search?query=TITLE_ABS%3A%28%22Dominican+Republic%22+AND+Haitian+AND+%28genetic+OR+genotype+OR+polymorphism+OR+allele+OR+haplotype+OR+ancestry%29%29&format=json&resultType=lite&pageSize=30 | https://www.ebi.ac.uk,texto-completo-en-linea,media,"Consultas hechas con la API pública de Europe PMC; las cifras de aciertos son las del 2026-10-06. La lista se revisó por títulos. Fiabilidad media: Índice bibliográfico: sirve para documentar una ausencia a nivel de títulos y resúmenes, no para probarla. Toca A-240, A-241, A-258. Verificación descargada-y-leida (acceso texto-completo-en-linea); consulta 2026-10-06 (ronda 2, CIE)."
23,url,F-0246,portal,—,Archivo General de la Nación (República Dominicana),—,es,oficial-rd,M00;M08;M09;M13,https://agn.gob.do/wp-content/uploads/2025/06/Catalogo-de-publicaciones-web.pdf | https://agn.gob.do/wp-content/uploads/2025/07/BAGN_1944_No_32-33.pdf | https://agn.gob.do/wp-content/uploads/2025/07/BAGN_1944_No_34-35.pdf | https://agn.gob.do | https://agn.gob.do/wp-content/uploads/2025/07/BAGN_1946_No_44-45.pdf,pdf-en-linea,alta,"Bloqueado (agn.gov.do no resuelve); sede del Acta de Separación, la Constitución de 1844, los documentos de la anexión y la Restauración y el fondo de la Era de Trujillo. | F2 2026-10-06: El catálogo de publicaciones del AGN (junio de 2025) abrió como PDF; la raíz agn.gob.do devolvió 403. Verificación: descargada-y-leida; 4 extractos; afirmaciones: A-165, A-166, A-169, A-181, A-183, A-191. | F2 20"
23,url,F-1557,secundaria,"Paulino Ramos, Alejandro (compilador)","Censos municipales del siglo XIX y otras estadísticas de población (Archivo General de la Nación, vol. XLVII, Santo Domingo, 2008, 274 pp.)",2008,es,dominicana,M08,https://agn.gob.do/wp-content/uploads/2025/06/Catalogo-de-publicaciones-web.pdf,no-localizada,media,"Alejandro Paulino Ramos, director de la Biblioteca del AGN (2005-2011) [POR VERIFICAR: dato de un resultado de búsqueda], compila padrones y estadísticas de población del siglo XIX. El crítico lo propone como base primaria para la cifra de liberados de 1822 (citado por Lora 2008, n. 13). Fiabilidad media (Compilación documental del AGN con título y autor confirmados por el catálogo oficial de publ"
24,url,F-0253,portal,Academia Dominicana de la Historia,Revista Clío y catálogo de la ADH,—,es,dominicana,M00;M07;M09,https://catalogo.academiadominicanahistoria.org.do/cgi-bin/koha/opac-search.pl?q=guerra+dominico-haitiana | https://catalogo.academiadominicanahistoria.org.do | https://www.idg.org.do | https://www.academiadominicanahistoria.org.do/ | https://catalogo.academiadominicanahistoria.org.do/opac-tmpl/files/clio/Clionum204.pdf | https://catalogo.academiadominicanahistoria.org.do/opac-tmpl/files/ppcodice/,pdf-en-linea,alta,"Bloqueado; patrón descubierto /opac-tmpl/files/ppcodice/CLIO-{año}-{núm}-{pág_ini}-{pág_fin}.pdf, con libros en /files/libros/ y opúsculos en /files/opusculos/; PDFs en acceso abierto; ejemplos sin verificar: Clío 2021 n.º 201 pp. 317-348, Clío 2022 n.º 203 pp. 59-158 y Clío 1993 n.º 149-150 pp. 109-112 sobre Duarte y la ""fusión"". | F2 2026-10-06: (M00) acceso localizada-bloqueada → pdf-en-linea; "
24,url,F-1079,secundaria,"Sáez, José Luis (S.J.); Bello Peguero, Rafael (apéndices)","El Arzobispo Portes (Santo Domingo, Amigo del Hogar, 1996, Serie Hombres de Iglesia n.º 12; apéndices de Rafael Bello Peguero): ficha del catálogo Koha de la ADH",1996,es,dominicana,M09,https://catalogo.academiadominicanahistoria.org.do/cgi-bin/koha/opac-search.pl?q=Arzobispo+Portes,archivo-fisico,alta,"Ficha de la ADH (Colección personal, signatura RD 922.2 P849S), sin enlace a PDF; el mismo autor resume sus tesis en el artículo de Estudios Sociales 139 (2005), registrado en esta ronda.; fiabilidad alta (Biografía de un especialista con apéndices documentales; solo se leyó la ficha.); afirmaciones que toca: A-118†; verificación solo-localizada (acceso archivo-fisico), consultada 2026-10-06."
24,url,F-1082,secundaria,"Pérez Stefan, Reynolds Jossef (2005); Medina, Pedro A., con juicio de Rodríguez Demorizi (1947)","La Vega y la coronela Juana Saltitopa (La Vega, Regional de Educación de La Vega, 2005, Col. Sociedad La Progresista n.º 2); y Romance a Juan Saltitopa la Coronela (Ciudad Trujillo, Imprenta Arte y Cine, 1947): fichas del catálogo Koha de la ADH",2005; 1947,es,dominicana,M09,https://catalogo.academiadominicanahistoria.org.do/cgi-bin/koha/opac-search.pl?q=Saltitopa,archivo-fisico,media,"La búsqueda «Saltitopa» del catálogo de la ADH devuelve tres registros: Pérez Stefan 2005 (RD FD-0207; dos ejemplares para préstamo), Medina 1947 (Colección personal, signatura FD F-1130) y un libro de Vigil Díaz de 2020 que no es sobre ella.…; fiabilidad media (Una monografía local de 2005 y un poema de 1947, ambos conocidos solo por la ficha; no se evalúan.); afirmaciones que toca: A-119†; verif"
24,url,F-1085,secundaria,"Despradel Cabral, Alberto Emilio; Reyes Sánchez, Miguel","La guerra dominico-haitiana: las cinco campañas de separación, 1844-1855 (Santo Domingo, Ediciones Senderos del Mundo, 2011): ficha del catálogo Koha de la ADH",2011,es,dominicana,M09,https://catalogo.academiadominicanahistoria.org.do/cgi-bin/koha/opac-search.pl?q=batalla+de+Las+Carreras,archivo-fisico,media,"Ficha de la Biblioteca Vetilio Alfau Durán (ADH): «La guerra dominico-haitiana: las cinco campañas de separación, 1844-1855 / Alberto Despradel Cabral; Miguel Reyes Sánchez», Santo Domingo: Ediciones Senderos del Mundo, 2011; disponible para…; fiabilidad media (Obra de dos historiadores militares dominicanos de la que solo se leyó la ficha del catálogo; sin texto no se evalúa.); afirmaciones que t"
24,url,F-1834,secundaria,"Utrera, Cipriano de (fray); García Lluberes, Leónidas (réplica); Montalvo Cabral, Virgilio (dir.)","Panfilia: revista quincenal ilustrada (Santo Domingo, 1923-1929; dir. Virgilio Montalvo Cabral): Utrera, «El degüello de Moca», año I, n.º 10, 30-XI-1923, y réplica de Leónidas García Lluberes, n.º 11, 15-XII-1923",1923,es,dominicana,M06,https://catalogo.academiadominicanahistoria.org.do/cgi-bin/koha/opac-search.pl?q=Panfilia,archivo-fisico,media,"Panfilia es una revista ilustrada de Santo Domingo (36 números, 15-VII-1923 a 30-I-1929) en la que Utrera publicó, entre otros, 'El degüello de Moca' (n.º 10). La Biblioteca Vetilio Alfau Durán de la ADH conserva ejemplares (dos, según el catálogo) y un índice de autores mecanografiado (FD F-0766). Fiabilidad media (El artículo no se pudo leer: la fiabilidad es la estimada para un artículo erudito"
25,autor-titulo,F-0332,primaria,República Dominicana (Poder Ejecutivo y Congreso Nacional),"Gaceta Oficial de la República Dominicana, Año LVIII, nos. 5081-5111 (octubre-diciembre de 1937): Resolución n.º 1138 (voto de solidaridad con la política internacional de Trujillo) y decreto n.º 2057 bis (Ortega Frier, encargado de Relaciones Exteriores)",1937,es,oficial-rd,M13,https://memoriahistorica.senadord.gob.do/bitstreams/bb9db0b3-6925-49fe-bab2-b1c61af5ce0c/download | https://memoriahistorica.senadord.gob.do/handle/123456789/71143,texto-completo-en-linea,alta,"Gaceta Oficial del último trimestre de 1937 (927 KB de texto OCR sobre 62 MB de PDF). Fiabilidad alta: Diario oficial del Estado; los textos de leyes y decretos son los publicados, con OCR de calidad media. Afirmaciones: A-172, A-175, A-184. Verificación: descargada-y-leida (texto-completo-en-linea). Consulta 2026-10-06. URL alternativas: https://memoriahistorica.senadord.gob.do/handle/123456789/7"
25,autor-titulo,F-1257,primaria,República Dominicana (Congreso Nacional y Poder Ejecutivo; presidente Jacinto B. Peynado),"Gaceta Oficial de la República Dominicana, Año LX, nos. 5261-5339 (enero-julio de 1939): Resoluciones n.º 82 y 83 y Ley n.º 78 (liquidación de la deuda con Haití, febrero-marzo de 1939), Ley de Inmigración n.º 95 (promulgada el 14-IV-1939, Gaceta n.º 5299) y Reglamento de Inmigración n.º 279",1939,es,oficial-rd,M12;M13;M14,https://memoriahistorica.senadord.gob.do/bitstreams/33705889-cb38-4188-be30-1b2d00c73909/download | https://memoriahistorica.senadord.gob.do/handle/123456789/71035,pdf-en-linea,alta,"Publicación oficial del Poder Ejecutivo dominicano (Imprenta J. R. Vda. García, Ciudad Trujillo), recogida por la Hemeroteca-Biblioteca del AGN y digitalizada por el Senado. Recoge leyes y resoluciones tal como las promulgó el presidente Jacinto B. Peynado (el control efectivo de Trujillo sobre eso… Fiabilidad alta (Diario oficial del Estado con los textos promulgados; la capa de texto del PDF tie"
25,autor-titulo,F-1258,primaria,República Dominicana (Poder Legislativo y Poder Ejecutivo),"Gaceta Oficial de la República Dominicana, Año LVIII, nos. 4425-4535 (ene.-dic. 1932): leyes de inmigración de 1932 (Ley n.º 279 y ley derogatoria)",1932,es,oficial-rd,M12;M13,https://memoriahistorica.senadord.gob.do/bitstreams/ef7333c6-76b2-4646-8304-f2706ddb5739/download | https://memoriahistorica.senadord.gob.do/handle/123456789/71229,pdf-en-linea,media,"Diario oficial del Estado dominicano de 1932 (222 MB), que publica la Ley n.º 279 (enero de 1932) sobre permisos de entrada con categorías raciales y la ley posterior de abril-mayo de 1932 que la deroga y reorganiza los derechos de inmigración y la Oficina de Control de la Cédula Personal de Identi… Fiabilidad media (Texto legal oficial pero con OCR muy deficiente en las páginas de las leyes de in"
25,autor-titulo,F-1300,primaria,República Dominicana (Congreso Nacional; vicepresidente Manuel de J. Troncoso de la Concha en funciones de Poder Ejecutivo),"Gaceta Oficial de la República Dominicana, Año LXI, n.º 5420 (28-II-1940), en el volumen nos. 5402-5506 (enero-septiembre de 1940): Ley n.º 220 (fomento de la inmigración, cuotas por raza) y Resolución n.º 221 (contrato con la Dominican Republic Settlement Association, Sosúa)",1940,es,oficial-rd,M12;M13;M14,https://memoriahistorica.senadord.gob.do/bitstreams/af167b4a-8978-4ff9-8537-65cd2ec8734e/download | https://memoriahistorica.senadord.gob.do/handle/123456789/70957,pdf-en-linea,alta,"Gaceta Oficial del Estado dominicano (Imprenta J. R. Vda. García, Ciudad Trujillo). La Ley 220 la votaron el Senado (20-II-1940) y la Cámara (21-II-1940) y la promulgó el vicepresidente Troncoso de la Concha, en funciones de Poder Ejecutivo. El contrato con la DORSA lo firmaron el 30-I-1940 los sec… Fiabilidad alta (Diario oficial con el texto promulgado de la ley y del contrato; el OCR de la capa"
25,autor-titulo,F-1301,primaria,República Dominicana (Congreso Nacional; presidente Rafael L. Trujillo Molina),"Gaceta Oficial de la República Dominicana, Año LXXIII (23-II-1952): Resolución n.º 3200 del Congreso Nacional que aprueba el Acuerdo Trujillo-Magloire sobre contratación de jornaleros temporeros haitianos (Ciudad Trujillo, 5-I-1952), y decreto de plenos poderes del 31-XII-1951",1952,es,oficial-rd,M13;M14,https://memoriahistorica.senadord.gob.do/bitstreams/6cd001af-d942-4794-83b8-6a37bb22a3a3/download | https://memoriahistorica.senadord.gob.do/handle/123456789/70883,pdf-en-linea,alta,"Gaceta Oficial dominicana de 1952 (volumen anual nos. 7369-7512, 199 MB en el Senado). Publica la aprobación legislativa del acuerdo que había firmado en Ciudad Trujillo el embajador haitiano Théophile J. B. Richard con los secretarios Virgilio Díaz Ordóñez y Manuel Joaquín Castillo. Complementa la… Fiabilidad alta (Diario oficial con el texto íntegro del acuerdo tal como se publicó; el OCR tiene "
25,autor-titulo,F-1302,primaria,República Dominicana (Congreso Nacional; presidente Héctor B. Trujillo Molina),"Gaceta Oficial de la República Dominicana, Año LXXX, n.º 8435 (29-XII-1959): Decreto n.º 5370 (plenos poderes, 9-XII-1959) y Resolución n.º 5279 del Congreso Nacional que aprueba el Acuerdo dominico-haitiano de jornaleros temporeros haitianos (firmado el 21-XII-1959) y su instrumento adicional",1959,es,oficial-rd,M13;M14,https://memoriahistorica.senadord.gob.do/bitstreams/afc1f817-8a18-4a6d-bdcf-a9b0e9a6ddcb/download | https://memoriahistorica.senadord.gob.do/handle/123456789/70847,pdf-en-linea,alta,"Gaceta Oficial de fines de 1959 (volumen anual nos. 8320-8437). El acuerdo lo firmaron los secretarios Porfirio Herrera Báez (Relaciones Exteriores) y Virgilio Álvarez Pina (Interior y Comunicaciones) y el embajador haitiano Vilfort Beauvoir, a nombre del gobierno de François Duvalier. Es el texto… Fiabilidad alta (Diario oficial con el texto íntegro del acuerdo y de su aprobación; OCR de calidad "
25,autor-titulo,F-2276,primaria,"República Dominicana, Congreso Nacional y Poder Ejecutivo (Joaquín Balaguer)","Gaceta Oficial de la República Dominicana, Año LXXXVII, nos. 8966-9019 (ene.-dic. 1966): n.º 9000 (20-VIII-1966, Ley n.º 7 que disuelve la Corporación Azucarera y crea el Consejo Estatal del Azúcar) y n.º 9018 (31-XII-1966, Resolución n.º 83 que aprueba el Acuerdo de 1966 sobre jornaleros temporeros haitianos)",1966,es,oficial-rd,M14,https://memoriahistorica.senadord.gob.do/bitstreams/fdec8e90-651c-4990-a3b3-260383e761b0/download | https://memoriahistorica.senadord.gob.do/handle/123456789/70570,pdf-en-linea,alta,"Volumen anual de la Gaceta Oficial de 1966 digitalizado por la Biblioteca/Memoria Histórica del Senado. Fiabilidad alta: Publicación oficial del texto legal (Gaceta Oficial) en un volumen anual digitalizado de 3.805 páginas; OCR con ruido pero legible en los pasajes citados, que se cotejaron con el Expediente 95. Afirmaciones: A-194, A-195. Verificación: descargada-y-leida (acceso: pdf-en-linea). "
25,autor-titulo,F-2284,primaria,"República Dominicana, Poder Ejecutivo (Joaquín Balaguer)","Gaceta Oficial de la República Dominicana, Año LXXXVIII, nos. 9020-9067 (ene.-dic. 1967): Decreto n.º 1612 (29-VIII-1967), que suspende temporalmente el tránsito terrestre por la frontera dominico-haitiana",1967,es,oficial-rd,M14,https://memoriahistorica.senadord.gob.do/bitstreams/0e6ff958-3105-44c6-9718-f42408fb586f/download | https://memoriahistorica.senadord.gob.do/handle/123456789/70529,pdf-en-linea,alta,"Decreto del presidente Balaguer, dictado el 29 de agosto de 1967 (publicado en el PDF p. 1845-1846), que limita el tránsito entre ambos países a las vías aérea y marítima, con dos considerandos (contrabando; 'elementos subversivos' que intentan cruzar la frontera). Fiabilidad alta: Publicación oficial del decreto en la Gaceta Oficial (volumen anual de 2.938 páginas con OCR ruidoso pero legible en "
25,autor-titulo,F-2480,primaria,"República Dominicana, Poder Ejecutivo (presidente Joaquín Balaguer); publicación del Consultor Jurídico del Poder Ejecutivo","Gaceta Oficial de la República Dominicana, año CXI, n.º 9810 (30 de junio de 1991), Actos del Poder Ejecutivo: Decreto n.º 233-91 que dispone la repatriación de todos los trabajadores extranjeros menores de 16 años y mayores de 60 que trabajan como braceros en la caña (13 de junio de 1991), pp. 5-6",1991,es,oficial-rd,M15;M16,https://memoriahistorica.senadord.gob.do/bitstreams/13217bdc-752f-4dfc-9259-e3e4ab835606/download,pdf-en-linea,alta,"Gaceta Oficial n.º 9810 (Santo Domingo, 30-VI-1991), publicada por el Poder Ejecutivo de Joaquín Balaguer; el Decreto 233-91 lleva fecha 13-VI-1991. Fiabilidad alta: Diario oficial del Estado con certificación del Consultor Jurídico del Poder Ejecutivo de que 'la presente publicación es oficial'; capa de texto del PDF con OCR aceptable en estos artículos. Afirmaciones que toca: A-210. Verificación"
25,autor-titulo,F-2534,primaria,"República Dominicana, Poder Ejecutivo (presidente Joaquín Balaguer)","Gaceta Oficial de la República Dominicana, año CXI, n.º 9793 (15 de octubre de 1990): Decreto n.º 417-90 que instruye a la Dirección de Migración a regularizar la presencia de los nacionales haitianos en el territorio dominicano, pp. 44-46",1990,es,oficial-rd,M14;M15,https://memoriahistorica.senadord.gob.do/bitstreams/288b073e-713a-4726-8aa9-b8670e0ada11/download,pdf-en-linea,alta,"Gaceta Oficial n.º 9793 (Santo Domingo, 15-X-1990), publicación del Poder Ejecutivo de Balaguer, ocho meses antes del Decreto 233-91; digitalizada por el Senado. Fiabilidad alta: Diario oficial con certificación del Consultor Jurídico de que la publicación es oficial; OCR del PDF legible en estos artículos. Afirmaciones que toca: A-210. Verificación descargada-y-leida (acceso pdf-en-linea), consul"
26,autor-titulo,F-0379,secundaria,"Library of Congress, Federal Research Division (Area Handbook Series)","Dominican Republic: A Country Study, sección ""Haitians"" (Library of Congress, Federal Research Division; espejo en countrystudies.us)",1989,en,oficial-eeuu,M13;M14,https://countrystudies.us/dominican-republic/25.htm,texto-completo-en-linea,media,"Estudio de país de la Biblioteca del Congreso (edición y año [POR VERIFICAR]; el texto de Haití habla de 1989), reproducido por countrystudies.us. Fiabilidad media: Síntesis oficial estadounidense sin notas, de tipo manual de área; sus cifras censales redondean (""slightly under 28,000"" para 28.258) y la de muertos de 1937 (20.000) n… Afirmaciones: A-165, A-169, A-188. Verificación: descargada-y-le"
26,autor-titulo,F-1958,terciaria,"Library of Congress, Federal Research Division","Dominican Republic: A Country Study, sección ""Cash Crops"" (Library of Congress, Federal Research Division; reproducida en countrystudies.us)",1989,en,oficial-eeuu,M11;M12;M13;M14,https://countrystudies.us/dominican-republic/43.htm,texto-completo-en-linea,baja,"Country Study del Library of Congress Federal Research Division (serie Area Handbook; la edición dominicana es de 1989 [POR VERIFICAR el año de esta sección]); el espejo countrystudies.us no lleva fecha. Texto leído con WebFetch (el curl devolvió 403 en la segunda lectura): el pasaje citado se confirmó con un prompt de cita literal, no se cotejó contra el HTML en bruto. Fiabilidad baja (Manual de "
27,autor-titulo,F-0394,primaria,Asamblea Nacional Revisora (República Dominicana),"Constitución de la República Dominicana proclamada el 26 de enero de 2010 (Gaceta Oficial 10561), art. 18 (nacionalidad)",2010,es,oficial-rd,M00;M16;M15,https://www.icnl.org/wp-content/uploads/Dominican-Republic_Dominicana.pdf | https://paho.org/sites/default/files/2021-12/324.pdf | https://fc-abogados.com/constitucion-de-la-republica-dominicana-proclamada-el-26-de-enero-del-2010/ | https://www.constituteproject.org/constitution/Dominican_Republic_2010.pdf?lang=en | https://republica-dominicana.justia.com/nacionales/constitucion-de-la-republica-do,pdf-en-linea,alta,"Aprobada por la Asamblea Nacional el 26 de enero de 2010. Recoge por primera vez en el texto constitucional la exclusión del ius soli para hijos de extranjeros 'en tránsito' o que 'residan ilegalmente' (art. 18.3), que antes solo figuraba en la ley migratoria… Fiabilidad alta: Texto constitucional completo; la copia de ICNL es una reproducción privada de la edición oficial y coincide palabra por p"
27,autor-titulo,F-2295,primaria,Asamblea Nacional de la República Dominicana,"Constitución de la República Dominicana, proclamada por la Asamblea Nacional el 28-XI-1966 (art. 11, nacionalidad)",1966,es,oficial-rd,M14,https://memoriahistorica.senadord.gob.do/bitstreams/e277b4d7-ebea-4582-9045-200b7443f616/download | https://memoriahistorica.senadord.gob.do/server/api/core/items/efc63d1a-7b15-4c20-9864-597f9de89f17,pdf-en-linea,alta,"Constitución promulgada en el gobierno de Balaguer; el art. 11, n.º 1, regula la nacionalidad por nacimiento y su excepción para hijos de extranjeros diplomáticos o 'en tránsito'. Fiabilidad alta: Texto constitucional oficial en el archivo del Senado. Afirmaciones: ninguna del módulo (contexto). Verificación: descargada-y-leida (acceso: pdf-en-linea). F2 2026-10-07 (M14, ronda 1; lentes dominicana"
28,autor-titulo,F-0395,primaria,"Abinader Corona, Luis (presidente de la República Dominicana)",Discurso del presidente Luis Abinader en el debate general de la 78.ª Asamblea General de la ONU (20 de septiembre de 2023),2023,es,oficial-rd,M16,https://gadebate.un.org/sites/default/files/gastatements/78/do_es.pdf | https://gadebate.un.org/en/78/dominican-republic | https://press.un.org/en/2023/ga12532.doc.htm,pdf-en-linea,alta,"Pronunciado ante la Asamblea General el 20 de septiembre de 2023, tres semanas después de que el Estado reanudara el cierre de la frontera por el canal de Ouanaminthe; dirigido a la comunidad internacional para pedir la fuerza multinacional en Haití y… Fiabilidad alta: Texto oficial depositado por la delegación dominicana en el archivo del Debate General de la ONU; refleja la posición del Estado, "
28,autor-titulo,F-0396,primaria,"Abinader Corona, Luis (presidente de la República Dominicana)",Discurso del presidente Luis Abinader en el debate general de la 79.ª Asamblea General de la ONU (septiembre de 2024),2024,es,oficial-rd,M16,https://gadebate.un.org/sites/default/files/gastatements/79/do_es.pdf | https://gadebate.un.org/en/79/dominican-republic | https://un-project.org/debate/79/153/,pdf-en-linea,alta,"Pronunciado en septiembre de 2024, una semana antes del anuncio del operativo de 10.000 repatriaciones semanales; presenta la carga del Estado dominicano por la crisis haitiana (salud y educación) para reclamar apoyo internacional. Fiabilidad alta: Texto oficial de la delegación dominicana en el archivo de la ONU; las cifras que da (salud, educación) son afirmaciones del Estado sin tabla de origen"
28,autor-titulo,F-0397,primaria,"Abinader Corona, Luis (presidente de la República Dominicana)",Discurso del presidente Luis Abinader en el debate general de la 80.ª Asamblea General de la ONU (septiembre de 2025),2025,es,oficial-rd,M16,https://gadebate.un.org/sites/default/files/gastatements/80/do_es.pdf | https://gadebate.un.org/en/80/dominican-republic,pdf-en-linea,alta,"Pronunciado en septiembre de 2025, cuando el mandato de la misión de apoyo a la seguridad en Haití vencía el 2 de octubre; defiende el régimen migratorio dominicano ante el sistema de la ONU. Fiabilidad alta: Texto oficial de la delegación dominicana; documenta la posición pública del Estado un año después del inicio de las deportaciones masivas. Toca A-225. Verificación descargada-y-leida (acceso"
29,autor-titulo,F-0524,primaria,Corte Interamericana de Derechos Humanos,"Caso de las Niñas Yean y Bosico vs. República Dominicana, Sentencia de 8 de septiembre de 2005, Serie C No. 130",2005,es,internacional,M15;M16,https://www.corteidh.or.cr/docs/casos/articulos/seriec_130_esp.pdf,pdf-en-linea,alta,"Primera sentencia de la Corte contra la República Dominicana sobre nacionalidad: dos niñas nacidas en territorio dominicano a las que, según la demanda de la Comisión que la sentencia resume, el Estado negó el acta de nacimiento y 'mantuvo como apátridas… Fiabilidad alta: Sentencia íntegra (100 páginas) del tribunal interamericano; documento base que la Corte IDH y la CIDH invocan en 2014-2015. To"
29,autor-titulo,F-2453,primaria,Corte Interamericana de Derechos Humanos,"Caso de las Niñas Yean y Bosico vs. República Dominicana, Supervisión de Cumplimiento de Sentencia: resoluciones de la Corte Interamericana de 28-XI-2007, 27-VIII-2010, 10-X-2011 y 12-III-2019 (esta última conjunta con el caso de Personas dominicanas y haitianas expulsadas); la resolución de la Presidenta de 18-V-2009 se descargó y no se leyó",2007-2019,es,internacional,M15;M16,https://www.corteidh.or.cr/docs/supervisiones/yean_28_11_07.pdf,pdf-en-linea,alta,"Resoluciones del tribunal que supervisa su sentencia de 2005. Fiabilidad alta: Resoluciones íntegras del tribunal que recogen los informes del propio Estado y las observaciones de las víctimas; se leyeron las de 2007, 2010 y 2011 (la de 2009 solo se descargó). Afirmaciones que toca: A-204. Verificación descargada-y-leida (acceso pdf-en-linea), consultada 2026-10-06; 10 extractos; lentes: dominican"
29,autor-titulo,F-2624,primaria,Corte Interamericana de Derechos Humanos,"Caso de las Niñas Yean y Bosico Vs. República Dominicana, Sentencia de 23 de noviembre de 2006 (Demanda de Interpretación de la Sentencia de Excepciones Preliminares, Fondo, Reparaciones y Costas), Serie C No. 156",2006,es,internacional,M15,https://www.corteidh.or.cr/docs/casos/articulos/seriec_156_esp.pdf,pdf-en-linea,alta,"Corte IDH (San José), sentencia unánime del 23-XI-2006 que resuelve la demanda de interpretación presentada por la República Dominicana el 5-I-2006, tres meses después de la sentencia de fondo. Sabe lo que el Estado, la Comisión y los representantes escribieron; no examina el fondo del argumento. Fiabilidad alta: Sentencia oficial de 8 páginas del propio tribunal, leída completa; recoge literalmen"
30,autor-titulo,F-0527,primaria,"U.S. Department of State, Bureau of Democracy, Human Rights and Labor","Country Reports on Human Rights Practices for 2015: Dominican Republic (U.S. Department of State, 13 de abril de 2016), copia de ecoi.net",2016,en,oficial-eeuu,M16,https://www.ecoi.net/de/dokument/1167872.html | https://www.ecoi.net/de/dokument/322573,texto-completo-en-linea,media,"Informe de un gobierno extranjero sobre derechos humanos; recoge la lectura estadounidense de TC/0168/13 y de la Ley 169-14, con cifras de la JCE para el Grupo A y estimados para el Grupo B. Fiabilidad media: Informe oficial anual del Departamento de Estado, reproducido por ecoi.net; las cifras son del propio Estado dominicano (JCE) y de ONG, y se citan con sus fuentes. Toca A-213, A-214, A-215, A"
30,autor-titulo,F-2612,primaria,"U.S. Department of State, para los comités de Relaciones Internacionales de la Cámara y de Relaciones Exteriores del Senado","Country Reports on Human Rights Practices for 1999, vol. I (Joint Committee Print, 106.º Congreso): sección «Dominican Republic»",2000,en,oficial-eeuu,M15,https://www.govinfo.gov/content/pkg/CPRT-106JPRT63935/html/CPRT-106JPRT63935-VolumeI.htm,texto-completo-en-linea,media,"Informe del Departamento de Estado sobre 1999, publicado en 2000 (106.º Congreso, 2.ª sesión) como Joint Committee Print (CPRT-106JPRT63935, vol. I; el HTML pesa unos 7 MB y la sección «DOMINICAN REPUBLIC» empieza en la l. 59370 del txt derivado). Redactado por la embajada con ONG y funcionarios dominicanos (el director de Migración). Fiabilidad media: Texto oficial impreso por el Congreso (govinf"
30,autor-titulo,F-2618,primaria,"U.S. Department of State, para los comités de Relaciones Exteriores del Senado y de la Cámara","Country Reports on Human Rights Practices for 2002, vol. II (S. Prt. 108-30, Joint Committee Print): sección «Dominican Republic»",2003,en,oficial-eeuu,M15,https://www.govinfo.gov/content/pkg/CPRT-108JPRT88454/html/CPRT-108JPRT88454.htm,texto-completo-en-linea,media,"Informe del Departamento de Estado sobre 2002, publicado en 2003 como S. Prt. 108-30, vol. II (CPRT-108JPRT88454; la sección «DOMINICAN REPUBLIC» empieza en la l. 56129 del txt derivado del HTML de 5,5 MB). Redactado por la embajada con ONG y funcionarios dominicanos. Fiabilidad media: Texto oficial impreso por el Congreso (govinfo) con una cifra anual atribuida a la Dirección de Migración dominic"
30,autor-titulo,F-2632,primaria,"U.S. Department of State, para los comités de Relaciones Exteriores del Senado y de la Cámara","Country Reports on Human Rights Practices for 2010, vol. II (S. Prt. 112-30, Joint Committee Print): sección «Dominican Republic»",2011,en,oficial-eeuu,M15;M16,https://www.govinfo.gov/content/pkg/CPRT-112JPRT66165/html/CPRT-112JPRT66165-VolumeII.htm,texto-completo-en-linea,media,"Informe del Departamento de Estado sobre 2010, publicado en 2011 como S. Prt. 112-30, vol. II (CPRT-112JPRT66165-VolumeII; la sección «DOMINICAN REPUBLIC» empieza en la l. 66107 del txt derivado del HTML de 5,8 MB). Cubre el año del terremoto y la moratoria de deportaciones. Fiabilidad media: Texto oficial impreso por el Congreso (govinfo) con cifras atribuidas a organismos con nombre (DGM, OIM, d"
31,autor-titulo+nota,F-0549,secundaria,"Hayes de Kalaf, Eve","Legal Identity, Race and Belonging in the Dominican Republic: From Citizen to Foreigner",2021,en,internacional,M16,https://anthempress.com/books/legal-identity-race-and-belonging-in-the-dominican-republic-hb | https://anthempress.com/legal-identity-race-and-belonging-in-the-dominican-republic-pb,bajo-derechos,media,"Eve Hayes de Kalaf (University of Aberdeen, Spanish & Latin American Studies, según su ficha institucional), 2021, Anthem Press (Londres), con prólogo de Junot Díaz. Fiabilidad media: Monografía académica (Anthem Press, 146 pp.) cuya ficha editorial se leyó, pero el texto del libro no se abrió; el argumento se conoce solo por la descripción editorial y por una reseña (ver… Toca A-212, A-215, A-217"
31,autor-titulo+nota,F-0612,secundaria,"Hayes de Kalaf, Eve","Legal Identity, Race and Belonging in the Dominican Republic: From Citizen to Foreigner (Anthem Press; ficha de la editorial)",2021,en,internacional,M16,https://anthempress.com/books/legal-identity-race-and-belonging-in-the-dominican-republic-pb | https://globalcit.eu/legal-identity-race-and-belonging-in-the-dominican-republic/,bajo-derechos,media,"Eve Hayes de Kalaf, investigadora de la identidad legal y la apatridia (afiliación POR VERIFICAR; un resultado de búsqueda la sitúa en el Institute of Commonwealth Studies, Universidad de Londres, sin abrirlo). Fiabilidad media: Monografía de 146 páginas de Anthem Press (con prólogo de Junot Díaz) cuya ficha editorial se leyó; el texto no es de acceso abierto y no se abrió. Toca A-217. Verificació"
32,autor-titulo,F-0595,base-de-datos,ACNUR (UNHCR),"UNHCR Refugee Data Finder (API de estadísticas de población): serie de la República Dominicana, columna «stateless», 2010-2025",2013-2025,en,internacional,M16,https://api.unhcr.org/population/v1/population/?coa=DOM&yearFrom=2008&yearTo=2025,texto-completo-en-linea,alta,"Base estadística pública del ACNUR (Refugee Data Finder), alimentada con los informes anuales Global Trends y Mid-Year Trends. Para la RD publica una cifra de apátridas solo en 2013, 2014 y 2015. La respuesta es JSON; Fiabilidad alta: Estadística oficial del organismo con mandato sobre apatridia; es una estimación derivada de la ENI-2012 y no un recuento independiente (ver ficha de las notas de pi"
32,autor-titulo,F-0596,base-de-datos,ACNUR (UNHCR),"UNHCR Refugee Data Finder (API de notas de pie): notas metodológicas sobre la cifra de apátridas de la República Dominicana, 2015-2025",2015-2025,en,internacional,M16,https://api.unhcr.org/population/v1/footnotes/?coa=DOM,texto-completo-en-linea,alta,"Endpoint de notas de pie del mismo Refugee Data Finder. Para la RD devuelve 11 notas (años 2015 a 2025), escritas por el personal estadístico del ACNUR a partir de informes de las autoridades dominicanas. Fiabilidad alta: Es la nota metodológica que el propio ACNUR adjunta a su cifra y la única base declarada de la serie; no publica el cálculo, solo el criterio de inclusión. Toca A-213, A-217, A-2"
33,autor-titulo,F-0607,primaria,"República Dominicana, Oficina Nacional de Estadística (ONE); copia de IPUMS International (Universidad de Minnesota)","IX Censo Nacional de Población y Vivienda 2010: boleta censal, sección VI «Características de las personas que viven habitualmente en el hogar» (pp. 4-5)",2010,es,oficial-rd,M16,https://international.ipums.org/international/resources/census_forms/america_north/do2010ef_dominican_republic_enumeration_form.es.pdf,pdf-en-linea,alta,"Boleta del censo de 2010 (versión de 25-VIII-2010 según el pie de la hoja), con 16 páginas y una sección de personas que se repite por persona. Escrita por la ONE para lectura óptica. Fiabilidad alta: Boleta censal original en formato de lectura óptica, alojada por IPUMS-I; texto legible y cotejado con imagen en las dos páginas de personas. Toca A-257. Verificación descargada-y-leida (acceso pdf-e"
33,autor-titulo,F-2634,primaria,"República Dominicana, Oficina Nacional de Estadística (ONE); dirección: Francisco Cáceres Ureña; consultor internacional: Walter Cavero Dhaga","IX Censo Nacional de Población y Vivienda 2010, Informe General, Volumen I (Santo Domingo, junio de 2012): Cuadro 9, población nacida en otro país por país de nacimiento, y cap. 10.1, cobertura censal",2012,es,oficial-rd,M15;M16,https://web.archive.org/web/20121202090504if_/http://censo2010.one.gob.do/volumenes_censo_2010/vol1.pdf,pdf-en-linea,alta,"Informe General del IX Censo (empadronamiento del 1 al 7 de diciembre de 2010) publicado por la ONE en junio de 2012 con asesoría internacional. Escrito para uso del Estado y de la comunidad estadística, cuando el debate sobre el volumen de haitianos se apoyaba en estimaciones sin base (la ENI-2012 lo dice). Datos de primera mano: boleta censal, cobertura y ajuste. Wikipedia (2010 Dominican Republ"
34,url,F-0642,primaria,"República Dominicana; República de Haití (plenipotenciarios Alfonseca, Morales, Troncoso de la Concha, Peynado, Peña Batlle, Álvarez y Dejean); Sociedad de las Naciones (Secretariat, ed.)","Treaty of Peace, Friendship and Arbitration between the Dominican Republic and Haiti, signed at Santo Domingo, February 20, 1929 (Tratado de Paz, Amistad y Arbitraje / Traité de paix, d'amitié et d'arbitrage), League of Nations Treaty Series, vol. 105, No. 2414, pp. 215-226",1929,es,internacional,M12;M16;M13,https://treaties.un.org/doc/Publication/UNTS/LON/Volume%20105/v105.pdf,pdf-en-linea,alta,"Tratado bilateral firmado en Santo Domingo el 20-II-1929 por plenipotenciarios dominicanos y el ministro haitiano Léon Dejean, en pleno cierre de la disputa fronteriza (tratado de fronteras del 21-I-1929); Fiabilidad alta: Texto oficial bilingüe (español y francés, ambos auténticos) comunicado por la Secretaría de Estado de Relaciones Exteriores dominicana y registrado en Ginebra el 7-VIII-1930; T"
34,url,F-0643,primaria,"República Dominicana; República de Haití; Sociedad de las Naciones (Secretariat, ed.)","Treaty of the Delimitation of the Frontier between the Dominican Republic and Haiti, signed at Santo Domingo, January 21, 1929, and Exchange of Notes (Tratado fronterizo dominico-haitiano / Traité sur la délimitation de la frontière), League of Nations Treaty Series, vol. 105, No. 2413, pp. 193-214",1929,es,internacional,M12;M16;M11;M13,https://treaties.un.org/doc/Publication/UNTS/LON/Volume%20105/v105.pdf,pdf-en-linea,alta,"Tratado que fija la frontera dominico-haitiana (firmado el 21-I-1929), anterior en un mes al de Paz, Amistad y Arbitraje y hecho para zanjar la disputa heredada de 1874; incluye 17 artículos y canje de notas. Fiabilidad alta: Texto oficial bilingüe comunicado por la Secretaría de Estado de Relaciones Exteriores dominicana, registrado en Ginebra el 7-VIII-1930; la traducción inglesa es del Secretar"
35,autor-titulo,F-0647,primaria,Ministerio de Interior y Policía de la República Dominicana (Dirección de Planificación y Desarrollo),"Ministerio de Interior y Policía, Memoria Institucional 2015 (Rendición de cuentas), Santo Domingo",2015,es,oficial-rd,M16,https://mip.gob.do/wp-content/uploads/2023/06/Memoria-Institucional-Ministerio-Interior-y-Policia-2015.pdf,pdf-en-linea,media,"El Ministerio de Interior y Policía (MIP) ejecutó el PNRE (Decreto 327-13, 29-XI-2013) y recibió las solicitudes de la letra b) del art. Fiabilidad media: Informe de rendición de cuentas del propio ministerio ejecutor del Plan Nacional de Regularización de Extranjeros (PNRE) y de la parte B de la Ley 169-14: dato de primera mano pero de parte, sin… Toca A-218. Verificación descargada-y-leida (acce"
35,autor-titulo,F-0648,primaria,Ministerio de Interior y Policía de la República Dominicana (Dirección de Planificación y Desarrollo),"Ministerio de Interior y Policía, Memoria Institucional 2014, Santo Domingo",2014,es,oficial-rd,M16,https://mip.gob.do/wp-content/uploads/2023/06/Memoria-Institucional-Ministerio-Interior-y-Policia-2014.pdf,pdf-en-linea,media,"Primer año del PNRE (la ejecución empezó el 2-VI-2014) y de la Ley 169-14; el texto dice que las oficinas del PNRE recibían también las solicitudes de registro de hijos de extranjeros (art. 6 y ss. de la ley, Decreto 250-14). Fiabilidad media: Memoria de gestión del ministerio ejecutor, dato de primera mano pero de parte. Toca A-218. Verificación descargada-y-leida (acceso pdf-en-linea); consulta "
35,autor-titulo,F-0649,primaria,Ministerio de Interior y Policía de la República Dominicana (Dirección de Planificación y Desarrollo),"Ministerio de Interior y Policía, Memoria Institucional 2016, Santo Domingo",2016,es,oficial-rd,M16,https://mip.gob.do/wp-content/uploads/2023/06/Memoria-Institucional-Ministerio-Interior-y-Policia-2016.pdf,pdf-en-linea,media,Cierra el PNRE administrativo (entrega de carnés) un año después del fin del plazo de inscripción; la memoria incluye una tabla 'LEY 169-14 LETRA B' con 4.645 carnés entregados que el PDF extrae sin contexto. Fiabilidad media: Memoria de gestión del ministerio ejecutor; las tablas del PNRE salen desordenadas del PDF y solo se cita la frase en prosa. Toca A-218. Verificación descargada-y-leida (acc
36,autor-titulo,F-0658,primaria,"U.S. Department of State, Bureau of Democracy, Human Rights, and Labor","U.S. Department of State, Country Reports on Human Rights Practices for 2016: Dominican Republic",2016,en,oficial-eeuu,M16,https://2021-2025.state.gov/reports/2016-country-reports-on-human-rights-practices/dominican-republic,texto-completo-en-linea,media,"Informe anual de derechos humanos del Departamento de Estado de EE. UU. sobre 2016 (publicado en 2017 [POR VERIFICAR fecha]); sección sobre apatridia con los números de la JCE y del PNRE. Fiabilidad media: Informe oficial de un gobierno tercero; las cifras son del Estado dominicano o de ONG, citadas sin cotejo; el Departamento de Estado es parte interesada en la relación con ambos países. Toca A-2"
36,autor-titulo,F-0659,primaria,"U.S. Department of State, Bureau of Democracy, Human Rights, and Labor","U.S. Department of State, Country Reports on Human Rights Practices for 2021: Dominican Republic",2021,en,oficial-eeuu,M16,https://www.state.gov/reports/2021-country-reports-on-human-rights-practices/dominican-republic/,texto-completo-en-linea,media,"Informe de derechos humanos sobre 2021 (publicado en 2022 [POR VERIFICAR fecha]). Se leyeron solo los tres párrafos sobre los Grupos A y B. Fiabilidad media: Informe oficial de un gobierno tercero que cita cifras del Estado dominicano y de ONG sin cotejo. Toca A-218. Verificación descargada-y-leida (acceso texto-completo-en-linea); consulta 2026-10-06 (ronda 2, COL)."
36,autor-titulo,F-2756,primaria,"U.S. Department of State, Bureau of Democracy, Human Rights, and Labor","U.S. Department of State, Country Reports on Human Rights Practices for 1993: Dominican Republic (publicado el 30-I-1994; copia en Refworld, docid 3ae6aa4f10)",1994,en,oficial-eeuu,M15,https://www.refworld.org/docid/3ae6aa4f10.html,localizada-bloqueada,alta,"Informe de 1993 del Departamento de Estado al Congreso, escrito por su embajada en Santo Domingo con datos del Gobierno dominicano; cubre el año posterior a las expulsiones de 1991. Fiabilidad alta: Informe anual oficial del Departamento de Estado, no leído: refworld.org devuelve 403 a WebFetch y desafío de Cloudflare a curl; la copia del archivo del ACNUR muestra una verificación anti-bot. Afirma"
37,autor-titulo,F-0769,primaria,"Lepelletier de Saint-Rémy, Romuald","Saint-Domingue. Étude et solution nouvelle de la question haïtienne, t. II",1846,fr,francesa,M08;M09;M05,https://archive.org/details/saintdominguetud02lepe | https://archive.org/download/saintdominguetud02lepe/saintdominguetud02lepe_djvu.txt | https://dloc.com/AA00008880/00002 | https://ufdc.ufl.edu/AA00008880/00002 | https://dloc.com/AA00008880/00001 | https://ufdc.ufl.edu/AA00008880/00001 | https://archive.org/details/saintdominguetud01lepe,texto-completo-en-linea,baja,"Romuald Lepelletier de Saint-Rémy, escritor y publicista francés; el libro (París, 1846) hace un balance de la historia de la isla y de la separación de 1844 y propone un papel francés; fiabilidad baja (Publicista francés de 1846 con tesis política (desprestigiar el gobierno de Boyer y favorecer una influencia francesa en la nueva república dominicana); sus cifras de…); afirmaciones que toca: A-10"
37,autor-titulo,F-2214,secundaria,"Lepelletier de Saint-Rémy, R.","Saint-Domingue. Étude et solution nouvelle de la question haïtienne, t. I (Paris, Arthus Bertrand, 1846), livre II, chap. IX 'Constitution de la République dominicaine', pp. 332-335",1846,fr,francesa,M07;M02;M03,https://archive.org/details/saintdominguetu01saingoog | https://archive.org/download/saintdominguetu01saingoog/saintdominguetu01saingoog_djvu.txt,texto-completo-en-linea,media,"Lepelletier de Saint-Rémy, cuyo nombre sale en Ardouin IX como autor mal informado (p. 131, n.), publica en París en 1846 un estudio sobre la 'cuestion haitiana' favorable a la separación dominicana y crítico del gobierno de Boyer. Es el mismo libro del registro F-0769 (t. II); este es el t. I, con el capítulo sobre 1821-22. Escrito con material de Ardouin (cita su Géographie de l'île d'Haïti, 183"
38,url,F-0792,primaria,"Rodríguez Demorizi, Emilio (director del Boletín y compilador); Despradel y Batista, Guido","La Revolución de 1843. Apuntes y documentos para su estudio (Boletín del Archivo General de la Nación, año VI, n.º 26-27, Ciudad Trujillo, enero-abril de 1943, pp. 28-115), con los documentos 2 a 11 [Doc. 4: «Representación de la Junta Popular, 8 junio 1843»; Doc. 7 y 8: Buenaventura Báez en la Constituyente de 1843; Doc. 10: «La dominación haitiana. El 27 de febrero», editorial de la Gaceta de Gobierno del 27-II-1856]; y, en el mismo número, Guido Despradel y Batista, «La Municipalidad de Santo Domingo ante el Golpe Libertador del 27 de Febrero» (pp. 3-27)",1943 (número fechado enero-abril de 1943; el archivo del AGN lo rotula 1942),es,dominicana,M08;M09,https://agn.gob.do/wp-content/uploads/2025/07/BAGN_1942_No_26-27.pdf,pdf-en-linea,alta,"Boletín del Archivo General de la Nación, año VI, n.º 26-27 (Ciudad Trujillo, enero-abril de 1943; PDF del AGN, 120 págs.; el nombre del archivo dice 1942): publicación bimestral dirigida por Emilio Rodríguez Demorizi; sumario: Despradel y Batista…; fiabilidad alta (Compilación documental del director del Boletín que reproduce, con su procedencia (La Sentinelle de la Liberté, 1843; Gaceta de Gobie"
38,url,F-1553,primaria,"López de Medrano, Andrés","Discurso que en la apertura de las aulas y restitución de la Universidad pronunció Andrés López de Medrano (Santo Domingo, Imprenta del Gobierno, junio-julio de 1822)",1822,es,dominicana,M08,https://agn.gob.do/wp-content/uploads/2025/07/BAGN_1942_No_26-27.pdf,no-localizada,alta,"Andrés López de Medrano (nacido en Santiago de los Caballeros; médico, profesor y rector de la Universidad entre 1820 y 1822 según un artículo de divulgación [POR VERIFICAR]) firmó el acta de la entrada de Boyer (9-II-1822, Recueil t.… Fiabilidad alta (Documento primario de un rector de la Universidad impreso por el gobierno en 1822 (existencia confirmada por una nota de Demorizi); no se leyó, por"
39,nota+url,F-0806,secundaria,"Despradel, Lil","Las etapas del antihaitianismo en la República Dominicana: el papel de los historiadores (en Política y sociología en Haití y la República Dominicana, coloquio de México, julio de 1971)",1974,es,dominicana,M08;M13;M14,https://ru.iis.sociales.unam.mx/bitstream/IIS/6013/2/04PoliticaYSociologiaEnHaitiYLaRepublicaDominicana.pdf | https://diccionario.funglode.org/wp-content/uploads/2018/09/AntologiaPensaminetoCriticoDominicano.pdf | https://ufdcimages.uflib.ufl.edu/AA/00/09/70/22/00006/10-1972_pdf.txt | https://dloc.com/AA00097022/00006,pdf-en-linea,media,"Lil Despradel (autor dominicano; la capa de texto no recoge su filiación) presenta el texto en el Coloquio Dominico-Haitiano de Ciencias Sociales (UNAM, México, 19-23 julio 1971), editado por Gérard Pierre-Charles (UNAM, Instituto de Investigaciones…; fiabilidad media (Capítulo académico de la primera ola crítica (1971) con notas a Del Monte y Tejada, Guridi y Luperón, pero de lectura sociológica "
39,nota+url,F-0807,secundaria,"Pierre-Charles, Gérard",Génesis de las naciones haitiana y dominicana (en Política y sociología en Haití y la República Dominicana; apartado IV «La emergencia del Estado-nación»),1974,es,haitiana,M08;M05;M07;M04,https://ru.iis.sociales.unam.mx/bitstream/IIS/6013/2/04PoliticaYSociologiaEnHaitiYLaRepublicaDominicana.pdf,pdf-en-linea,media,"Gérard Pierre-Charles (economista y sociólogo haitiano, editor del volumen) lo presenta en el Coloquio Dominico-Haitiano de México (julio 1971); UNAM-IIS, 1974. El apartado IV (pp. 33-37) razona que la ocupación de Boyer «consolidó en forma decisiva…; fiabilidad media (Ensayo de síntesis de un economista-sociólogo haitiano en México (capítulo de pp. 14-41 del volumen), útil aquí porque transcribe "
39,nota+url,F-1499,secundaria,"Castor, Suzy","El impacto de la ocupación norteamericana en Haití (1915-1934) y en la República Dominicana (1916-1924) (en Política y sociología en Haití y la República Dominicana, UNAM, 1974)",1974,es,haitiana,M08;M12,https://ru.iis.sociales.unam.mx/bitstream/IIS/6013/2/04PoliticaYSociologiaEnHaitiYLaRepublicaDominicana.pdf,pdf-en-linea,media,Suzy Castor (n. 1936) participó en el coloquio de México de 1971 como profesora de la UNAM; el capítulo trata la ocupación estadounidense y dedica un apartado a la estructura agraria dominicana que remite a Bosch 1970. [Datos biográficos POR VERIFICAR] Fiabilidad media (Ponencia de una historiadora haitiana sobre otra época (1915-1934); el pasaje sobre Boyer es un antecedente de dos páginas apoyad
39,nota,F-2308,secundaria,"Corten, André","Migrations et intérêts de classes (versión española: «Migración e intereses de clases», en Política y sociología en Haití y la República Dominicana, UNAM 1974, pp. 65-83)",1972,fr,internacional,M12;M13;M14,https://dloc.com/AA00097022/00006 | https://ufdcimages.uflib.ufl.edu/AA/00/09/70/22/00006/10-1972_pdf.txt | https://ru.iis.sociales.unam.mx/bitstream/IIS/6013/2/04PoliticaYSociologiaEnHaitiYLaRepublicaDominicana.pdf,texto-completo-en-linea,alta,"André Corten (Universidad de Lovaina; luego UQAM) presentó el texto en el Coloquio Dominico-Haitiano de Ciencias Sociales (México, julio de 1971) que editó Gérard Pierre-Charles; se publicó en francés en Nouvelle Optique n.º 6 (Montreal, octubre-diciembre de 1972, pp. 45-64, revista de exiliados y universitarios… Fiabilidad alta: Estudio sociológico de un investigador de Lovaina con encuesta propi"
39,nota+url,F-2858,secundaria,"Pierre-Charles, Gérard (ed.); Corten, André","Coloquio Dominico-Haitiano de Ciencias Sociales (México, VII-1971): Presentación y conclusiones (G. Pierre-Charles, ed.); A. Corten, 'Migración e intereses de clases'",1974,es,haitiana,M12;M13;M14,https://ru.iis.sociales.unam.mx/bitstream/IIS/6013/2/04PoliticaYSociologiaEnHaitiYLaRepublicaDominicana.pdf | https://ru.iis.sociales.unam.mx/handle/IIS/6013,pdf-en-linea,media,"Coloquio celebrado en la UNAM del 19 al 23 de julio de 1971 con participantes de ambos países (S. Castor, C. Hector, G. Pierre-Charles, J. Casimir, Lil Despradel, A. Corten...), editado por el economista haitiano Gérard Pierre-Charles; las conclusiones fueron… Fiabilidad media: Volumen universitario con conclusiones colectivas de un coloquio de investigadores haitianos, dominicanos y europeos; las"
40,nota+url,F-0871,secundaria,"Paredes Vera, María Isabel (el índice de Clío imprime «Peredes»); Moya Pons, Frank","Clío, año 81, n.º 184 (jul.-dic. 2012): Paredes Vera, «La Constitución de 1812 en Santo Domingo. La génesis de la Independencia Efímera de Núñez de Cáceres…» (pp. 99-143); Moya Pons, «La Constitución de Cádiz en la República Dominicana» (pp. 144-153)",2012,es,dominicana,M00;M07,https://academiadominicanahistoria.org.do/wp-content/uploads/2017/07/184-1.pdf | https://catalogo.academiadominicanahistoria.org.do/opac-tmpl/files/ppcodice/CLIO-2012-184-099-143.pdf,pdf-en-linea,alta,"Número editado por Emilio Cordero Michel (Academia Dominicana de la Historia) para conmemorar el bicentenario de la Constitución de Cádiz. Fiabilidad alta (Revista institucional de la Academia Dominicana de la Historia, con aparato crítico y referencias al texto de García que…); afirmaciones que toca: A-011; verificación descargada-y-leida (acceso pdf-en-linea), consultada 2026-10-06. | F2 2026-10"
40,nota+url,F-2246,secundaria,"Guerra, Adriano Israel","Las paradojas de la soberanía y el poder: Santo Domingo durante la Revolución Haitiana y su representación en las Cortes de Cádiz (Clío, año 81, n.º 184, jul.-dic. 2012, pp. 11-98)",2012,es,internacional,M07,https://academiadominicanahistoria.org.do/wp-content/uploads/2017/07/184-1.pdf,pdf-en-linea,media,"Adriano Israel Guerra (colombiano con maestría en Historia del Mundo Hispánico, Universidad Jaume I; profesor de la Universidad del Norte) publica el primer trabajo del n.º 184 de Clío, número dedicado al bicentenario de la Constitución de Cádiz. Se descargó el número completo (3,9 MB) y se leyeron solo los pasajes demográficos y de situado (pp. 63-64 y 83-84). El mismo PDF contiene a Paredes Vera"
41,url,F-0899,divulgacion,Le National (redacción),"5-6 décembre / Débarquement des conquérants européens sur l'île des Taïnos « Hayiti, Quisqueya ou Bohio » (Le National, 6-XII-2024), titular y sumario",2024,fr,haitiana,M00;M02,https://lenational.org/post_article.php?soc=1558,fragmento-busqueda,baja,"Diario Le National (Port-au-Prince); la nota anuncia que las organizaciones Mouvement Point Final, Medic Haïti y ATPO marcarán 'les grandes dates de l'histoire coloniale d'Haïti' dentro de su exposición itinerante sobre la 'dette de l'indépendance'. Fiabilidad baja (Solo titular y una frase de sumario visibles (muro de pago); sirve de indicio de uso, no de evidencia.); afirmaciones que toca: A-002"
41,url,F-2121,divulgacion,Le National (redacción),"La cassave est inscrite au patrimoine culturel immatériel de l'humanité (Le National, 5-XII-2024)",2024,fr,haitiana,M01,https://lenational.org/post_article.php?pol=5775,fragmento-busqueda,media,"Le National (Port-au-Prince) informa de la inscripción de la cassave (casabe) en la Lista Representativa del Patrimonio Cultural Inmaterial (19.ª sesión del Comité intergubernamental), candidatura multinacional de Haití, Cuba, Honduras, República Dominicana y Venezuela, según la propia nota. Fiabilidad media: Nota de un diario haitiano que recoge un comunicado de la delegación permanente de Haití "
42,url,F-0900,primaria,"Fernández de Navarrete, Martín (ed.); Colón, Cristóbal; Álvarez Chanca, Diego","Colección de los viages y descubrimientos que hicieron por mar los españoles desde fines del siglo XV, t. I: 'Primer viage' (Diario) y 'Segundo viage' (carta del doctor Chanca al Cabildo de Sevilla)",1825 (documentos de 1492-94),es,espanola,M00;M02;M01,"https://archive.org/download/coleccindelosv01nava/coleccindelosv01nava_djvu.txt | https://archive.org/details/coleccindelosv01nava | https://archive.org/download/coleccindelosvia15nava/coleccindelosvia15nava_djvu.txt (segundo ejemplar escaneado, cotejado)",pdf-en-linea,alta,"Navarrete (1765-1844), marino e historiador de la Real Academia de la Historia, publicó en Madrid (Imprenta Real, 1825) los viajes colombinos. Fiabilidad alta (Edición documental estándar del siglo XIX con el texto de la carta de un testigo presencial (Chanca) y cotejo con dos ejemplares…); afirmaciones que toca: A-002, A-007, A-012, A-020; verificación descargada-y-leida (acceso pdf-en-linea), co"
42,url,F-3056,primaria,"Colón, Cristóbal; ed. Fernández de Navarrete, Martín","Memorial que para los Reyes Católicos dio el Almirante don Cristóbal Colón a Antonio de Torres, Isabela, 30-I-1494, con las respuestas marginales de los Reyes, en Navarrete, Colección de los viages y descubrimientos, t. I (Madrid, 1825), pp. 378-381",1494 (ed. 1825),es,espanola,M01;M02,https://archive.org/download/coleccindelosv01nava/coleccindelosv01nava_djvu.txt,texto-completo-en-linea,alta,"Colón la entrega a Antonio de Torres, capitán de los doce navíos que regresaban a Castilla el 2 de febrero de 1494, con los puntos que debía exponer a los Reyes. Propone enviar caníbales (hombres, mujeres y niños) para que aprendan la lengua, y, más adelante, pagar el ganado y los mantenimientos que traigan las carabelas ""en esclavos de estos caníbales"". Fiabilidad alta: Instrucción escrita por el"
43,url,F-0944,secundaria,"García, José Gabriel","La idea separatista (artículo de 1863, reproducido en el Boletín del AGN, n.os 32-33, enero-abril de 1944)","1863 (El Mensajero, n.º 33, 27-II-1863); reimpresión BAGN 1944",es,dominicana,M08;M09,https://agn.gob.do/wp-content/uploads/2025/07/BAGN_1944_No_32-33.pdf,pdf-en-linea,media,"Artículo de José Gabriel García (1834-1910) publicado en El Mensajero (Santo Domingo, n.º 33, 27 de febrero de 1863), es decir bajo el gobierno anexionista español y al cumplirse 19 años del 27 de febrero; reproducido en La Opinión Nacional (1898) y en el BAGN, n.os 32-33 (1944, pp; fiabilidad media (Texto fundacional de la historiografía dominicana por su autor, un contemporáneo de los hechos que"
43,url,F-0945,primaria,"Serra, José María (1887); edición y notas: Rodríguez Demorizi, Emilio","Apuntes para la historia de los trinitarios, fundadores de la República Dominicana (reproducidos en el Boletín del AGN, año VII, vol. VII, n.os 32-33, enero-abril de 1944, edición conmemorativa del centenario)",1887 (reimpresión BAGN 1944),es,dominicana,M08;M09,https://agn.gob.do/wp-content/uploads/2025/07/BAGN_1944_No_32-33.pdf,pdf-en-linea,media,"José María Serra (1819-1888), uno de los nueve fundadores de La Trinitaria, escribió en Mayagüez (Puerto Rico), donde murió, las Apuntes para la historia de los trinitarios, publicados por Imprenta de García Hermanos (Santo Domingo, 1887) a petición de F. A. de Meriño; fiabilidad media (Testimonio de un trinitario fundador, pero escrito unos cuarenta y cinco años después de los hechos y con diálog"
44,autor-titulo,F-0974,primaria,"Gobierno de Haití (Imprimerie nationale); firma: Soulouque / Dufrêne, secretario general; redactor-gerente: Madiou","Le Moniteur haïtien (journal officiel), Port-au-Prince, 21 de abril de 1849 (4.º año, n.º 22)",1849,fr,oficial-haiti,M09,https://ufdcimages.uflib.ufl.edu/AA/00/09/82/14/00034/1849042101.pdf | https://dloc.com/AA00098214/00034 | https://api.dloc.patron.uflib.ufl.edu/AA00098214/00034/citation?format=json,pdf-en-linea,alta,"Órgano oficial del Gobierno de Haití (publicado cada sábado, del 8-II-1845 al 13-IV-1867 según la nota general de dLOC; «Imprimerie nationale»/«impériale»). En 1849 y 1856 consta como «rédacteur-gérant» un Madiou (en 1856, «le baron de Madiou, rédacteur gérant et rédacteur des actes du gouvernement») [POR VERIFICAR que sea el hi…; fiabilidad alta (Gaceta oficial del Gobierno haitiano, texto de épo"
44,autor-titulo,F-0975,primaria,"Gobierno de Haití (Imprimerie nationale); firma: Soulouque / Dufrêne, secretario general; redactor-gerente: Madiou","Le Moniteur haïtien (journal officiel), Port-au-Prince, 5 de mayo de 1849 (4.º año, n.º 24)",1849,fr,oficial-haiti,M09,https://ufdcimages.uflib.ufl.edu/AA/00/09/82/14/00036/1849050501.pdf | https://dloc.com/AA00098214/00036 | https://api.dloc.patron.uflib.ufl.edu/AA00098214/00036/citation?format=json,pdf-en-linea,alta,"Órgano oficial del Gobierno de Haití (publicado cada sábado, del 8-II-1845 al 13-IV-1867 según la nota general de dLOC; «Imprimerie nationale»/«impériale»). En 1849 y 1856 consta como «rédacteur-gérant» un Madiou (en 1856, «le baron de Madiou, rédacteur gérant et rédacteur des actes du gouvernement») [POR VERIFICAR que sea el hi…; fiabilidad alta (Gaceta oficial del Gobierno haitiano, texto de épo"
44,autor-titulo,F-0976,primaria,"Gobierno de Haití (Imprimerie nationale); firma: Soulouque / Dufrêne, secretario general; redactor-gerente: Madiou","Le Moniteur haïtien (journal officiel), Port-au-Prince, 18 de enero de 1851",1851,fr,oficial-haiti,M09,https://ufdcimages.uflib.ufl.edu/AA/00/09/82/14/00072/1851011801.pdf | https://dloc.com/AA00098214/00072 | https://api.dloc.patron.uflib.ufl.edu/AA00098214/00072/citation?format=json,pdf-en-linea,alta,"Órgano oficial del Gobierno de Haití (publicado cada sábado, del 8-II-1845 al 13-IV-1867 según la nota general de dLOC; «Imprimerie nationale»/«impériale»). En 1849 y 1856 consta como «rédacteur-gérant» un Madiou (en 1856, «le baron de Madiou, rédacteur gérant et rédacteur des actes du gouvernement») [POR VERIFICAR que sea el hi…; fiabilidad alta (Gaceta oficial del Gobierno haitiano, texto de épo"
44,autor-titulo,F-0977,primaria,"Gobierno de Haití (Imprimerie nationale); firma: Soulouque / Dufrêne, secretario general; redactor-gerente: Madiou","Le Moniteur haïtien (journal officiel), Port-au-Prince, 9 de febrero de 1856 (11.º año, n.º 9)",1856,fr,oficial-haiti,M09,https://ufdcimages.uflib.ufl.edu/AA/00/09/82/14/00225/1856020901.pdf | https://dloc.com/AA00098214/00225 | https://api.dloc.patron.uflib.ufl.edu/AA00098214/00225/citation?format=json,pdf-en-linea,alta,"Órgano oficial del Gobierno de Haití (publicado cada sábado, del 8-II-1845 al 13-IV-1867 según la nota general de dLOC; «Imprimerie nationale»/«impériale»). En 1849 y 1856 consta como «rédacteur-gérant» un Madiou (en 1856, «le baron de Madiou, rédacteur gérant et rédacteur des actes du gouvernement») [POR VERIFICAR que sea el hi…; fiabilidad alta (Gaceta oficial del Gobierno haitiano, texto de épo"
44,autor-titulo+url,F-1021,primaria,Gobierno de Haití (Imprimerie nationale); firma de Pierrot (presidente de Haití); rédacteur-gérant Dumai Lespinasse,"Le Moniteur haïtien (journal officiel), Port-au-Prince, 10 mai 1845 (1re année, n.º 14)",1845,fr,oficial-haiti,M09,https://gallica.bnf.fr/RequestDigitalElement?O=bpt6k1264034b&E=ALTO&Deb=1 | https://gallica.bnf.fr/services/Issues?ark=ark:/12148/cb32819449v/date&date=1845,texto-completo-en-linea,alta,"Órgano oficial del gobierno haitiano (semanal, sábados; Imprimerie nationale), la «Partie officielle» recoge proclamas, decretos, partes de guerra y discursos y la no oficial, noticias y artículos de prensa; en 1845 y 1849 publica también versiones…; fiabilidad alta (Boletín oficial del Estado haitiano: prueba auténtica de lo que el gobierno decía y hacía público, no de la veracidad de sus partes "
44,autor-titulo+url,F-1022,primaria,Gobierno de Haití (Imprimerie nationale); firma de Pierrot (presidente de Haití); rédacteur-gérant Dumai Lespinasse,"Le Moniteur haïtien (journal officiel), Port-au-Prince, 17 mai 1845 (1re année, n.º 15)",1845,fr,oficial-haiti,M09,https://gallica.bnf.fr/RequestDigitalElement?O=bpt6k1264033x&E=ALTO&Deb=1 | https://gallica.bnf.fr/RequestDigitalElement?O=bpt6k1264033x&E=ALTO&Deb=2 | https://gallica.bnf.fr/services/Issues?ark=ark:/12148/cb32819449v/date&date=1845,texto-completo-en-linea,alta,"Órgano oficial del gobierno haitiano (semanal, sábados; Imprimerie nationale), la «Partie officielle» recoge proclamas, decretos, partes de guerra y discursos y la no oficial, noticias y artículos de prensa; en 1845 y 1849 publica también versiones…; fiabilidad alta (Boletín oficial del Estado haitiano: prueba auténtica de lo que el gobierno decía y hacía público, no de la veracidad de sus partes "
44,autor-titulo+url,F-1023,primaria,Gobierno de Haití (Imprimerie nationale); firma de Pierrot (presidente de Haití); rédacteur-gérant Dumai Lespinasse,"Le Moniteur haïtien (journal officiel), Port-au-Prince, 24 mai 1845 (1re année, n.º 16)",1845,fr,oficial-haiti,M09,https://gallica.bnf.fr/RequestDigitalElement?O=bpt6k1264032h&E=ALTO&Deb=4 | https://gallica.bnf.fr/services/Issues?ark=ark:/12148/cb32819449v/date&date=1845,texto-completo-en-linea,alta,"Órgano oficial del gobierno haitiano (semanal, sábados; Imprimerie nationale), la «Partie officielle» recoge proclamas, decretos, partes de guerra y discursos y la no oficial, noticias y artículos de prensa; en 1845 y 1849 publica también versiones…; fiabilidad alta (Boletín oficial del Estado haitiano: prueba auténtica de lo que el gobierno decía y hacía público, no de la veracidad de sus partes "
44,autor-titulo+url,F-1024,primaria,Gobierno de Haití (Imprimerie nationale); firma de Pierrot (presidente de Haití); rédacteur-gérant Dumai Lespinasse,"Le Moniteur haïtien (journal officiel), Port-au-Prince, 31 mai 1845 (1re année, n.º 17)",1845,fr,oficial-haiti,M09,https://gallica.bnf.fr/RequestDigitalElement?O=bpt6k12640313&E=ALTO&Deb=4 | https://gallica.bnf.fr/services/Issues?ark=ark:/12148/cb32819449v/date&date=1845,texto-completo-en-linea,alta,"Órgano oficial del gobierno haitiano (semanal, sábados; Imprimerie nationale), la «Partie officielle» recoge proclamas, decretos, partes de guerra y discursos y la no oficial, noticias y artículos de prensa; en 1845 y 1849 publica también versiones…; fiabilidad alta (Boletín oficial del Estado haitiano: prueba auténtica de lo que el gobierno decía y hacía público, no de la veracidad de sus partes "
44,autor-titulo+url,F-1025,primaria,Gobierno de Haití (Imprimerie nationale); firma de Pierrot (presidente de Haití); rédacteur-gérant Dumai Lespinasse,"Le Moniteur haïtien (journal officiel), Port-au-Prince, 14 juin 1845 (1re année, n.º 19)",1845,fr,oficial-haiti,M09,https://gallica.bnf.fr/RequestDigitalElement?O=bpt6k12640291&E=ALTO&Deb=1 | https://gallica.bnf.fr/services/Issues?ark=ark:/12148/cb32819449v/date&date=1845,texto-completo-en-linea,alta,"Órgano oficial del gobierno haitiano (semanal, sábados; Imprimerie nationale), la «Partie officielle» recoge proclamas, decretos, partes de guerra y discursos y la no oficial, noticias y artículos de prensa; en 1845 y 1849 publica también versiones…; fiabilidad alta (Boletín oficial del Estado haitiano: prueba auténtica de lo que el gobierno decía y hacía público, no de la veracidad de sus partes "
44,autor-titulo+url,F-1026,primaria,Gobierno de Haití (Imprimerie nationale); firma de Pierrot (presidente de Haití); rédacteur-gérant Dumai Lespinasse,"Le Moniteur haïtien (journal officiel), Port-au-Prince, 28 juin 1845 (1re année, n.º 21)",1845,fr,oficial-haiti,M09,https://gallica.bnf.fr/RequestDigitalElement?O=bpt6k12640276&E=ALTO&Deb=3 | https://gallica.bnf.fr/services/Issues?ark=ark:/12148/cb32819449v/date&date=1845,texto-completo-en-linea,alta,"Órgano oficial del gobierno haitiano (semanal, sábados; Imprimerie nationale), la «Partie officielle» recoge proclamas, decretos, partes de guerra y discursos y la no oficial, noticias y artículos de prensa; en 1845 y 1849 publica también versiones…; fiabilidad alta (Boletín oficial del Estado haitiano: prueba auténtica de lo que el gobierno decía y hacía público, no de la veracidad de sus partes "
44,autor-titulo+url,F-1027,primaria,Gobierno de Haití (Imprimerie nationale); firma de Pierrot (presidente de Haití); rédacteur-gérant Dumai Lespinasse,"Le Moniteur haïtien (journal officiel), Port-au-Prince, 05 juillet 1845 (1re année, n.º 22)",1845,fr,oficial-haiti,M09,https://gallica.bnf.fr/RequestDigitalElement?O=bpt6k1264026s&E=ALTO&Deb=2 | https://gallica.bnf.fr/services/Issues?ark=ark:/12148/cb32819449v/date&date=1845,texto-completo-en-linea,alta,"Órgano oficial del gobierno haitiano (semanal, sábados; Imprimerie nationale), la «Partie officielle» recoge proclamas, decretos, partes de guerra y discursos y la no oficial, noticias y artículos de prensa; en 1845 y 1849 publica también versiones…; fiabilidad alta (Boletín oficial del Estado haitiano: prueba auténtica de lo que el gobierno decía y hacía público, no de la veracidad de sus partes "
44,autor-titulo+url,F-1028,primaria,Gobierno de Haití (Imprimerie nationale); firma de Pierrot (presidente de Haití); rédacteur-gérant Dumai Lespinasse,"Le Moniteur haïtien (journal officiel), Port-au-Prince, 13 septembre 1845 (1re année, n.º 32)",1845,fr,oficial-haiti,M09,https://gallica.bnf.fr/RequestDigitalElement?O=bpt6k1264016d&E=ALTO&Deb=4 | https://gallica.bnf.fr/services/Issues?ark=ark:/12148/cb32819449v/date&date=1845,texto-completo-en-linea,alta,"Órgano oficial del gobierno haitiano (semanal, sábados; Imprimerie nationale), la «Partie officielle» recoge proclamas, decretos, partes de guerra y discursos y la no oficial, noticias y artículos de prensa; en 1845 y 1849 publica también versiones…; fiabilidad alta (Boletín oficial del Estado haitiano: prueba auténtica de lo que el gobierno decía y hacía público, no de la veracidad de sus partes "
44,autor-titulo+url,F-1029,primaria,Gobierno de Haití (Imprimerie nationale); firma de Pierrot (presidente de Haití); rédacteur-gérant Dumai Lespinasse,"Le Moniteur haïtien (journal officiel), Port-au-Prince, 27 septembre 1845 (1re année, n.º 34)",1845,fr,oficial-haiti,M09,https://gallica.bnf.fr/RequestDigitalElement?O=bpt6k1264014k&E=ALTO&Deb=3 | https://gallica.bnf.fr/RequestDigitalElement?O=bpt6k1264014k&E=ALTO&Deb=4 | https://gallica.bnf.fr/services/Issues?ark=ark:/12148/cb32819449v/date&date=1845,texto-completo-en-linea,alta,"Órgano oficial del gobierno haitiano (semanal, sábados; Imprimerie nationale), la «Partie officielle» recoge proclamas, decretos, partes de guerra y discursos y la no oficial, noticias y artículos de prensa; en 1845 y 1849 publica también versiones…; fiabilidad alta (Boletín oficial del Estado haitiano: prueba auténtica de lo que el gobierno decía y hacía público, no de la veracidad de sus partes "
44,autor-titulo+url,F-1030,primaria,Gobierno de Haití (Imprimerie nationale); firma de Pierrot (presidente de Haití); rédacteur-gérant Dumai Lespinasse,"Le Moniteur haïtien (journal officiel), Port-au-Prince, 04 octobre 1845 (1re année, n.º 35)",1845,fr,oficial-haiti,M09,https://gallica.bnf.fr/RequestDigitalElement?O=bpt6k12640135&E=ALTO&Deb=2 | https://gallica.bnf.fr/services/Issues?ark=ark:/12148/cb32819449v/date&date=1845,texto-completo-en-linea,alta,"Órgano oficial del gobierno haitiano (semanal, sábados; Imprimerie nationale), la «Partie officielle» recoge proclamas, decretos, partes de guerra y discursos y la no oficial, noticias y artículos de prensa; en 1845 y 1849 publica también versiones…; fiabilidad alta (Boletín oficial del Estado haitiano: prueba auténtica de lo que el gobierno decía y hacía público, no de la veracidad de sus partes "
44,autor-titulo+url,F-1031,primaria,Gobierno de Haití (Imprimerie nationale); firma de Pierrot (presidente de Haití); rédacteur-gérant Dumai Lespinasse,"Le Moniteur haïtien (journal officiel), Port-au-Prince, 11 octobre 1845 (1re année, n.º 36)",1845,fr,oficial-haiti,M09,https://gallica.bnf.fr/RequestDigitalElement?O=bpt6k1264012r&E=ALTO&Deb=1 | https://gallica.bnf.fr/services/Issues?ark=ark:/12148/cb32819449v/date&date=1845,texto-completo-en-linea,alta,"Órgano oficial del gobierno haitiano (semanal, sábados; Imprimerie nationale), la «Partie officielle» recoge proclamas, decretos, partes de guerra y discursos y la no oficial, noticias y artículos de prensa; en 1845 y 1849 publica también versiones…; fiabilidad alta (Boletín oficial del Estado haitiano: prueba auténtica de lo que el gobierno decía y hacía público, no de la veracidad de sus partes "
44,autor-titulo+url,F-1032,primaria,Gobierno de Haití (Imprimerie nationale); firma de Pierrot (presidente de Haití); rédacteur-gérant Dumai Lespinasse,"Le Moniteur haïtien (journal officiel), Port-au-Prince, 25 octobre 1845 (1re année, n.º 38)",1845,fr,oficial-haiti,M09,https://gallica.bnf.fr/RequestDigitalElement?O=bpt6k1264010x&E=ALTO&Deb=1 | https://gallica.bnf.fr/services/Issues?ark=ark:/12148/cb32819449v/date&date=1845,texto-completo-en-linea,alta,"Órgano oficial del gobierno haitiano (semanal, sábados; Imprimerie nationale), la «Partie officielle» recoge proclamas, decretos, partes de guerra y discursos y la no oficial, noticias y artículos de prensa; en 1845 y 1849 publica también versiones…; fiabilidad alta (Boletín oficial del Estado haitiano: prueba auténtica de lo que el gobierno decía y hacía público, no de la veracidad de sus partes "
44,autor-titulo+url,F-1033,primaria,Gobierno de Haití (Imprimerie nationale); firma de Pierrot (presidente de Haití); rédacteur-gérant Dumai Lespinasse,"Le Moniteur haïtien (journal officiel), Port-au-Prince, 01 novembre 1845 (1re année, n.º 39)",1845,fr,oficial-haiti,M09,https://gallica.bnf.fr/RequestDigitalElement?O=bpt6k12640098&E=ALTO&Deb=1 | https://gallica.bnf.fr/services/Issues?ark=ark:/12148/cb32819449v/date&date=1845,texto-completo-en-linea,alta,"Órgano oficial del gobierno haitiano (semanal, sábados; Imprimerie nationale), la «Partie officielle» recoge proclamas, decretos, partes de guerra y discursos y la no oficial, noticias y artículos de prensa; en 1845 y 1849 publica también versiones…; fiabilidad alta (Boletín oficial del Estado haitiano: prueba auténtica de lo que el gobierno decía y hacía público, no de la veracidad de sus partes "
44,autor-titulo+url,F-1034,primaria,Gobierno de Haití (Imprimerie nationale); firma de Pierrot (presidente de Haití); rédacteur-gérant Dumai Lespinasse,"Le Moniteur haïtien (journal officiel), Port-au-Prince, 08 novembre 1845 (1re année, n.º 40)",1845,fr,oficial-haiti,M09,https://gallica.bnf.fr/RequestDigitalElement?O=bpt6k1264008v&E=ALTO&Deb=1 | https://gallica.bnf.fr/services/Issues?ark=ark:/12148/cb32819449v/date&date=1845,texto-completo-en-linea,alta,"Órgano oficial del gobierno haitiano (semanal, sábados; Imprimerie nationale), la «Partie officielle» recoge proclamas, decretos, partes de guerra y discursos y la no oficial, noticias y artículos de prensa; en 1845 y 1849 publica también versiones…; fiabilidad alta (Boletín oficial del Estado haitiano: prueba auténtica de lo que el gobierno decía y hacía público, no de la veracidad de sus partes "
44,autor-titulo+url,F-1036,primaria,Gobierno de Haití (Imprimerie nationale); firma de Soulouque (presidente de Haití); rédacteur-gérant Madiou,"Le Moniteur haïtien (journal officiel), Port-au-Prince, 04 janvier 1846 (1re année, n.º 48)",1846,fr,oficial-haiti,M09,https://gallica.bnf.fr/RequestDigitalElement?O=bpt6k1264000j&E=ALTO&Deb=1 | https://gallica.bnf.fr/RequestDigitalElement?O=bpt6k1264000j&E=ALTO&Deb=2 | https://gallica.bnf.fr/services/Issues?ark=ark:/12148/cb32819449v/date&date=1846,texto-completo-en-linea,alta,"Órgano oficial del gobierno haitiano (semanal, sábados; Imprimerie nationale), la «Partie officielle» recoge proclamas, decretos, partes de guerra y discursos y la no oficial, noticias y artículos de prensa; en 1845 y 1849 publica también versiones…; fiabilidad alta (Boletín oficial del Estado haitiano: prueba auténtica de lo que el gobierno decía y hacía público, no de la veracidad de sus partes "
44,autor-titulo+url,F-1037,primaria,Gobierno de Haití (Imprimerie nationale); firma de Soulouque (presidente de Haití); rédacteur-gérant Madiou,"Le Moniteur haïtien (journal officiel), Port-au-Prince, 17 mars 1849 (4e année, n.º 17)",1849,fr,oficial-haiti,M09,https://gallica.bnf.fr/RequestDigitalElement?O=bpt6k12638764&E=ALTO&Deb=2 | https://gallica.bnf.fr/RequestDigitalElement?O=bpt6k12638764&E=ALTO&Deb=4 | https://gallica.bnf.fr/services/Issues?ark=ark:/12148/cb32819449v/date&date=1849,texto-completo-en-linea,alta,"Órgano oficial del gobierno haitiano (semanal, sábados; Imprimerie nationale), la «Partie officielle» recoge proclamas, decretos, partes de guerra y discursos y la no oficial, noticias y artículos de prensa; en 1845 y 1849 publica también versiones…; fiabilidad alta (Boletín oficial del Estado haitiano: prueba auténtica de lo que el gobierno decía y hacía público, no de la veracidad de sus partes "
44,autor-titulo+url,F-1038,primaria,Gobierno de Haití (Imprimerie nationale); firma de Soulouque (presidente de Haití); rédacteur-gérant Madiou,"Le Moniteur haïtien (journal officiel), Port-au-Prince, 31 mars 1849 (4e année, n.º 19)",1849,fr,oficial-haiti,M09,https://gallica.bnf.fr/RequestDigitalElement?O=bpt6k12638749&E=ALTO&Deb=1 | https://gallica.bnf.fr/RequestDigitalElement?O=bpt6k12638749&E=ALTO&Deb=2 | https://gallica.bnf.fr/RequestDigitalElement?O=bpt6k12638749&E=ALTO&Deb=3 | https://gallica.bnf.fr/RequestDigitalElement?O=bpt6k12638749&E=ALTO&Deb=4 | https://gallica.bnf.fr/services/Issues?ark=ark:/12148/cb32819449v/date&date=1849,texto-completo-en-linea,alta,"Órgano oficial del gobierno haitiano (semanal, sábados; Imprimerie nationale), la «Partie officielle» recoge proclamas, decretos, partes de guerra y discursos y la no oficial, noticias y artículos de prensa; en 1845 y 1849 publica también versiones…; fiabilidad alta (Boletín oficial del Estado haitiano: prueba auténtica de lo que el gobierno decía y hacía público, no de la veracidad de sus partes "
44,autor-titulo+url,F-1039,primaria,Gobierno de Haití (Imprimerie nationale); firma de Soulouque (presidente de Haití); rédacteur-gérant Madiou,"Le Moniteur haïtien (journal officiel), Port-au-Prince, 14 avril 1849 (4e année, n.º 21)",1849,fr,oficial-haiti,M09,https://gallica.bnf.fr/RequestDigitalElement?O=bpt6k1264106c&E=ALTO&Deb=4 | https://gallica.bnf.fr/services/Issues?ark=ark:/12148/cb32819449v/date&date=1849,texto-completo-en-linea,alta,"Órgano oficial del gobierno haitiano (semanal, sábados; Imprimerie nationale), la «Partie officielle» recoge proclamas, decretos, partes de guerra y discursos y la no oficial, noticias y artículos de prensa; en 1845 y 1849 publica también versiones…; fiabilidad alta (Boletín oficial del Estado haitiano: prueba auténtica de lo que el gobierno decía y hacía público, no de la veracidad de sus partes "
44,autor-titulo,F-1406,primaria,Gobierno de Haití (Imprimerie impériale / Imprimerie nationale); rédacteur-gérant: «le baron de Madiou» según la cabecera,"Le Moniteur haïtien (journal officiel), Port-au-Prince, 1 de septiembre de 1849: Ley que confiere el título de emperador a Faustin Soulouque, mensaje del Senado y «Proclamation: Au peuple et à l'armée» del 26-VIII-1849",1849,fr,oficial-haiti,M09,https://ufdcimages.uflib.ufl.edu/AA/00/09/82/14/00053/1849090101.pdf | https://dloc.com/AA00098214/00053,pdf-en-linea,alta,"Gaceta semanal del Estado haitiano (dLOC AA00098214, colección de UF/dLOC), impresa en Puerto Príncipe; la cabecera de 1851 dice 'Le bureau de la feuille est chez Monsieur le baron de Madiou, rédacteur-gérant et rédacteur des … Fiabilidad alta (Gaceta oficial haitiana, impresa en Puerto Príncipe en la fecha indicada: texto oficial de primera mano de lo que el Estado publicó.) Afirmaciones que toca"
44,autor-titulo,F-1407,primaria,Gobierno de Haití (Imprimerie impériale / Imprimerie nationale); rédacteur-gérant: «le baron de Madiou» según la cabecera,"Le Moniteur haïtien (journal officiel), Port-au-Prince, 5 de julio de 1851: comunicado oficial sobre el incidente de Neybe y el boletín de Báez del 2-VI-1851",1851,fr,oficial-haiti,M09,https://ufdcimages.uflib.ufl.edu/AA/00/09/82/14/00095/1851070501.pdf | https://dloc.com/AA00098214/00095,pdf-en-linea,alta,"Gaceta semanal del Estado haitiano (dLOC AA00098214, colección de UF/dLOC), impresa en Puerto Príncipe; la cabecera de 1851 dice 'Le bureau de la feuille est chez Monsieur le baron de Madiou, rédacteur-gérant et rédacteur des … Fiabilidad alta (Gaceta oficial haitiana, impresa en Puerto Príncipe en la fecha indicada: texto oficial de primera mano de lo que el Estado publicó.) Afirmaciones que toca"
44,autor-titulo,F-1408,primaria,Gobierno de Haití (Imprimerie impériale / Imprimerie nationale); rédacteur-gérant: «le baron de Madiou» según la cabecera,"Le Moniteur haïtien (journal officiel), Port-au-Prince, 30 de agosto de 1851: extracto de La Feuille du Commerce (24-VIII-1851) sobre el diario «La Crónica» y la «réconciliation» con el Este",1851,fr,oficial-haiti,M09,https://ufdcimages.uflib.ufl.edu/AA/00/09/82/14/00102/1851083001.pdf | https://dloc.com/AA00098214/00102,pdf-en-linea,media,"Gaceta semanal del Estado haitiano (dLOC AA00098214, colección de UF/dLOC), impresa en Puerto Príncipe; la cabecera de 1851 dice 'Le bureau de la feuille est chez Monsieur le baron de Madiou, rédacteur-gérant et rédacteur des … Fiabilidad media (Gaceta oficial haitiana, pero el pasaje está en la 'Partie non officielle' y reproduce prensa extranjera traducida: prueba lo que el Estado eligió publica"
44,autor-titulo,F-1409,primaria,Gobierno de Haití (Imprimerie impériale / Imprimerie nationale); rédacteur-gérant: «le baron de Madiou» según la cabecera,"Le Moniteur haïtien (journal officiel), Port-au-Prince, 7 de octubre de 1854: traducción del artículo del New York Evening Post «L'intrigue dominicaine» (Cazneau; moción Douglas de reconocer a la República Dominicana)",1854,fr,oficial-haiti,M09;M10,https://ufdcimages.uflib.ufl.edu/AA/00/09/82/14/00204/1854100701.pdf | https://dloc.com/AA00098214/00204,pdf-en-linea,media,"Gaceta semanal del Estado haitiano (dLOC AA00098214, colección de UF/dLOC), impresa en Puerto Príncipe; la cabecera de 1851 dice 'Le bureau de la feuille est chez Monsieur le baron de Madiou, rédacteur-gérant et rédacteur des … Fiabilidad media (Gaceta oficial haitiana, pero el pasaje está en la 'Partie non officielle' y reproduce prensa extranjera traducida: prueba lo que el Estado eligió publica"
44,autor-titulo,F-1410,primaria,Gobierno de Haití (Imprimerie impériale / Imprimerie nationale); rédacteur-gérant: «le baron de Madiou» según la cabecera,"Le Moniteur haïtien (journal officiel), Port-au-Prince, 14 de octubre de 1854: traducción de «Notre politique à Santo-Domingo» (New York Evening Post, 5-IX-1854), continuación",1854,fr,oficial-haiti,M09,https://ufdcimages.uflib.ufl.edu/AA/00/09/82/14/00205/1854101401.pdf | https://dloc.com/AA00098214/00205,pdf-en-linea,media,"Gaceta semanal del Estado haitiano (dLOC AA00098214, colección de UF/dLOC), impresa en Puerto Príncipe; la cabecera de 1851 dice 'Le bureau de la feuille est chez Monsieur le baron de Madiou, rédacteur-gérant et rédacteur des … Fiabilidad media (Gaceta oficial haitiana, pero el pasaje está en la 'Partie non officielle' y reproduce prensa extranjera traducida: prueba lo que el Estado eligió publica"
44,autor-titulo,F-1411,primaria,Gobierno de Haití (Imprimerie impériale / Imprimerie nationale); rédacteur-gérant: «le baron de Madiou» según la cabecera,"Le Moniteur haïtien (journal officiel), Port-au-Prince, 21 de octubre de 1854: traducción (suite et fin) de «Notre politique à Santo-Domingo»: «Généalogie des autorités politiques de Sto.-Domingo»",1854,fr,oficial-haiti,M09,https://ufdcimages.uflib.ufl.edu/AA/00/09/82/14/00206/1854102101.pdf | https://dloc.com/AA00098214/00206,pdf-en-linea,media,"Gaceta semanal del Estado haitiano (dLOC AA00098214, colección de UF/dLOC), impresa en Puerto Príncipe; la cabecera de 1851 dice 'Le bureau de la feuille est chez Monsieur le baron de Madiou, rédacteur-gérant et rédacteur des … Fiabilidad media (Gaceta oficial haitiana, pero el pasaje está en la 'Partie non officielle' y reproduce prensa extranjera traducida: prueba lo que el Estado eligió publica"
44,autor-titulo,F-1413,primaria,Gobierno de Haití (Imprimerie impériale / Imprimerie nationale); rédacteur-gérant: «le baron de Madiou» según la cabecera,"Le Moniteur haïtien (journal officiel), Port-au-Prince, 12 de junio de 1858: extracto del Constitutionnel de París (24-IV-1858) sobre Haití, con párrafo sobre el Este",1858,fr,oficial-haiti,M09,https://ufdcimages.uflib.ufl.edu/AA/00/09/82/14/00291/1858061201.pdf | https://dloc.com/AA00098214/00291,pdf-en-linea,media,"Gaceta semanal del Estado haitiano (dLOC AA00098214, colección de UF/dLOC), impresa en Puerto Príncipe; la cabecera de 1851 dice 'Le bureau de la feuille est chez Monsieur le baron de Madiou, rédacteur-gérant et rédacteur des … Fiabilidad media (Gaceta oficial haitiana, pero el pasaje está en la 'Partie non officielle' y reproduce prensa extranjera traducida: prueba lo que el Estado eligió publica"
44,autor-titulo,F-1978,primaria,"Gobierno de Haití (Imprimerie nationale); firman Fabre Geffrard y los secretarios de Estado J. Paul, T. Déjoie, F.-E. Dubois, F. Jn.-Joseph, V. Plésance y Jh. Lamothe","Le Moniteur haïtien (journal officiel), Port-au-Prince, 6 avril 1861: «Protestation» de Fabre Geffrard contra la anexión del Este a España, con el aviso oficial y la «Adresse»/«Carta» a los habitantes del Este",1861,fr,oficial-haiti,M09;M10,https://ufdcimages.uflib.ufl.edu/AA/00/09/82/14/00414/1861040601.pdf | https://dloc.com/AA00098214/00414 | https://api.dloc.patron.uflib.ufl.edu/AA00098214/00414/citation?format=json,pdf-en-linea,alta,"El gobierno de Geffrard (presidente vitalicio desde 1859) publica el 6-IV-1861, en francés y en español en columnas paralelas, la protesta firmada ese mismo día en el Palacio Nacional (año 58 de la Independencia), tras recibir la notificación del consulado español de la anexión del 18-III. Fiabilidad alta: Texto oficial íntegro de época, impreso en la fecha de los hechos (escaneo con capa OCR, cot"
44,autor-titulo,F-2000,primaria,Gobierno de Haití (reproduce prensa británica),"Le Moniteur haïtien (journal officiel), Port-au-Prince, 27 de julio de 1861: sección de noticias extranjeras con el debate de la Cámara de los Lores sobre la anexión de Santo Domingo y la garantía española contra la esclavitud",1861,fr,oficial-haiti,M10,https://ufdcimages.uflib.ufl.edu/AA/00/09/82/14/00430/1861072701.pdf | https://dloc.com/AA00098214/00430,pdf-en-linea,baja,Sección de noticias del boletín haitiano; el pasaje traduce el informe de la sesión de los Lores (Brougham pide protestar contra la anexión; el duque de Newcastle responde con las seguridades españolas). Muestra lo que el Gobierno haitiano daba a leer a su público sobre la cuestión de la esclavitud en el Este. Fiabilidad baja: Reproducción traducida de prensa extranjera en la parte no oficial; la 
45,nota,F-0985,primaria,"Juchereau de Saint-Denys, Eustache; Place, Victor; Levasseur; ed. Rodríguez Demorizi, Emilio; trad. Sang, Mu-Kien Adriana","Correspondencia del Cónsul de Francia en Santo Domingo, 1844-1850 (ed. Rodríguez Demorizi; trad. Sang, 1996): t. I (1844-1846; despachos de Juchereau de Saint-Denys a Guizot, anexos de la Junta Central Gubernativa y prensa haitiana) y t. II (1846-1850; Saint-Denys, Place, Levasseur)","1844-1850 (ed. 1996, Colección Sesquicentenario de la Independencia)",es,francesa,M09,https://catalogo.academiadominicanahistoria.org.do/opac-tmpl/files/libros/RodriguezDemoriziEmilio_CorrespondenciaDelConsuldeFranciaEnSantoDomingo1844-1846V.1.pdf | https://catalogo.academiadominicanahistoria.org.do/opac-tmpl/files/libros/RodriguezDemoriziEmilio_CorrespondenciaDelConsuldeFranciaEnSantoDomingo1846-1850V.2.pdf | https://catalogo.academiadominicanahistoria.org.do/opac-tmpl/files/ppcod,pdf-en-linea,media,"Eustache Juchereau de Saint-Denys, cónsul de Francia designado para Cabo Haitiano, llegó a Santo Domingo en enero de 1844 y medió en la capitulación del 28 de febrero de 1844. Sus despachos al ministro Guizot (Archivos del Ministerio de Asuntos Exteriores, París; fiabilidad media (Despachos originales de un cónsul presente en los hechos, con anexos que reproducen textos de la Junta, traducidos y a"
45,nota,F-1060,primaria,"Levasseur (cónsul general de Francia en Haití; nombre de pila no consta en el volumen); Moges, Alphonse de (contralmirante); Guizot, François (ministro); Barrot, Adolphe; Juchereau de Saint-Denys, Eustache; Fresnel, D. J.; ed. Coiscou Henríquez, Máximo; dir. Peña Batlle, Manuel Arturo; con documentos anexos de Báez, Valencia, Díaz de Peña y otros (Exposición), de la Junta Central Gubernativa, de Hérard y de «Le Manifeste»","Correspondencia de Levasseur y de otros agentes de Francia relativa a la Proclamación de la República Dominicana, 1843-1844 (Colección Trujillo, Publicaciones del Centenario de la República; Documentos y estudios históricos; Santiago de los Caballeros, Editorial El Diario, 1944), incluidas como piezas la Exposición del 15-XII-1843 («Plan Levasseur»), la comunicación de la Junta Central Gubernativa al cónsul Saint-Denys (12-VII-1844), la proclama de Hérard (27-VII-1843) y el artículo de «Le Manifeste» (20-X-1844)",1944 (documentos de 1843-1844),fr,francesa,M08;M09,https://catalogo.academiadominicanahistoria.org.do/opac-tmpl/files/ppcodice/2530CorrespondenciadeLevasseurydeotrosagentesdeFrancia.pdf | http://catalogo.academiadominicanahistoria.org.do/opac-tmpl/files/ppcodice/2530CorrespondenciadeLevasseurydeotrosagentesdeFrancia.pdf | https://catalogo.academiadominicanahistoria.org.do/cgi-bin/koha/opac-search.pl?q=ti%3ACorrespondencia+de+Levasseur | https://ca,pdf-en-linea,media,"Documentos escogidos por el licenciado Máximo Coiscou Henríquez en el archivo del Ministerio de Negocios Extranjeros de Francia (despachos de Levasseur, del contralmirante Moges, del comisario Barrot y del cónsul Juchereau de Saint-Denys, con anexos…; fiabilidad media (Transcripción fiel (imagen nítida, capa OCR ruidosa) de despachos originales del archivo diplomático francés, pero selección parci"
46,autor-titulo,F-1004,primaria,"Gándara y Navarro, José de la","Anexión y guerra de Santo Domingo, t. I (cap. sobre la población y el estado de la república en 1861)",1884,es,espanola,M09;M10,https://archive.org/details/anexionyguerrad01balbgoog | https://archive.org/download/anexionyguerrad01balbgoog/anexionyguerrad01balbgoog_djvu.txt,texto-completo-en-linea,media,"José de la Gándara (1820-1885, según los metadatos de archive.org) publicó en Madrid (1884) un relato de la anexión y de la guerra. El escaneo de Google en archive.org tiene OCR parcial (se pierden caracteres a la izquierda de cada línea); fiabilidad media (Último gobernador español de Santo Domingo (según El Dinero 2018) y testigo de la anexión y la guerra, con acceso a la estadística colonial, p"
46,autor-titulo,F-1054,primaria,"Gándara y Navarro, José de la","Anexión y guerra de Santo Domingo, t. II (con Apéndice de documentos; Documentos III y IV: estado de población y de fuerzas de la república, 1865)",1884,es,espanola,M09;M10,https://archive.org/details/anexionyguerrad00balbgoog | https://archive.org/download/anexionyguerrad00balbgoog/anexionyguerrad00balbgoog_djvu.txt,texto-completo-en-linea,media,"José de la Gándara y Navarro (1820-1885), general español, capitán general de Santo Domingo durante la guerra de 1863-1865, publicó en Madrid (1884) esta historia de la anexión y de la guerra, escrita para justificar su campaña frente a las críticas…; fiabilidad media (Memoria de parte (último capitán general español de Santo Domingo, que defiende su gestión), pero reproduce en apéndice un estado "
47,url,F-1078,secundaria,"Balcácer, Juan Daniel","Pedro Santana: historia política de un déspota (Santo Domingo, Editora Taller, 1974): ficha del catálogo del Archivo General de la Nación",1974,es,dominicana,M09,https://colecciones.agn.gob.do/opac/ficha.php?informatico=00087096PI&codopac=OP003&idpag=738578933,localizada-bloqueada,alta,"El catálogo digital del AGN (colecciones.agn.gob.do) lista el libro de Balcácer sobre el gobierno de Santana de 1844 a 1861 según un resultado de búsqueda; la ficha devuelve «Just a moment… Enable JavaScript and cookies to continue» (verificación…; fiabilidad alta (Primer estudio crítico en libro sobre Santana, de uno de los principales historiadores dominicanos; no se pudo leer.); afirmaciones qu"
47,url,F-1254,primaria,"Archivo General de la Nación (entrevistadores: Ángel Hernández, Aquiles Castro, Pedro de León, Jesús Díaz, Manuel Arias y otros)","Entrevistas relacionadas al proyecto Voces sobre el régimen de Trujillo (AGN, Fuentes Orales, subserie 1.1.1.1; 180 grabaciones sonoras, 2005-2019)",2005-2019,es,dominicana,M13,https://colecciones.agn.gob.do/opac/ficha.php?informatico=00113850SR&codopac=OPPUB&idpag=0748091328,archivo-fisico,alta,"Subserie de historia oral del Archivo General de la Nación de la República Dominicana: grabaciones de entrevistas a personas que vivieron la era de Trujillo, realizadas entre 2005 y 2019 por historiadores y técnicos del AGN, para el archivo público y proyectos de investigación. El descriptor 'MATAN… Fiabilidad alta (Fondo oral institucional del AGN de testigos de la era de Trujillo; solo se leyó l"
47,url,F-1255,primaria,Noticias Gráficas (periódico); ficha del AGN,"Atacaría a Haití (recorte del periódico Noticias Gráficas, 10-XI-1937), ficha del Archivo General de la Nación, fondo José Gabriel García, Periódicos y revistas, 65-2-25",1937,es,dominicana,M13,https://colecciones.agn.gob.do/opac/ficha.php?informatico=00043326PI&suposi=9&codopac=OUARC&idpag=0329131800,archivo-fisico,media,"Ficha del AGN de un recorte del periódico Noticias Gráficas del 10 de noviembre de 1937, conservado en la colección de los hijos de José Gabriel García (signatura 65-2-25, Leg. 708896), que forma parte de un catálogo del AGN sobre relaciones dominico-haitianas 1930-1978. Reproduce las declaraciones… Fiabilidad media (Ficha descriptiva de un recorte de prensa de la fecha; no se ve el texto del reco"
48,autor-titulo,F-1096,primaria,"Comisión Interamericana de Derechos Humanos (CIDH), Organización de los Estados Americanos","Report on the Situation of Human Rights in the Dominican Republic, OEA/Ser.L/V/II.104, Doc. 49 rev. 1 (1999), chapter IX: Situation of Haitian Migrant Workers and Their Families in the Dominican Republic [Informe sobre la situación de los derechos humanos en la República Dominicana, CIDH, 1999, cap. IX]",1999,en,internacional,M15;M16,https://hrlibrary.umn.edu/iachr/country-reports/dominican1999-ch9.html,texto-completo-en-linea,alta,"Informe especial de la CIDH (OEA, Washington) basado en su visita in loco a la República Dominicana del 16 al 20 de junio de 1997 (cap. I, párr. 8-9, leído) y en información recibida antes y después de la visita; el cap. IX trata… Fiabilidad alta: Informe oficial de un órgano de la OEA que atribuye expresamente la cifra a las autoridades migratorias dominicanas y admite en nota que nadie tiene una"
48,autor-titulo,F-2563,primaria,Comisión Interamericana de Derechos Humanos (CIDH/OEA),"Report on the Situation of Human Rights in Haiti (OEA/Ser.L/II.85, Doc. 28 rev., 1994), cap. III «The Political Situation in Haiti»: elecciones del 16-XII-1990 y golpe del 29-IX-1991",1994,en,internacional,M15,https://hrlibrary.umn.edu/iachr/country-reports/haiti1994-ch3.html,texto-completo-en-linea,alta,"Informe de la CIDH sobre Haití aprobado en 1994 (OEA/Ser.L/II.85, Doc. Fiabilidad alta: Informe de país de un órgano de la OEA con dato electoral oficial proclamado por el Consejo Electoral y relato de los hechos de 1990-1991; el recuento de muertos tras el golpe es de «varias fuentes». Afirmaciones que toca: A-210. Verificación descargada-y-leida (acceso texto-completo-en-linea), consultada 2026-"
49,autor-titulo,F-1235,primaria,República Dominicana. Congreso Nacional. Senado,"Libro de actas de sesiones del Senado de la República Dominicana: 1938, nos. 422-487; 1-60 (Libro A no. 15)",1938,es,oficial-rd,M13,https://memoriahistorica.senadord.gob.do/bitstreams/ec5b123c-1155-4e1c-9527-7ff67f6e59b4/download | https://memoriahistorica.senadord.gob.do/handle/123456789/69645,pdf-en-linea,alta,"Libro de actas del Senado de la República Dominicana de 1938, escrito por la secretaría del Senado en Ciudad Trujillo durante el último tramo del tercer periodo legislativo (1934-1938) y el primero del siguiente. Recoge la correspondencia del Ejecutivo y los votos sobre el acuerdo de Washington; no… Fiabilidad alta (Registro corporativo contemporáneo y completo de las sesiones del Senado, sin fine"
49,autor-titulo,F-1236,primaria,República Dominicana. Congreso Nacional. Senado,"Libro de actas de sesiones del Senado de la República Dominicana: 1937, nos. 286-421 (Libro A no. 15)",1937,es,oficial-rd,M13,https://memoriahistorica.senadord.gob.do/bitstreams/bf763ea9-079b-49c6-ae67-6714a79c1a1c/download | https://memoriahistorica.senadord.gob.do/handle/123456789/69632,pdf-en-linea,alta,"Libro de actas del Senado de 1937 escrito por su secretaría en Ciudad Trujillo; cubre sesiones de 1937 entre las que están las del 5, 6, 13, 14, 19-20 y 26 de octubre y las de noviembre. Documento interno del Senado, no destinado al público. Fiabilidad alta (Registro corporativo contemporáneo; sirve aquí como evidencia negativa (silencio institucional) y está limitado por el OCR de 254 MB.) Afirma"
49,autor-titulo,F-2281,primaria,"República Dominicana, Senado (senadores Noel Suberví Espinosa, Secundino Gil Morales, Casimiro Castro, Bueno Gómez, Zorrilla y otros; taquígrafo Fernando Ramón Ruiz Brache)","Libro de actas de sesiones del Senado de la República Dominicana: 1969, nos. 205-300 (Libro A n.º 44): Actas 206 (8-I-1969), 219 (25-III), 224 (9-IV), 241 (22-V), 263 (1-X), 264 (2-X), 268 (14-X) y 269 (15-X-1969) sobre los proyectos para derogar el Acuerdo de 1966 y prohibir la importación de braceros haitianos",1969,es,oficial-rd,M14,https://memoriahistorica.senadord.gob.do/bitstreams/af5d12a4-1acc-4154-b2a0-101eb8ed6270/download | https://memoriahistorica.senadord.gob.do/handle/123456789/69609,pdf-en-linea,alta,"Libro de actas del Senado de 1969 (legislatura del gobierno de Balaguer, cuyo partido tenía mayoría): recoge cómo senadores de varios partidos (entre ellos Suberví Espinosa y Gil Morales) propusieron autorizar al Ejecutivo a revocar el Acuerdo con Haití de 1966 y prohibir la importación de braceros haitianos para la… Fiabilidad alta: Actas taquigráficas certificadas como 'transcripción fiel y exac"
49,autor-titulo,F-2282,primaria,"República Dominicana, Senado (taquígrafo Fernando Ramón Ruiz Brache; senadores Francisco Antonio Ortega Canela y Florentino Carvajal Suero, del Partido Reformista; Luis Santiago Bautista García y Miguel Ángel Jiménez Messón)","Libro de actas de sesiones del Senado de la República Dominicana: 1983, nos. 65-107 (Libro A n.º 71-1): Acta 94 (7-VI-1983), debate sobre la «pacífica penetración haitiana» (senadores Ortega Canela, Bautista García, Carvajal Suero, Jiménez Messón)",1983,es,oficial-rd,M14,https://memoriahistorica.senadord.gob.do/bitstreams/a2130a50-133e-499e-9b89-7a25a546306a/download | https://memoriahistorica.senadord.gob.do/handle/123456789/69619,pdf-en-linea,alta,"Acta de la sesión ordinaria del Senado del 7 de junio de 1983 (gobierno de Salvador Jorge Blanco, del PRD; Balaguer, líder del Partido Reformista, estaba en la oposición): el senador reformista Ortega Canela plantea que Balaguer pidió crear una comisión para investigar la 'penetración haitiana', y senadores del PRD y… Fiabilidad alta: Acta taquigráfica certificada como transcripción fiel de lo dic"
49,autor-titulo,F-2283,primaria,"República Dominicana, Senado (senador Francisco Ortega Canela, Partido Reformista; taquígrafo parlamentario)","Libro de actas de sesiones del Senado de la República Dominicana: 1986, nos. 298-313; 1-32 (Libro A n.º 77-1): Acta 301 (18-II-1986), moción del senador Ortega Canela sobre la zafra, el CEA y el reclutamiento de cortadores",1986,es,oficial-rd,M14,https://memoriahistorica.senadord.gob.do/bitstreams/4b2ffc4e-d31c-4775-a133-f847e3e7e6ab/download | https://memoriahistorica.senadord.gob.do/handle/123456789/69640,pdf-en-linea,alta,"Acta de la sesión ordinaria del Senado del 18 de febrero de 1986, once días después de la caída de Jean-Claude Duvalier: el senador reformista Ortega Canela denuncia que la zafra del CEA está en quiebra, que el Gobierno de Jorge Blanco recluta guardias y empleados públicos para cortar caña y que se detiene a personas… Fiabilidad alta: Acta taquigráfica certificada; las citas de la p. 29 se comprob"
49,autor-titulo,F-2372,primaria,"República Dominicana, Senado (Vicepresidente en funciones Rafael Augusto Sánchez; senadores; Secretaría)","Libro de actas de sesiones del Senado de la República Dominicana: 1943, nos. 157-242 (Libro A n.º 21): Acta 180 (31-VIII-1943), Acta 182 (2-IX), Acta 184 (7 y 8-IX), Acta 191 (21-IX) y Acta 193 (23-IX-1943) sobre el proyecto contra el «voudou» y el «luá»",1943,es,oficial-rd,M14;M13,https://memoriahistorica.senadord.gob.do/bitstreams/d7fb35f9-7e1f-4f52-b384-988e41992b2f/download | https://memoriahistorica.senadord.gob.do/items/3e152526-6d73-4101-9e38-333de81fc0af,pdf-en-linea,alta,"Libro de actas de las sesiones del Senado trujillista en el segundo semestre de 1943 (Libro A n.º 21). Registra la lectura del mensaje del Ejecutivo, el informe de comisión, las dos discusiones y el aviso de promulgación; es un documento de procedimiento, no de debate. Fiabilidad alta: Actas oficiales mecanografiadas del propio Senado, escaneadas (455 páginas, 288 MB); las páginas citadas se leyer"
49,autor-titulo,F-2374,primaria,"República Dominicana, Senado (Presidencia del senador Mario Fermín Cabral; secretarios Lorenzo E. Brea y Doroteo A. Rodríguez)","Libro de actas de sesiones del Senado de la República Dominicana: 1930-1932, nos. 1-171 (Libro A n.º 9): sesión del 23-XII-1930, primera lectura y aplazamiento del proyecto que prohíbe los bailes «voudou» y similares",1930,es,oficial-rd,M14;M13,https://memoriahistorica.senadord.gob.do/bitstreams/74db5503-a8f6-4af4-aa80-110d831611d2/download | https://memoriahistorica.senadord.gob.do/items/3a373e20-6b1f-4171-9057-e89404aafd44,pdf-en-linea,alta,"Libro de actas del Senado durante la primera legislatura ordinaria de 1930 y las siguientes. Documenta cómo el Senado trató en primera lectura el proyecto de la Cámara contra el «voudou». Fiabilidad alta: Actas oficiales del Senado escaneadas (535 páginas, 310 MB); la página citada se leyó sobre la imagen. Afirmaciones: A-201. Verificación: descargada-y-leida (acceso: pdf-en-linea). F2 2026-10-07 "
50,autor-titulo,F-1238,primaria,Presidencia de la República Dominicana,Mensaje depositado en el Congreso Nacional el 27 de febrero de 1936 (rendición de cuentas de 1935),1936,es,oficial-rd,M12;M13,https://memoriahistorica.senadord.gob.do/bitstreams/6839efca-bea9-46c2-9365-2437a5d05dc1/download | https://memoriahistorica.senadord.gob.do/handle/123456789/72171 | https://bd.bnphu.gob.do/server/api/core/bitstreams/b9810f78-4fef-4870-b7ea-db33ab03759f/content,pdf-en-linea,media,"Mensaje anual que el Poder Ejecutivo deposita ante el Congreso Nacional cada 27 de febrero, redactado por la Presidencia y las secretarías de Estado para legisladores y público, con el interés de mostrar la gestión del régimen. Recoge relaciones con Haití, el plan fronterizo y la política de inmigr… Fiabilidad media (Rendición de cuentas oficial con hechos y fechas auténticos, redactada como balan"
50,autor-titulo,F-1239,primaria,Presidencia de la República Dominicana,Mensaje depositado en el Congreso Nacional el 27 de febrero de 1943 (rendición de cuentas de 1942),1943,es,oficial-rd,M13,https://memoriahistorica.senadord.gob.do/bitstreams/6f08b1ec-cbc8-49fe-8be9-9fe61ec32244/download,pdf-en-linea,media,"Mensaje anual que el Poder Ejecutivo deposita ante el Congreso Nacional cada 27 de febrero, redactado por la Presidencia y las secretarías de Estado para legisladores y público, con el interés de mostrar la gestión del régimen. Recoge relaciones con Haití, el plan fronterizo y la política de inmigr… Fiabilidad media (Rendición de cuentas oficial con hechos y fechas auténticos, redactada como balan"
50,autor-titulo,F-1240,primaria,Presidencia de la República Dominicana,Mensaje depositado en el Congreso Nacional el 27 de febrero de 1946 (rendición de cuentas de 1945),1946,es,oficial-rd,M13,https://memoriahistorica.senadord.gob.do/bitstreams/f2b83800-fefb-4ae8-a841-a2cb62358024/download,pdf-en-linea,media,"Mensaje anual que el Poder Ejecutivo deposita ante el Congreso Nacional cada 27 de febrero, redactado por la Presidencia y las secretarías de Estado para legisladores y público, con el interés de mostrar la gestión del régimen. Recoge relaciones con Haití, el plan fronterizo y la política de inmigr… Fiabilidad media (Rendición de cuentas oficial con hechos y fechas auténticos, redactada como balan"
50,autor-titulo,F-1241,primaria,Presidencia de la República Dominicana,Mensaje depositado en el Congreso Nacional el 27 de febrero de 1950 (rendición de cuentas de 1949),1950,es,oficial-rd,M13,https://memoriahistorica.senadord.gob.do/bitstreams/a6ed41dc-b7a3-46fe-bcc5-a9a5659273c5/download,pdf-en-linea,media,"Mensaje anual que el Poder Ejecutivo deposita ante el Congreso Nacional cada 27 de febrero, redactado por la Presidencia y las secretarías de Estado para legisladores y público, con el interés de mostrar la gestión del régimen. Recoge relaciones con Haití, el plan fronterizo y la política de inmigr… Fiabilidad media (Rendición de cuentas oficial con hechos y fechas auténticos, redactada como balan"
50,autor-titulo,F-1242,primaria,"Presidencia de la República Dominicana (Héctor Bienvenido Trujillo Molina, presidente nominal)",Mensaje depositado en el Congreso Nacional el 27 de febrero de 1957 (rendición de cuentas de 1956),1957,es,oficial-rd,M13,https://memoriahistorica.senadord.gob.do/bitstreams/e4dde395-5c49-4ca5-9182-f567d4e541dd/download | https://memoriahistorica.senadord.gob.do/handle/123456789/72202,pdf-en-linea,media,"Mensaje anual que el Poder Ejecutivo deposita ante el Congreso Nacional cada 27 de febrero, redactado por la Presidencia y las secretarías de Estado para legisladores y público, con el interés de mostrar la gestión del régimen. Recoge relaciones con Haití, el plan fronterizo y la política de inmigr… Fiabilidad media (Rendición de cuentas oficial con hechos y fechas auténticos, redactada como balan"
51,url,F-1247,primaria,"Bosch, Juan","Carta de Juan Bosch a Emilio Rodríguez Demorizi, Héctor Incháustegui y Ramón Marrero Aristy (La Habana, 14-VI-1943), en 'República Dominicana y Haití: el derecho a vivir'",1943 (ed. 2014),es,dominicana,M13,https://biblioteca-repositorio.clacso.edu.ar/libreria_cm_archivos/pdf_315.pdf,pdf-en-linea,alta,"Juan Bosch, cuentista y exiliado dominicano (salió del país en enero de 1938), escribió en La Habana el 14 de junio de 1943 a tres escritores vinculados al régimen (Rodríguez Demorizi era 'funcionario importante del régimen' según Álvarez Martín): Emilio Rodríguez Demorizi, Héctor Incháustegui y Ra… Fiabilidad alta (Carta personal contemporánea de un testigo directo del ambiente intelectual domini"
51,url,F-1248,primaria,"Jimenes Grullón, Juan Isidro","El contrasentido de una política (La voz del pueblo dominicano) (alocución en la Feria Mundial de Nueva York, 14-X-1943), en 'República Dominicana y Haití: el derecho a vivir'",1943 (ed. 2014),es,dominicana,M13,https://biblioteca-repositorio.clacso.edu.ar/libreria_cm_archivos/pdf_315.pdf,pdf-en-linea,alta,"Juan Isidro Jimenes Grullón, 'destacado pensador y dirigente político antitrujillista dominicano' según la presentación de la edición, exiliado en Nueva York, pronunció esta alocución en la Feria Mundial de Nueva York el 14 de octubre de 1943 para la comunidad dominicana y antifascista, con el inte… Fiabilidad alta (Discurso contemporáneo de un testigo político dominicano exiliado, que critica con"
51,url,F-1249,primaria,"Henríquez y Carvajal, Francisco","Informe sobre las causas de la inmigración haitiana (Puerto Príncipe, 15-VII-1931; AGN, Fondo Secretaría de Estado de Guerra y Marina, Interior y Policía, leg. 4, exp. 2944), en 'República Dominicana y Haití: el derecho a vivir'",1931 (ed. 2014),es,dominicana,M12;M13,https://biblioteca-repositorio.clacso.edu.ar/libreria_cm_archivos/pdf_315.pdf,pdf-en-linea,alta,"Francisco Henríquez y Carvajal (padre de Pedro Henríquez Ureña y esposo de Salomé Ureña, según la presentación), ministro plenipotenciario en Haití, escribió este informe (n.º 162) el 15 de julio de 1931 por encargo de la Secretaría de Relaciones Exteriores de la Era de Trujillo, para el Ejecutivo,… Fiabilidad alta (Informe oficial de un ministro plenipotenciario a su cancillería, contemporáneo de"
51,url,F-1250,secundaria,"Franco, Franklin J.","El problema racial dominicano en los textos escolares (Coloquio Internacional sobre Raza y Clases en los Textos Escolares Latinoamericanos, San José, Costa Rica, 12-III-1980), en 'República Dominicana y Haití: el derecho a vivir'",1980 (ed. 2014),es,dominicana,M13;M14,https://biblioteca-repositorio.clacso.edu.ar/libreria_cm_archivos/pdf_315.pdf,pdf-en-linea,media,"Franklin J. Franco, historiador marxista dominicano considerado fundador de los estudios étnicos dominicanos (según el registro F-0073), presentó esta ponencia el 12 de marzo de 1980 en San José de Costa Rica, ante un coloquio internacional sobre textos escolares latinoamericanos, para una audienci… Fiabilidad media (Testimonio crítico y ensayístico de un historiador marxista dominicano sobre libr"
51,url,F-1251,secundaria,"Hintzen, Amelia","Extranjeros en tránsito: la evolución histórica de las políticas migratorias en la República Dominicana, en 'República Dominicana y Haití: el derecho a vivir'",2014,es,internacional,M13;M14,https://biblioteca-repositorio.clacso.edu.ar/libreria_cm_archivos/pdf_315.pdf,pdf-en-linea,media,"Amelia Hintzen, estudiante de doctorado en Estados Unidos, escribió este capítulo (traducido al español) para el volumen de la Fundación Juan Bosch (2014) a partir de documentos del AGN (cartas de 1939 y del Estado), con el interés de explicar la política migratoria como política de reubicación for… Fiabilidad media (Capítulo de una doctoranda estadounidense con notas y cartas de archivo (alcaldes"
52,autor-titulo,F-1263,primaria,République d'Haïti (Secrétairerie d'État des Relations Extérieures; Service du Protocole; Directeur du Moniteur: Candelon Rigaud),"Le Moniteur, journal officiel de la République d'Haïti, nº 94, lundi 13 novembre 1933, p. 1: Service du Protocole, 'Entrevue entre S. E. le Président de la République d'Haïti et S. E. le Président de la République Dominicaine' (Ouanaminthe-Dajabón, 18-X-1933), con el comunicado conjunto",1933-11-13,fr,oficial-haiti,M13,https://ufdcimages.uflib.ufl.edu/UF/00/07/68/54/04609/11-13-1933.pdf | https://ufdcimages.uflib.ufl.edu/UF/00/07/68/54/04609/11-13-1933_pdf.txt | https://dloc.com/UF00076854/04609,pdf-en-linea,alta,"Journal officiel haitiano (Port-au-Prince), digitalizado por la Bibliothèque Haïtienne des Pères du Saint-Esprit y servido por dLOC; el Service du Protocole redacta la crónica del primer encuentro de Vincent y Trujillo en la frontera, publicada casi un mes después del hecho; la audiencia es el cuer… Fiabilidad alta (Gaceta oficial del Estado haitiano que reproduce el comunicado firmado por ambas c"
52,autor-titulo,F-1264,primaria,République d'Haïti (Service du Protocole; discursos de Sténio Vincent y de Rafael L. Trujillo Molina),"Le Moniteur, journal officiel de la République d'Haïti, nº 1, jeudi 3 janvier 1935, pp. 1-5: Service du Protocole, 'Réception de S. E. le Généralissime Rafael Léonidas Trujillo Molina... et audience solennelle au Palais National' (2-XI-1934), con los discursos de Vincent y de Trujillo en español y en traducción francesa",1935-01-03,fr,oficial-haiti,M13,https://ufdcimages.uflib.ufl.edu/UF/00/07/68/54/03611/01-03-1935.pdf | https://ufdcimages.uflib.ufl.edu/UF/00/07/68/54/03611/01-03-1935_pdf.txt | https://dloc.com/UF00076854/03611,pdf-en-linea,alta,"Journal officiel haitiano (Port-au-Prince) digitalizado por la Bibliothèque Haïtienne des Spiritains; el Service du Protocole transcribe la visita de Estado de Trujillo a Puerto Príncipe (2-XI-1934) para la élite política y diplomática, dos meses después; el interés es mostrar el entendimiento Vinc… Fiabilidad alta (Texto oficial de los discursos tal como los fijó el Protocolo haitiano; es la vers"
52,autor-titulo,F-1265,primaria,République d'Haïti (Assemblée Nationale; Sténio Vincent; Secrétaire d'État Y. Chatelain; texto firmado por Vincent y Trujillo),"Le Moniteur, journal officiel de la République d'Haïti, nº 47, lundi 1er juin 1936, pp. 363-?: décret de l'Assemblée Nationale (23-24 III 1936) sanctionnant le Protocole additionnel au Traité du 21 janvier 1929 (signé à Port-au-Prince le 9-III-1936), texte bilingue espagnol-français, Mémoire de la Commission de délimitation (8-III-1936) et procès-verbal d'échange des ratifications",1936-06-01,fr,oficial-haiti,M13,https://ufdcimages.uflib.ufl.edu/UF/00/07/68/54/03766/06-01-1936.pdf | https://ufdcimages.uflib.ufl.edu/UF/00/07/68/54/03766/06-01-1936_pdf.txt | https://dloc.com/UF00076854/03766,pdf-en-linea,alta,"Journal officiel haitiano digitalizado por la Bibliothèque Haïtienne des Spiritains (dLOC); publica el decreto de sanción del Protocolo del 9-III-1936 con el texto en español (original) y la versión francesa, para el cuerpo legal y diplomático; el interés es dar fuerza de ley y cerrar formalmente l… Fiabilidad alta (Texto oficial bilingüe del Protocolo tal como lo publicó el Estado haitiano, cotej"
52,autor-titulo,F-1266,primaria,"République d'Haïti (Service du Protocole; discurso de Ortega Frier, secretario de Estado de Justicia y presidente de la delegación dominicana)","Le Moniteur, journal officiel de la République d'Haïti, nº 72, lundi 6 septembre 1937, p. 1: Service du Protocole, 'Troisième anniversaire de la Libération du territoire': réception de l'Ambassade extraordinaire dominicaine (20-VIII-1937), discours de Julio Ortega Frier (espagnol, avec traduction française)",1937-09-06,fr,oficial-haiti,M13,https://ufdcimages.uflib.ufl.edu/UF/00/07/68/54/04802/09-06-1937.pdf | https://ufdcimages.uflib.ufl.edu/UF/00/07/68/54/04802/09-06-1937_pdf.txt | https://dloc.com/UF00076854/04802,pdf-en-linea,alta,"Journal officiel haitiano; el Service du Protocole transcribe la recepción por Vincent (20-VIII-1937) de la embajada extraordinaria dominicana a las fiestas del tercer aniversario del fin de la ocupación estadounidense (21-VIII-1934); discurso de Ortega Frier en nombre de Trujillo; audiencia: cuerp… Fiabilidad alta (Texto oficial de un discurso diplomático impreso por el Protocolo haitiano, coteja"
52,autor-titulo,F-1267,primaria,"République d'Haïti (Corps législatif; Assemblée Nationale; Sténio Vincent; Léon Laleau, Secrétaire d'État des Relations Extérieures; Légation dominicaine, Anselmo A. Paulino Álvarez)","Le Moniteur, journal officiel de la République d'Haïti, nº 20, jeudi 9 mars 1939, pp. 157-159: résolution (16-II-1939) et décret (16-II / 8-III-1939) approuvant la 'transaction' haïtiano-dominicaine sur le paiement global des valeurs de l'art. VIII de l'Accord du 31-I-1938; lettre de la Légation dominicaine et acte de quittance de Léon Laleau; loi du 24-27-II-1939 sur l'emploi des 275.000 dollars",1939-03-09,fr,oficial-haiti,M13,https://ufdcimages.uflib.ufl.edu/UF/00/07/68/54/04959/03-09-1939.pdf | https://ufdcimages.uflib.ufl.edu/UF/00/07/68/54/04959/03-09-1939_pdf.txt | https://dloc.com/UF00076854/04959,pdf-en-linea,alta,"Journal officiel haitiano (Port-au-Prince), digitalizado por la Bibliothèque Haïtienne des Spiritains (dLOC); recoge, con la firma del presidente Vincent y de su canciller Laleau, la 'transacción' por la que el gobierno haitiano aceptó un pago global a cambio de las cuotas pendientes del acuerdo de… Fiabilidad alta (Conjunto de actos oficiales haitianos con cifras, número de cheque, fechas y firma"
52,autor-titulo,F-1268,primaria,République d'Haïti (Service du Protocole; discours de A. Paulino Álvarez y de Sténio Vincent),"Le Moniteur, journal officiel de la République d'Haïti, nº 24, jeudi 23 mars 1939, pp. 197-199: Service du Protocole, réception de Anselmo A. Paulino Álvarez, Ministre plénipotentiaire dominicain (27-II-1939), avec son discours (espagnol) et la réponse du Président Vincent (français)",1939-03-23,fr,oficial-haiti,M13,https://ufdcimages.uflib.ufl.edu/UF/00/07/68/54/04963/03-23-1939.pdf | https://ufdcimages.uflib.ufl.edu/UF/00/07/68/54/04963/03-23-1939_pdf.txt | https://dloc.com/UF00076854/04963,pdf-en-linea,alta,"Journal officiel haitiano; el Service du Protocole transcribe la recepción solemne del nuevo ministro dominicano, ejecutor del arreglo de 1939 (después fue figura principal del régimen); Vincent habla en su propio nombre como jefe de Estado, para el público diplomático y político; interés: fijar la… Fiabilidad alta (Discursos oficiales de ambos lados, impresos por el Protocolo haitiano y cotejados"
52,autor-titulo,F-1269,primaria,"République d'Haïti (Assemblée Nationale; exposé de Yrech Chatelain, Sec. d'État des Relations Extérieures)","Le Moniteur, journal officiel de la République d'Haïti, nº 20, lundi 3 mars 1941, pp. 149-150: Assemblée Nationale, séance du mardi 17 mars 1936: dépôt du Protocole additionnel à l'Accord du 27 février 1935 et exposé de Yrech Chatelain, Secrétaire d'État des Relations Extérieures et des Cultes",1941-03-03,fr,oficial-haiti,M13,https://ufdcimages.uflib.ufl.edu/UF/00/07/68/54/03847/03-03-1941.pdf | https://ufdcimages.uflib.ufl.edu/UF/00/07/68/54/03847/03-03-1941_pdf.txt | https://dloc.com/UF00076854/03847,pdf-en-linea,alta,"Compte rendu officiel de l'Assemblée Nationale haïtienne (Sénat + Chambre) de 1936, publicado en el Moniteur con un retraso de cinco años (3-III-1941, bajo Lescot); el ministro Chatelain defiende ante los legisladores el Protocolo firmado una semana antes; la audiencia es la élite política de Puert… Fiabilidad alta (Acta parlamentaria oficial de la propia exposición del canciller haitiano, cotejad"
52,autor-titulo,F-1270,primaria,"République d'Haïti (Sénat; sénateurs Jh. R. Noël, Denis St-Aude, A. V. Carré)","Le Moniteur, journal officiel de la République d'Haïti, nº 29, jeudi 3 avril 1941, pp. 229-231: Sénat, séance du 31 mars 1936: résolution du sénateur J. R. Noël recommandant Trujillo et Vincent pour le Prix Nobel de la Paix (1936)",1941-04-03,fr,oficial-haiti,M13,https://ufdcimages.uflib.ufl.edu/UF/00/07/68/54/03856/04-03-1941.pdf | https://ufdcimages.uflib.ufl.edu/UF/00/07/68/54/03856/04-03-1941_pdf.txt | https://dloc.com/UF00076854/03856,pdf-en-linea,alta,"Compte rendu officiel du Sénat haïtien publicado cinco años después (3-IV-1941); los senadores Noël, St-Aude y Carré proponen que los parlamentos de ambos países sometan al Comité Nobel noruego la candidatura conjunta de Trujillo y Vincent por el arreglo de límites; audiencia: legisladores y diplom… Fiabilidad alta (Texto de una resolución del Senado haitiano tal como lo imprimió la gaceta oficial"
52,autor-titulo,F-1271,primaria,"République d'Haïti / République Dominicaine (plénipotentiaires G. J. Henríquez, J. R. Rodríguez y Charles Fombrun; Élie Lescot; Assemblée Nationale)","Le Moniteur, journal officiel de la République d'Haïti, nº 16, lundi 23 février 1942, pp. 121-124: Convention commerciale dominicano-haïtienne du 26-VIII-1941 (art. 1er sur l'introduction de journaliers haïtiens saisonniers; considérant sur les 16.000 résidents haïtiens), ratification de Élie Lescot (19-II-1942), décret de sanction (20-21-II-1942) et Protocole additionnel",1942-02-23,fr,oficial-haiti,M13,https://ufdcimages.uflib.ufl.edu/UF/00/07/68/54/03948/02-23-1942.pdf | https://ufdcimages.uflib.ufl.edu/UF/00/07/68/54/03948/02-23-1942_pdf.txt | https://dloc.com/UF00076854/03948,pdf-en-linea,alta,"Journal officiel haitiano bajo Lescot (1941-46); contiene el único instrumento de 1941 con una cláusula sobre braceros: la Convención comercial firmada el 26-VIII-1941, redactada de común acuerdo con Trujillo y ratificada en febrero de 1942; la audiencia es el Parlamento y el comercio; el considera… Fiabilidad alta (Texto de tratado bilingüe publicado por el Estado haitiano, con ratificación y dec"
52,autor-titulo,F-1272,primaria,République d'Haïti (Service du Protocole; discurso de Manuel A. Peña Batlle y respuesta del presidente Dumarsais Estimé),"Le Moniteur, journal officiel de la République d'Haïti, nº 6, lundi 20 janvier 1947, pp. 45-46: Service du Protocole, remise des lettres de créance de Manuel A. Peña Batlle, premier Ambassadeur dominicain en Haïti (9-I-1947), avec son discours (traduit) et la réponse du Président Dumarsais Estimé",1947-01-20,fr,oficial-haiti,M13,https://ufdcimages.uflib.ufl.edu/UF/00/07/68/54/05797/01-20-1947.pdf | https://ufdcimages.uflib.ufl.edu/UF/00/07/68/54/05797/01-20-1947_pdf.txt | https://dloc.com/UF00076854/05797,pdf-en-linea,alta,"Journal officiel haitiano de 1947 (Port-au-Prince) que publica el discurso del primer embajador dominicano, tradicional pensador del trujillismo, ante el presidente Estimé unos días después de elevarse las legaciones a embajadas; audiencia: élite política y diplomática; interés de Peña Batlle: pres… Fiabilidad alta (Discurso diplomático oficial de Peña Batlle y respuesta presidencial tal como los "
52,autor-titulo,F-1273,primaria,"République d'Haïti (Chambre des Députés, 31e législature; président D. Estimé; discurso del diputado Christian Laporte; telegrama de Miguel Ángel Roca)","Le Moniteur, journal officiel de la République d'Haïti, jeudi 18 mars 1948, pp. 234 y 247-250: Chambre des Députés, sessions des 25 mars, 1er et 3 avril 1936 (télégramme du président de la Chambre dominicaine sur le Protocole; résolution de la Chambre proposant Trujillo et Vincent pour le Prix Nobel de la Paix)",1948-03-18,fr,oficial-haiti,M13,https://ufdcimages.uflib.ufl.edu/UF/00/07/68/54/05929/03-18-1948.pdf | https://ufdcimages.uflib.ufl.edu/UF/00/07/68/54/05929/03-18-1948_pdf.txt | https://dloc.com/UF00076854/05929,pdf-en-linea,alta,"Journal officiel haitiano (Port-au-Prince, 1948, bajo la presidencia de Estimé) que publica con 12 años de retraso las actas de la Cámara de Diputados de 1936, presidida entonces por Dumarsais Estimé; el discurso es del diputado Christian Laporte; audiencia: la clase política; interés: constancia l… Fiabilidad alta (Acta oficial de la Cámara haitiana cotejada visualmente en el PDF (telegrama, reso"
52,autor-titulo,F-1274,primaria,"République d'Haïti (Georges N. Léger, Secrétaire d'État des Relations Extérieures; Chambre des Députés, président Édouard Piou)","Le Moniteur, journal officiel de la République d'Haïti, nº 27, jeudi 1er avril 1948, pp. 322-324: Chambre des Députés, séance du 2 février 1938: communication du Secrétaire d'État des Relations Extérieures Georges N. Léger au Président de la Chambre sur les négociations avec la République Dominicaine après les événements d'octobre 1937 et sur l'Accord du 31 janvier 1938",1948-04-01,fr,oficial-haiti,M13,https://ufdcimages.uflib.ufl.edu/UF/00/07/68/54/05933/04-01-1948.pdf | https://ufdcimages.uflib.ufl.edu/UF/00/07/68/54/05933/04-01-1948_pdf.txt | https://dloc.com/UF00076854/05933,pdf-en-linea,alta,"Journal officiel haitiano de 1948 que publica con diez años de retraso la sesión de la Cámara del 2-II-1938; Georges N. Léger, canciller de Vincent, informa al presidente de la Cámara y pide una sesión de la Asamblea Nacional para el 4-II para someter el Acuerdo del 31-I; es el relato oficial haiti… Fiabilidad alta (Comunicación oficial del canciller haitiano al Parlamento, cotejada visualmente (p"
52,autor-titulo,F-1275,primaria,République d'Haïti / République Dominicaine (Paul E. Magloire; Rafael L. Trujillo),"Le Moniteur, journal officiel de la République d'Haïti, nº 15, lundi 19 février 1951, p. 1: Texte de la Déclaration conjointe signée par Paul E. Magloire et Rafael L. Trujillo à l'issue de l'entrevue de Villa Elías Piña-Belladère (19-II-1951), en français et en espagnol",1951-02-19,fr,oficial-haiti,M13,https://ufdcimages.uflib.ufl.edu/UF/00/07/68/54/05309/02-19-1951.pdf | https://ufdcimages.uflib.ufl.edu/UF/00/07/68/54/05309/02-19-1951_pdf.txt | https://dloc.com/UF00076854/05309,pdf-en-linea,alta,"Journal officiel haitiano (Port-au-Prince, gobierno Magloire) que publica el texto de la declaración tras el primer encuentro Magloire-Trujillo en la frontera (Elías Piña-Belladère); audiencia: política y diplomática; interés: presentar un 'frente insular unido' ante el comunismo y encauzar tres te… Fiabilidad alta (Declaración conjunta oficial en dos lenguas, cotejada visualmente; fija las intenc"
52,autor-titulo,F-1276,primaria,"République d'Haïti / République Dominicaine (Paul E. Magloire; Rafael L. Trujillo; plénipotentiaires Théophile J. B. Richard, Virgilio Díaz Ordóñez, Manuel J. Castillo; Assemblée Nationale d'Haïti)","Le Moniteur, journal officiel de la République d'Haïti, nº 65, lundi 28 juillet 1952, pp. 491-493: décret sanctionnant l'Accord sur l'embauchage en Haïti et l'entrée en République Dominicaine des journaliers temporaires haïtiens (Ciudad Trujillo, 5-I-1952), avec le texte de l'Accord et le contrat type de travail",1952-07-28,fr,oficial-haiti,M13,https://ufdcimages.uflib.ufl.edu/UF/00/07/68/54/06680/07-28-1952.pdf | https://ufdcimages.uflib.ufl.edu/UF/00/07/68/54/06680/07-28-1952_pdf.txt | https://dloc.com/UF00076854/06680,pdf-en-linea,alta,"Journal officiel haitiano (gobierno Magloire) que publica el decreto de la Asamblea Nacional (26-V-1952) y la sanción presidencial (27-V-1952) del convenio firmado en Ciudad Trujillo el 5-I-1952 (ratificado por Magloire el 21-IV-1952); audiencia: administración y empresas; el texto fija quién reclu… Fiabilidad alta (Texto oficial del convenio en su versión francesa, publicado por el Estado haitian"
52,autor-titulo,F-1277,primaria,"République d'Haïti / République Dominicaine (Mauclair Zéphirin, Sec. d'État a. i. des Relations Extérieures; Tulio Franco y Franco, ambassadeur dominicain; Max H. Dorsinville)","Le Moniteur, journal officiel de la République d'Haïti, nº 27, jeudi 19 mars 1953, p. 1: procès-verbal (25-II-1953) de l'échange des instruments de ratification de l'Accord sur l'embauchage en Haïti et l'entrée en République Dominicaine des journaliers temporaires haïtiens",1953-03-19,fr,oficial-haiti,M13,https://ufdcimages.uflib.ufl.edu/UF/00/07/68/54/06771/03-19-1953.pdf | https://ufdcimages.uflib.ufl.edu/UF/00/07/68/54/06771/03-19-1953_pdf.txt | https://dloc.com/UF00076854/06771,pdf-en-linea,alta,"Journal officiel haitiano; el acta registra que el acuerdo de braceros rigió primero provisionalmente por notas cambiadas el 5-I-1952 y que el canje formal de ratificaciones se hizo en Puerto Príncipe el 25-II-1953; audiencia: administración; interés: constancia jurídica. Fiabilidad alta (Acta diplomática bilingüe, cotejada visualmente; fija las fechas de aprobación y de canje, sin añadir contenid"
52,autor-titulo,F-1278,primaria,"République d'Haïti (Chambre des Députés; députés M. Avin, Rossini Pierre-Louis, Luc Stéphen)","Le Moniteur, journal officiel de la République d'Haïti, nº 54, jeudi 6 juin 1957, p. 1: Chambre des Députés, 34e législature, session extraordinaire de 1949, séance du 23 février 1949 (suite et fin): capture de cinq marins haïtiens par des militaires dominicains à Anse-à-Pitres et 'affaire Roland'",1957-06-06,fr,oficial-haiti,M13,https://ufdcimages.uflib.ufl.edu/UF/00/07/68/54/05465/06-06-1957.pdf | https://ufdcimages.uflib.ufl.edu/UF/00/07/68/54/05465/06-06-1957_pdf.txt | https://dloc.com/UF00076854/05465,pdf-en-linea,alta,"Journal officiel haitiano de 1957 que imprime el compte rendu de una sesión de la Cámara de 1949 (presidente Joseph Loubeau, bajo el gobierno Estimé); los diputados interpelan al canciller por una captura de cinco marineros haitianos en aguas de Anse-à-Pitres por militares dominicanos y por la resp… Fiabilidad alta (Acta oficial cotejada visualmente (columna 2 de la p. 1); publicada con ocho años "
52,autor-titulo,F-1279,primaria,République d'Haïti (François Duvalier; Secrétaire d'État du Travail et du Bien-Être Social T. A. Nicoleau),"Le Moniteur, journal officiel de la République d'Haïti, nº 5, jeudi 9 janvier 1958 (Numéro extraordinaire), p. 1: arrêté du 7-I-1958 (François Duvalier) ouvrant un crédit extraordinaire de 140.000 gourdes pour l'embauchage de 3.800 ouvriers agricoles saisonniers haïtiens pour les usines sucrières dominicaines",1958-01-09,fr,oficial-haiti,M13,https://ufdcimages.uflib.ufl.edu/UF/00/07/68/54/06401/01-09%201958-B.pdf | https://ufdcimages.uflib.ufl.edu/UF/00/07/68/54/06401/01-09%201958-B_pdf.txt | https://dloc.com/UF00076854/06401,pdf-en-linea,alta,"Journal officiel haitiano (número extraordinario, gobierno de François Duvalier, tres meses después de asumir); el arrêté abre un crédito para cubrir el control del reclutamiento de 3.800 trabajadores para los ingenios dominicanos al amparo del acuerdo del 5-I-1952; audiencia: administración; inter… Fiabilidad alta (Arrêté oficial con cifra y fecha, cotejado visualmente; es un acto de contabilidad"
52,autor-titulo,F-1280,primaria,République d'Haïti (François Duvalier; Secrétaire d'État des Affaires Étrangères Vilfort Beauvoir),"Le Moniteur, journal officiel de la République d'Haïti, jeudi 8 avril 1958, p. 270 (número no legible en la imagen): arrêté du 31-III-1958 (François Duvalier) ouvrant un crédit de 82.763,10 gourdes dont 16.400 pour les loyers de février à septembre 1958 d'une maison louée par l'Ambassade d'Haïti à Ciudad Trujillo 'pour loger des travailleurs haïtiens'",1958-04-08,fr,oficial-haiti,M13,https://ufdcimages.uflib.ufl.edu/UF/00/07/68/54/06441/04-08-1958.pdf | https://ufdcimages.uflib.ufl.edu/UF/00/07/68/54/06441/04-08-1958_pdf.txt | https://dloc.com/UF00076854/06441,pdf-en-linea,alta,"Journal officiel haitiano bajo Duvalier (primer año); el arrêté cubre gastos de la cancillería, incluido el alquiler de una casa de la Embajada en Ciudad Trujillo para alojar trabajadores haitianos; audiencia: administración; es de los pocos textos oficiales haitianos que muestran la intervención d… Fiabilidad alta (Arrêté con cifras y fechas, cotejado visualmente (p. 270, col. 2).) Afirmaciones q"
52,autor-titulo,F-1281,primaria,République d'Haïti (François Duvalier; Secrétaire d'État du Travail et du Bien-Être Social Lucien Bélizaire),"Le Moniteur, journal officiel de la République d'Haïti, nº 6, lundi 12 janvier 1959, p. 1: arrêté du 9-I-1959 (François Duvalier) ouvrant un crédit extraordinaire de 135.000 gourdes pour l'embauchage de 3.000 ouvriers agricoles saisonniers haïtiens pour les usines sucrières dominicaines",1959-01-12,fr,oficial-haiti,M13,https://ufdcimages.uflib.ufl.edu/UF/00/07/68/54/06539/01-12-1959.pdf | https://ufdcimages.uflib.ufl.edu/UF/00/07/68/54/06539/01-12-1959_pdf.txt | https://dloc.com/UF00076854/06539,pdf-en-linea,alta,"Journal officiel haitiano bajo Duvalier (1959); el arrêté cita la ley del 16-IX-1952 sobre empleo de la mano de obra nacional en el extranjero y abre el crédito para el control del reclutamiento; audiencia: administración; es el contrato de 1959 que el registro daba como [POR VERIFICAR], visto solo… Fiabilidad alta (Arrêté con cifras y fecha, cotejado visualmente (sumario y art. 1); acto de contab"
52,autor-titulo,F-1282,primaria,"République d'Haïti (François Duvalier; Secrétaire d'État de la Justice, du Travail et du Bien-Être Social Lucien Bélizaire)","Le Moniteur, journal officiel de la République d'Haïti (numéro daté '31 janvier 1959', nº 23, extraordinaire, según dLOC; el arrêté lleva fecha del 6-II-1959; reproducido en los nº 26-27 del 9 y 12-II-1959), pp. 140-141: arrêté ouvrant un crédit de 23.000 gourdes pour l'embauchage de 500 ouvriers agricoles saisonniers haïtiens pour les usines sucrières dominicaines",1959-02,fr,oficial-haiti,M13,https://ufdcimages.uflib.ufl.edu/UF/00/07/68/54/06541/01-31-1959.pdf | https://ufdcimages.uflib.ufl.edu/UF/00/07/68/54/06541/01-31-1959_pdf.txt | https://dloc.com/UF00076854/06541 | https://ufdcimages.uflib.ufl.edu/UF/00/07/68/54/06543/02-12-1959_pdf.txt,pdf-en-linea,alta,"Journal officiel haitiano bajo Duvalier; segundo crédito de 1959 para el control del reclutamiento estacional; audiencia: administración. Fiabilidad alta (Arrêté cotejado visualmente (p. 141); la fecha del número en dLOC y la del decreto no coinciden, lo que limita la fiabilidad de la fecha de publicación, no la del contenido.) Afirmaciones que toca: A-187. Verificación descargada-y-leida (acceso "
52,autor-titulo,F-1309,primaria,"République d'Haïti (Sténio Vincent, presidente; Georges N. Léger, secretario de Estado de Finanzas y de Relaciones Exteriores)","Le Moniteur, journal officiel de la République d'Haïti, 92.º año, n.º 98, jueves 2 de diciembre de 1937, p. 1: Arrêté de 29-XI-1937 que abre un crédito para el repatriamiento de los haitianos en la República Dominicana y los socorros que se les deben",1937,fr,oficial-haiti,M13,https://ufdcimages.uflib.ufl.edu/UF/00/07/68/54/04828/12-02-1937.pdf | https://ufdcimages.uflib.ufl.edu/UF/00/07/68/54/04828/12-02-1937_pdf.txt | https://api.dloc.patron.uflib.ufl.edu/UF00076854/04828/citation?format=json,pdf-en-linea,alta,"Journal officiel de la República de Haití (dirección de Candelon Rigaud), digitalizado por la Bibliothèque Haïtienne des Spiritains y alojado en dLOC (colección UF00076854). El arrêté lo firma Sténio Vincent el 29-XI-1937, seis semanas después de las matanzas, y lo refrenda Georges N. Léger. Recono… Fiabilidad alta (Diario oficial haitiano: texto de un acto del Ejecutivo leído sobre la imagen de l"
52,autor-titulo,F-1362,primaria,"République d'Haïti (Candelon Rigaud, directeur du Moniteur)","Le Moniteur, journal officiel de la République d'Haïti, 92.º año, 17 ediciones del 4-X al 29-XI-1937 (lunes y jueves): búsqueda de menciones de la matanza",1937,fr,oficial-haiti,M13,https://ufdcimages.uflib.ufl.edu/UF/00/07/68/54/04810/10-04-1937_pdf.txt | https://ufdcimages.uflib.ufl.edu/UF/00/07/68/54/04811/10-07-1937_pdf.txt | https://ufdcimages.uflib.ufl.edu/UF/00/07/68/54/04812/10-11-1937_pdf.txt | https://ufdcimages.uflib.ufl.edu/UF/00/07/68/54/04813/10-14-1937_pdf.txt | https://ufdcimages.uflib.ufl.edu/UF/00/07/68/54/04814/10-18-1937_pdf.txt | https://ufdcimages.uflib.,texto-completo-en-linea,media,"Diario oficial del Estado haitiano (publica leyes, decretos, actas del Senado y la Cámara, comunicaciones protocolares), digitalizado por UFDC/dLOC. Fiabilidad media (Constatación de ausencia por búsqueda de palabras clave en el texto OCR (ruidoso, sin tildes en muchas líneas) de 17 ediciones; no se leyeron íntegras…) Afirmaciones que toca: A-192. Verificación descargada-parcial (acceso texto-comp"
52,autor-titulo,F-1363,primaria,"République d'Haïti (Dumarsais Estimé, président; Secrétaire d'État des Relations Extérieures)","Le Moniteur, journal officiel de la République d'Haïti, lunes 6 de febrero de 1950, pp. 103-104: arrêté de Dumarsais Estimé que abre un crédito para indemnizar a la Comisión Especial de Juristas haitianos «formée à l'occasion de l'actuel conflit haïtiano-dominicain»",1950-02-06,fr,oficial-haiti,M13,https://ufdcimages.uflib.ufl.edu/UF/00/07/68/54/05161/02-06-1950.pdf | https://ufdcimages.uflib.ufl.edu/UF/00/07/68/54/05161/02-06-1950_pdf.txt,pdf-en-linea,alta,"Diario oficial haitiano, arrêté presidencial con considerandos en el contexto del conflicto Estimé-Trujillo (caso Roland, 1949-50); abre un crédito extraordinario para indemnizar a los miembros de la comisión de juristas… Fiabilidad alta (Texto oficial impreso, considerando leído a la vista en la imagen de la p. 103 (continúa en p. 104); es un acto administrativo breve) Afirmaciones que toca: ning"
52,autor-titulo,F-2173,primaria,"République d'Haïti (Jean-Claude Duvalier, presidente vitalicio, y su Consejo de Ministros)","Le Moniteur, journal officiel de la République d'Haïti, n.º 79-A (14 de noviembre de 1983): Décret consacrant le 28 novembre «Jour de l'Indien et de la Culture Nationale»",1983,fr,oficial-haiti,M01;M16;M02,https://dloc.com/UF00076854/09126/citation | https://ufdcimages.uflib.ufl.edu/UF/00/07/68/54/09126/1983-11-14-A.pdf,pdf-en-linea,alta,"Decreto firmado en el Palacio Nacional el 11 de noviembre de 1983 por Jean-Claude Duvalier ('Président à vie') y publicado en Le Moniteur n.º 79-A del 14-XI-1983 (Presses Nationales d'Haïti; ejemplar de la Bibliothèque haïtienne des Spiritains en dLOC). Fiabilidad alta: Texto oficial del decreto en el diario oficial del Estado haitiano; prueba de primera mano de la posición del Estado en 1983, no "
52,autor-titulo,F-2323,primaria,"République d'Haïti (Jean-Claude Duvalier, presidente vitalicio; Secretarías de Estado de Finanzas, Interior y Defensa, Asuntos Exteriores)","Le Moniteur, journal officiel de la République d'Haïti, 132.º año, n.º 24, lunes 11 de abril de 1977: decreto de Jean-Claude Duvalier del 14 de marzo de 1977 que crea el «Service de Laisser-Passer» y una tasa de 25 gourdes para viajar por tierra a la República Dominicana",1977,fr,oficial-haiti,M14,https://dloc.com/UF00076854/08515 | https://ufdcimages.uflib.ufl.edu/UF/00/07/68/54/08515/1977-04-11_pdf.txt | https://ufdcimages.uflib.ufl.edu/UF/00/07/68/54/08515/1977-04-11.pdf | https://ufdcimages.uflib.ufl.edu/UF/00/07/68/54/08516/1977-04-18_pdf.txt,texto-completo-en-linea,alta,"Le Moniteur es el diario oficial haitiano (en 1977 redactor jefe Dumai Lespinasse según dLOC). Fiabilidad alta: Gaceta oficial del Estado haitiano con el texto del decreto; el OCR perdió las tildes y algunas letras, pero el articulado es legible. Afirmaciones: A-194. Verificación: descargada-y-leida (acceso: texto-completo-en-linea). F2 2026-10-07 (M14, ronda 1; lentes haitiana; consulta de los bu"
53,autor-titulo,F-1320,terciaria,Library of Congress de EE. UU. [división editora y autoría por sección POR VERIFICAR],"Haiti: A Country Study (Library of Congress), sección 'Politics and the Military, 1934-57' (copia countrystudies.us)","s. f. [probable 1989, POR VERIFICAR]",en,oficial-eeuu,M13,https://countrystudies.us/haiti/16.htm,texto-completo-en-linea,baja,"Manual de área de la Biblioteca del Congreso de EE. UU.; la página countrystudies.us dice solo 'Source: U.S. Library of Congress' y no trae firma de sección, año de edición ni notas [la serie se cita como Area Handbook, probablemente de 1989: POR VERIFICAR]. Útil para el orden de los presidentes ha… Fiabilidad baja (Manual de área sin notas al pie ni autoría por sección; resume literatura anglófon"
53,autor-titulo,F-1448,divulgacion,"Library of Congress, Federal Research Division (Area Handbook Series)","Haiti: A Country Study (Library of Congress, Federal Research Division, Area Handbook Series): capítulo «Decades of Instability, 1843-1915» (espejo en countrystudies.us)",1989,en,oficial-eeuu,M09,https://countrystudies.us/haiti/14.htm | https://countrystudies.us/haiti/,texto-completo-en-linea,media,"Capítulo de un manual de la Biblioteca del Congreso de EE.UU. para lectores oficiales; el espejo countrystudies.us pone solo 'Source: U.S. Library of Congress' y cita a Leyburn (The Haitian People) en el párrafo inicial. … Fiabilidad media (Manual de área sin notas en el espejo; resume a Leyburn y a otros autores con juicios de valor sobre Soulouque, y no da cifras ni partes de guerra.) Afirmacion"
54,autor-titulo,F-1332,primaria,"Office of the Historian, U.S. Department of State","Foreign Relations of the United States, Diplomatic Papers, 1938, General, vol. I: Intergovernmental Committee on Political Refugees (documentos 742, 750, 815 y 823 sobre la oferta dominicana)",1950s (ed. FRUS 1955),en,oficial-eeuu,M13,https://history.state.gov/historicaldocuments/frus1938v01/d742 | https://history.state.gov/historicaldocuments/frus1938v01/d750 | https://history.state.gov/historicaldocuments/frus1938v01/d815 | https://history.state.gov/historicaldocuments/frus1938v01/d823,texto-completo-en-linea,alta,"Telegramas de Myron Taylor y George Rublee (delegación estadounidense ante el Comité Intergubernamental sobre Refugiados Políticos), del ministro Norweb en Ciudad Trujillo y de los secretarios de Estado, 12-VIII a 1-XII-1938. Para el Departamento de Estado: medir si la oferta dominicana era viable.… Fiabilidad alta (Telegramas y despachos diplomáticos contemporáneos reproducidos por la edición ofi"
54,autor-titulo,F-1333,primaria,"Office of the Historian, U.S. Department of State","Foreign Relations of the United States, Diplomatic Papers, 1941, The American Republics, vol. VII, doc. 297: Chargé in Haiti (Sparks) a Secretario de Estado, n.º 479, Puerto Príncipe, 21-X-1941, sobre la Convención Comercial haitiano-dominicana del 26-VIII-1941",1962 (ed. FRUS),en,oficial-eeuu,M13,https://history.state.gov/historicaldocuments/frus1941v07/d297 | https://raw.githubusercontent.com/HistoryAtState/frus/master/volumes/frus1941v07.xml,texto-completo-en-linea,alta,Despacho del encargado de negocios Sparks en Puerto Príncipe. Interés estadounidense: conservar la cláusula de nación más favorecida frente a la preferencia arancelaria entre vecinos contigua; deja ver cómo Lescot presentaba su relación con Trujillo. Fiabilidad alta (Despacho contemporáneo de un diplomático estadounidense que cita conversaciones directas con Lescot y su canciller Fombrun.) Afirmac
55,url,F-1348,secundaria,"Mateo, Andrés L.","El conflicto ideológico del trujillismo (1993), capítulo de Mito y cultura en la Era de Trujillo (Santo Domingo: Editora Colores / Librería Trinitaria e Instituto del Libro, 1993, pp. 129-160); reproducido en Bosch y Lora (coords.), Antología del pensamiento crítico dominicano contemporáneo (CLACSO, 2016, pp. 329-353)",1993 (ed. 2016),es,dominicana,M13;M14,https://diccionario.funglode.org/wp-content/uploads/2018/09/AntologiaPensaminetoCriticoDominicano.pdf,pdf-en-linea,media,"Andrés L. Mateo (autor de Mito y cultura en la Era de Trujillo, Santo Domingo, 1993) analiza el edificio mítico de la ideología trujillista y su 'antihaitianismo' como 'épica racial'; cita 'El sentido de una política' de… Fiabilidad media (Ensayo de crítica ideológica sin trabajo de archivo; cita textos de Peña Batlle verificables con año y página, aunque no hace trabajo de archivo) Afirmaciones q"
55,url,F-2392,secundaria,"Yunén, Rafael Emilio","La isla como es: hipótesis para su comprobación. Capítulos «Estudio de un caso: las migraciones haitianas y sus vinculaciones con las migraciones dominicanas» y «Perspectivas: ¿... y qué pensar de Haití?» (Santiago de los Caballeros: Universidad Católica Madre y Maestra, Colección Estudios, 1985, pp. 165-197; reproducidos en Antología del pensamiento crítico dominicano contemporáneo, Buenos Aires: CLACSO, 2016, pp. 245-282)",1985 (ed. consultada: CLACSO 2016),es,dominicana,M14;M15,https://diccionario.funglode.org/wp-content/uploads/2018/09/AntologiaPensaminetoCriticoDominicano.pdf | https://www.academiadominicanahistoria.org.do/wp-content/uploads/2021/05/RafaelEmilioYunen.pdf,texto-completo-en-linea,media,"Rafael Emilio Yunén, geógrafo de la Universidad Católica Madre y Maestra (Santiago), publica en 1985 La isla como es, cuyo título contesta a La isla al revés; el libro obtuvo el Premio Nacional de Ensayo 'Pedro Henríquez Ureña' de 1985 según una búsqueda web [POR VERIFICAR]. Escribe en pleno debate sobre la 'presencia… Fiabilidad media: Ensayo de un geógrafo dominicano contemporáneo de los hechos,"
56,autor-titulo,F-1350,primaria,"República Dominicana, Dirección General de Estadística (Sección de Publicaciones)","Tercer censo nacional de población 1950: resumen general (incluye los cuadros comparativos de 1935: raza y color, dominicanos y extranjeros)",1953,es,oficial-rd,M12;M13;M16,https://bd.bnphu.gob.do/handle/BNPHU/3281 | https://bd.bnphu.gob.do/server/api/core/bitstreams/0430a5ca-97e3-41e8-9a46-08a5357f4f3b/content | https://bd.bnphu.gob.do/items/3e7e6bd7-9f58-4feb-b762-30ddaf4dfbbc | https://bd.bnphu.gob.do/server/api/core/items/3e7e6bd7-9f58-4feb-b762-30ddaf4dfbbc,pdf-en-linea,alta,"Dirección General de Estadística, Ciudad Trujillo, 1953; resumen de resultados definitivos del Tercer Censo Nacional (6-VIII-1950) para el público, con un prefacio y un texto histórico de tono encomiástico hacia el régim… Fiabilidad alta (Tabulación oficial de la propia oficina que produjo los datos; los cuadros cuadran entre sí (1.479.417 = 1.406.347 + 73.070; la suma provincial de hai…) Afirmaci"
56,autor-titulo,F-1387,primaria,"República Dominicana, Dirección General de Estadística (Oficina Nacional del Censo)","Tercer censo nacional de población 1950 (edición completa de 866 páginas: cuadros por provincia y común, nacionalidad, lengua materna)",1958,es,oficial-rd,M13,https://bd.bnphu.gob.do/handle/BNPHU/3280 | https://bd.bnphu.gob.do/server/api/core/bitstreams/4ccb4ba1-53b5-48d8-987c-c48c5184e76a/content | https://bd.bnphu.gob.do/server/api/core/items/cc8b0aca-e6ac-4dde-9f9a-43bd68a20e40,pdf-en-linea,alta,"Dirección General de Estadística, Ciudad Trujillo, 1958 (prefacio del director Sócrates Barinas Coiscou); el resumen había salido en 1953. Fiabilidad alta (Edición definitiva y completa de los datos del censo por la propia DGE; la suma de los 'haitianos' por provincia (Cuadro 12) reproduce exactamente los…) Afirmaciones que toca: A-166, A-177, A-181, A-186, A-188, A-190. Verificación descargada-y-"
57,autor-titulo,F-1370,secundaria,"Saint-Victor, Alain","Les fondements historiques du racisme dominicain. Les origines de l'antihaitianismo (Histoire Engagée, 4-II-2016; versión retrabajada de textos previos en Nouveaux Cahiers du socialisme y AlterPresse)",2016,fr,haitiana,M13,https://histoireengagee.ca/les-fondements-historiques-du-racisme-dominicain-les-origines-de-lantihaitianismo/,texto-completo-en-linea,media,"Alain Saint-Victor, historiador haitiano [POR VERIFICAR: afiliación académica actual; la fecha 4-II-2016 viene de la bibliografía de J. Fiabilidad media (Artículo de síntesis de un historiador haitiano con notas a secundarias (Sagás, Torres-Saillant, Candelario, Howard, Heinl y Heinl); sin fuentes prima…) Afirmaciones que toca: A-169, A-179, A-187, A-190, A-193. Verificación descargada-y-leida (ac"
57,autor-titulo,F-1449,divulgacion,"Saint-Victor, Alain (enseignant et historien)","«Les fondements historiques du racisme dominicain. Les origines de l'antihaitianismo», Potomitan (Haïti)",s. f. (referencias hasta 2014; página consultada 2026-10-06),fr,haitiana,M09;M13,https://www.potomitan.info/ayiti/saint-victor/racisme.php,texto-completo-en-linea,media,"Alain Saint-Victor ('Enseignant et historien'), publicado en Potomitan (sitio de promoción de las culturas y lenguas criollas). … Fiabilidad media (Ensayo firmado por un historiador-docente, apoyado en Sagás, Torres-Saillant y Price-Mars con notas, aunque sin fecha de publicación visible.) Afirmaciones que toca: A-127, A-128, A-129. Verificación descargada-y-leida (acceso texto-completo-en-linea),"
58,url,F-1380,primaria,"Associated Press (en Evening Star, Washington, D.C.)","'Atrocity Killings Charged by Haiti: Slayings by Dominicans Wholesale Massacre, Says Minister' (Evening Star, Washington, D.C., 9 de noviembre de 1937, p. 5; despacho de la Associated Press)",1937,en,internacional,M13,https://www.loc.gov/collections/chronicling-america/?q=Haitians+Dominican+Leger+massacre&dates=1937-11-09/1937-11-09&fo=json&at=results&c=10 | https://www.loc.gov/resource/sn83045462/1937-11-09/ed-1/?sp=5,fragmento-busqueda,media,"Despacho de Associated Press publicado en el diario vespertino de Washington Evening Star el 9-XI-1937 (el encabezamiento con el lugar de origen no se leyó). Fiabilidad media (Despacho de agencia de la época con cifras atribuidas a un ministro; el texto leído son solo unos 1.000 caracteres de OCR con errores, obtenidos del c…) Afirmaciones que toca: A-165, A-171, A-172, A-173, A-190. Verificación "
58,url,F-1381,primaria,"Evening Star (Washington, D.C.) [sin firma; probable despacho de agencia]","'12,168 Man's [sic] Reported Killed: Minister Estimates Deaths at That Total in Dominican Massacres' (Evening Star, Washington, D.C., 21 de diciembre de 1937, p. 8)",1937,en,internacional,M13,https://www.loc.gov/collections/chronicling-america/?q=12168+Haitians+Dominican&dates=1937-12-21/1937-12-21&fo=json&at=results&c=10 | https://www.loc.gov/resource/sn83045462/1937-12-21/ed-1/?sp=8,fragmento-busqueda,media,"Diario vespertino de Washington, edición del 21-XII-1937. Informa de que el ministro haitiano Élie Lescot, ese mismo día y tras hacerse pública una carta del obispo J. M. Fiabilidad media (Prensa de la época que atribuye la cifra a Lescot 'sobre la base de informes de refugiados'; OCR con errores y lectura de solo unos 1.200 caracteres) Afirmaciones que toca: A-167, A-172, A-175, A-190. Verificaci"
58,url,F-1382,primaria,International News Service (en The Washington Times),"'12,168 Haitians Reported Slain by Dominicans: Indescribable Offenses on Women Charged' (The Washington Times, Washington, D.C., 21 de diciembre de 1937, p. 8; despacho de INS)",1937,en,internacional,M13,https://www.loc.gov/collections/chronicling-america/?q=12168+Haitians+Dominican&dates=1937-12-21/1937-12-21&fo=json&at=results&c=10 | https://www.loc.gov/resource/sn84026749/1937-12-21/ed-1/?sp=8,fragmento-busqueda,media,"The Washington Times, 21-XII-1937, despacho de INS (servicio de Hearst). Reúne la cifra de Lescot, las declaraciones de refugiados enviadas por el obispo Jan a la Legación haitiana y la réplica del ministro dominicano Pa… Fiabilidad media (Prensa sensacionalista de la época (periódico de Hearst) que reproduce con claridad quién declara qué; texto parcial con errores de OCR) Afirmaciones que toca: "
58,url,F-1383,primaria,"Evening Star (Washington, D.C.) [sin firma]","'Haitian Slayings Termed False' (Evening Star, Washington, D.C., 27 de diciembre de 1937, p. 4)",1937,en,internacional,M13,"https://www.loc.gov/collections/chronicling-america/?q=haitians+dominican&dates=1937-10-01/1937-12-31&fo=json&at=results,pagination&c=20 | https://www.loc.gov/resource/sn83045462/1937-12-27/ed-1/?sp=4",fragmento-busqueda,baja,"Diario vespertino de Washington; la nota recoge, según el buscador, la respuesta del ministro dominicano Andrés Pastoriza a los informes de masacre, en la semana en que el Congreso y la prensa habían dado cifras de 12.16… Fiabilidad baja (Solo se leyó un fragmento citado en el resultado de búsqueda; no se leyó el artículo, de modo que la atribución exacta (a Pastoriza) viene de la descr…) Afirmaci"
59,url,F-1478,secundaria,"Cassá, Roberto","La integración de Santo Domingo al Estado haitiano (capítulo del XIII Congreso Dominicano de Historia, «La ocupación haitiana: 200 años después, mitos y realidades»; Revista de Historia IPGH-RD, n.º 4, pp. 19-88)",2022,es,dominicana,M08;M07,http://web.archive.org/web/20250810030533id_/https://ign.gob.do/wp-content/uploads/2024/05/Revista-de-Historia-2022-No.-4.pdf | https://ign.gob.do/wp-content/uploads/2024/05/Revista-de-Historia-2022-No.-4.pdf (404 el 2026-10-06; ver acceso por Wayback Machine),pdf-en-linea,alta,"Roberto Cassá, doctor en Historia (Universidad de Sevilla), profesor meritísimo de la UASD, investigador del Instituto de Historia de la UASD y director del Archivo General de la Nación (según la sección 'Autores' del volumen). Conferencia magistral del XIII Congreso Dominicano de Historia (febrero de 2022, virtual) convocado por la Sección Nacional Dominicana del IPGH. Reexamina la unificación de"
59,url,F-1479,secundaria,"González, Raymundo","Reforma agraria y régimen de la tierra durante la dominación haitiana (Revista de Historia IPGH-RD, n.º 4, pp. 123-144)",2022,es,dominicana,M08,http://web.archive.org/web/20250810030533id_/https://ign.gob.do/wp-content/uploads/2024/05/Revista-de-Historia-2022-No.-4.pdf | https://ign.gob.do/wp-content/uploads/2024/05/Revista-de-Historia-2022-No.-4.pdf (404 el 2026-10-06; ver acceso por Wayback Machine),pdf-en-linea,alta,"Raymundo González, doctor en Historia y Estudios Contemporáneos (Universidad Jaume I; tesis 2021, 'Formación y desarrollo histórico del primitivo campesinado de ascendencia africana en Santo Domingo colonial', director J. A. Piqueras), asesor del AGN y miembro de la ADH (según 'Autores'). Ponencia del XIII Congreso Dominicano de Historia (2022). Plantea que la reforma agraria de Boyer, aunque fren"
59,url,F-1480,secundaria,"Lora Hugi, Quisqueya","El Haití que anexó Santo Domingo en 1822 (Revista de Historia IPGH-RD, n.º 4, pp. 145-174)",2022,es,dominicana,M08,http://web.archive.org/web/20250810030533id_/https://ign.gob.do/wp-content/uploads/2024/05/Revista-de-Historia-2022-No.-4.pdf | https://ign.gob.do/wp-content/uploads/2024/05/Revista-de-Historia-2022-No.-4.pdf (404 el 2026-10-06; ver acceso por Wayback Machine),pdf-en-linea,alta,"Quisqueya Lora Hugi, licenciada en Historia (UASD), máster por la Universidad Pablo de Olavide, miembro correspondiente de la ADH (2016) y docente de la UASD; autora de Transición de la esclavitud al trabajo libre en Santo Domingo: el caso de Higüey (ADH 2012). Según Listín Diario (9-II-2022) abrió el segundo día de ponencias del XIII Congreso. Elige llamar 'anexión' a la unificación y propone lee"
59,url,F-1481,secundaria,"Guerrero, José G.","Gobierno haitiano y separación dominicana: problemas históricos e ideológicos para su justa comprensión (Revista de Historia IPGH-RD, n.º 4, pp. 175-226)",2022,es,dominicana,M08,http://web.archive.org/web/20250810030533id_/https://ign.gob.do/wp-content/uploads/2024/05/Revista-de-Historia-2022-No.-4.pdf | https://ign.gob.do/wp-content/uploads/2024/05/Revista-de-Historia-2022-No.-4.pdf (404 el 2026-10-06; ver acceso por Wayback Machine),pdf-en-linea,media,"José G. Guerrero, licenciado en Historia (UASD), miembro de la ADH y de la Academia de Ciencias, profesor de la UASD e INTEC y director del Museo Nacional de Historia y Geografía (según 'Autores'). Ensayo presentado en el XIII Congreso (2022) con epígrafes de Engels y de Pedro Mir sobre quién escribe la historia. Es la voz crítica interna más explícita contra la versión de 'ocupación' y 'dominació"
59,url,F-1482,secundaria,"Núñez, Manuel","El proyecto de unificación de la isla. La ocupación haitiana de 1822 (Revista de Historia IPGH-RD, n.º 4, pp. 239-264)",2022,es,dominicana,M08,http://web.archive.org/web/20250810030533id_/https://ign.gob.do/wp-content/uploads/2024/05/Revista-de-Historia-2022-No.-4.pdf | https://ign.gob.do/wp-content/uploads/2024/05/Revista-de-Historia-2022-No.-4.pdf (404 el 2026-10-06; ver acceso por Wayback Machine),pdf-en-linea,media,"Manuel Núñez (Núñez Asencio según la nota biográfica del volumen: lingüista y director del Departamento de Español de la Universidad APEC), ensayista de la corriente hispanista-nacionalista (autor de El ocaso de la nación dominicana, 1990, según F-0099) y columnista de Acento. Ponencia del XIII Congreso (2022). Sitúa la 'ocupación' dentro del proyecto haitiano de 'isla una e indivisible' y recoge "
59,url,F-1483,secundaria,"Espinal Hernández, Edwin","Lealtad inmobiliaria al comandante en jefe: Dones Nacionales de Boyer en Santiago (Revista de Historia IPGH-RD, n.º 4, pp. 265-278)",2022,es,dominicana,M08,http://web.archive.org/web/20250810030533id_/https://ign.gob.do/wp-content/uploads/2024/05/Revista-de-Historia-2022-No.-4.pdf | https://ign.gob.do/wp-content/uploads/2024/05/Revista-de-Historia-2022-No.-4.pdf (404 el 2026-10-06; ver acceso por Wayback Machine),pdf-en-linea,media,"Edwin Espinal Hernández, historiador dominicano que trabaja con documentos notariales y de tierras de Santiago [POR VERIFICAR] afiliación. Ponencia del XIII Congreso (2022): los 'dones nacionales' de Boyer en Santiago como recompensa a funcionarios civiles y militares; la unidad 'carreaux' pasa al sistema agrario dominicano como 'caroes'. Fiabilidad media (Estudio de caso con documentos de protoco"
59,url,F-1484,secundaria,"Tejeda Ortiz, Dagoberto","El impacto de la ocupación haitiana en la cultura popular de Santo Domingo (Revista de Historia IPGH-RD, n.º 4, pp. 293-310)",2022,es,dominicana,M08,http://web.archive.org/web/20250810030533id_/https://ign.gob.do/wp-content/uploads/2024/05/Revista-de-Historia-2022-No.-4.pdf | https://ign.gob.do/wp-content/uploads/2024/05/Revista-de-Historia-2022-No.-4.pdf (404 el 2026-10-06; ver acceso por Wayback Machine),pdf-en-linea,media,"Dagoberto Tejeda Ortiz, antropólogo y estudioso de la cultura popular dominicana (folklore, tradición oral). Ponencia del XIII Congreso (2022): busca las 'huellas haitianas' en la cultura dominicana del período (comida, música, hábitos) y critica que se las desconozca. Fiabilidad media (Ponencia de un antropólogo e historiador de la cultura popular que declara la escasez de documentación del perío"
59,url,F-2205,secundaria,"Rosario Fernández, Reina","Naufragio del Haití Español y la desvalorización de Núñez de Cáceres (ponencia, XIII Congreso Dominicano de Historia; Revista de Historia IPGH-RD n.º 4, 2022, pp. 89-122)",2022,es,dominicana,M07,http://web.archive.org/web/20250810030533id_/https://ign.gob.do/wp-content/uploads/2024/05/Revista-de-Historia-2022-No.-4.pdf,pdf-en-linea,media,"Reina Rosario Fernández, historiadora, presenta la ponencia en el congreso del IPGH-RD sobre 'La ocupación haitiana: 200 años después, mitos y realidades' (2022). Sostiene que la infravaloración de Núñez de Cáceres y del Estado Independiente en la historiografía dominicana se asocia al pensamiento conservador republicano, 'radicalizado y oficializado' desde la dictadura de Trujillo. Es la voz crít"
60,autor-titulo,F-1542,primaria,"Anónimo (un soldado de la división del general Borgella); L'Union (redactores: E. Nau, A. Blackhurst y otros)","L'Union, Recueil commercial et littéraire (Port-au-Prince), 2.º año, 14 de junio de 1838, pp. 1-2: «Notes extraites du carnet d'un Soldat» (marcha del ejército haitiano hacia Santo Domingo, 5-8 de febrero de 1822)",1838,fr,haitiana,M08,https://dloc.com/AA00087629/00044,texto-completo-en-linea,media,"L'Union ('Mon pays, ses lois et ma foi'), Recueil commercial et litteraire de Puerto Príncipe (1837-1839), semanario de un grupo de redactores independientes ('Depuis bientôt deux ans que nous redigeons cette feuille', 14-VI-1838), vendido en la librería de E. Nau y A. Blackhurst, rue Republicaine.… Fiabilidad media (Relato de un soldado del ejército de 1822 impreso en un periódico haitiano 16 año"
60,autor-titulo,F-1543,primaria,"Anónimo (artículo escrito por un habitante de la antigua parte española, 'notre dernier prélat'); L'Union (Port-au-Prince)","L'Union, Recueil commercial et littéraire (Port-au-Prince), 6 de septiembre de 1838, p. 2: «Histoire de l'Université de Santo-Domingo» y p. 1: carta de «Un abonné» sobre el art. 44 de la Constitución y el art. 14 del Código Civil",1838,fr,haitiana,M08,https://dloc.com/AA00087629/00056,texto-completo-en-linea,media,"L'Union, 'Recueil commercial et litteraire' de Puerto Príncipe, imprime el 6-IX-1838 una historia de la Universidad de Santo Domingo cuyo autor no firma pero habla como habitante de la ciudad ('notre Eglise cathedrale', 'notre dernier prelat Don Pedro Valera', 'notre Gouvernement').… Fiabilidad media (Historia de la Universidad impresa en un periódico haitiano en 1838, cuando aún vivían testigos, "
60,autor-titulo,F-1544,primaria,Anónimo; L'Union (Port-au-Prince),"L'Union, Recueil commercial et littéraire (Port-au-Prince), 25 de agosto de 1839, p. 1: crónica de la constitución de la Chambre des représentants (sesión del 19 de agosto)",1839,fr,haitiana,M08,https://dloc.com/AA00087629/00085,texto-completo-en-linea,media,"L'Union publica en su n.º del 25-VIII-1839 la crónica de la apertura de la sesión legislativa de la Chambre des représentants (elección de presidente Georges Jean-Baptiste y secretarios Kenscoff e Imbert) y el examen de las credenciales de dos suplentes. Escribe para el público de la capital;… Fiabilidad media (Crónica parlamentaria de un periódico haitiano contemporáneo, con nombres y comunas, de"
61,autor-titulo,F-1566,primaria,"Niles, Hezekiah (ed.)","Niles' Weekly Register, vol. 28, n.º 704 (12-III-1825), sección «Hayti»",1825,en,internacional,M08,https://archive.org/download/sim_niles-national-register_1825-03-12_28_704/sim_niles-national-register_1825-03-12_28_704_djvu.txt,texto-descargado,media,"Semanario nacional de noticias y documentos (Niles' Weekly Register; su editor, Hezekiah Niles, y su sede en Baltimore son datos de memoria, POR VERIFICAR), que reprodujo cartas de emigrantes y resúmenes del programa de Boyer en 1824-1825;… Fiabilidad media (Semanario de gran circulación que resume lo que otros periódicos publicaron; cifras de segunda mano pero independientes de Lundy en su formul"
61,autor-titulo,F-1567,primaria,"Niles, Hezekiah (ed.)","Niles' Weekly Register, vol. 28, n.º 707 (2-IV-1825), sección «Hayti»",1825,en,internacional,M08,https://archive.org/download/sim_niles-national-register_1825-04-02_28_707/sim_niles-national-register_1825-04-02_28_707_djvu.txt,texto-descargado,media,"Semanario nacional de noticias y documentos (Niles' Weekly Register; su editor, Hezekiah Niles, y su sede en Baltimore son datos de memoria, POR VERIFICAR), que reprodujo cartas de emigrantes y resúmenes del programa de Boyer en 1824-1825;… Fiabilidad media (Semanario de gran circulación; cifra de segunda mano.) Afirmaciones que toca: A-105. Verificación descargada-y-leida (acceso texto-descargado"
62,url,F-1585,secundaria,"Julián, Amadeo","Situación económica, demográfica y social de Santo Domingo en el siglo XVII (Clío 83(187):9-?, enero-junio de 2014)",2014,es,dominicana,M00;M03;M04;M05,https://academiadominicanahistoria.org.do/wp-content/uploads/2017/07/187-1.pdf | https://catalogo.academiadominicanahistoria.org.do/opac-tmpl/files/ppcodice/CLIO-2014-187-009-096.pdf,pdf-en-linea,media,"Amadeo Julián, historiador y miembro de la Academia Dominicana de la Historia; el artículo (2014) usa las Relaciones históricas de Santo Domingo de Rodríguez Demorizi (vol. II, pp. Fiabilidad media: Artículo de un miembro de número de la Academia Dominicana de la Historia en su revista. Afirmaciones que toca: A-014, A-018. Verificación descargada-y-leida (acceso pdf-en-linea), consultada 2026-10-0"
62,url,F-2938,secundaria,"González de Peña, Raymundo Manuel","Monteros y bucaneros: paralelos y divergencias (Clío, año 83, n.º 187, ene.-jun. 2014, pp. 97-118)",2014,es,dominicana,M04,https://academiadominicanahistoria.org.do/wp-content/uploads/2017/07/187-1.pdf,pdf-en-linea,alta,"Raymundo González de Peña, miembro de número de la Academia Dominicana de la Historia, presentó la ponencia en el congreso LASA (San Francisco, 2012; leída por Robin Derby) y la publicó en Clío en 2014. Fiabilidad alta: Comunicación de un miembro de número de la ADH que revisa críticamente a Haring, Lucena Salmoral y Bosch sobre el origen de los bucaneros y remite a la compilación documental de 19"
63,autor-titulo,F-1645,primaria,"Moreau de Saint-Méry, Médéric Louis Élie (comp.); Ossun y Floridablanca (firmantes del tratado); d'Argout y Solano (complemento); d'Argout y de Vaivre (ordenanza)","Loix et constitutions des colonies françoises de l'Amérique sous le vent, t. V (1766-1779): Traité définitif de Police entre les cours de France et d'Espagne (3 de junio de 1777), Complément de l'article VII (17 de noviembre de 1777) y Ordonnance des Administrateurs (4 de diciembre de 1777)",1777 (documentos); 1784-1785 (compilación),fr,francesa,M03;M05,https://archive.org/download/loixetconstituti05fran/loixetconstituti05fran_djvu.txt | https://archive.org/details/loixetconstituti05fran,texto-completo-en-linea,alta,"Moreau compiló y publicó (París, 1784-1790 [POR VERIFICAR: fechas de cada tomo], 6 tomos) las leyes y constituciones de las colonias francesas de Barlovento. En el t. V transcribe el tratado de policía firmado en Aranjuez el 3-VI-1777, su complemento firmado por los gobernadores generales d'Argout y Solano (17-XI-1777) y la […] Fiabilidad alta (Compilación oficial de leyes y ordenanzas registradas"
63,autor-titulo,F-1713,primaria,"Moreau de Saint-Méry, Médéric Louis Élie (compilador); Conseil supérieur du Cap","Loix et constitutions des colonies françoises de l'Amérique sous le vent, t. IV (1750-1765) (París, 1784): Arrêt du Conseil du Cap sobre Macandal (20-I-1758), pp. 217-218; Arrêt de règlement sobre los «paquets appelés Macandals» (11-III-1758), pp. 222-223; Ordonnance de 4-IV-1758, pp. 224-225",1758 (arrêts); 1784 (compilación),fr,francesa,M05,https://archive.org/download/loixetconstituti04fran/loixetconstituti04fran_djvu.txt | https://archive.org/details/loixetconstituti04fran,texto-completo-en-linea,alta,"Moreau de Saint-Méry recopiló y publicó (1784-1785) los edictos, arrêts, ordenanzas y reglamentos de las colonias de sotavento; el t. IV cubre 1750-1765 y transcribe el arrêt del Conseil supérieur du Cap-Français del 20 de enero de 1758 que confirma la condena del teniente […] Fiabilidad alta (Recopilación impresa de los textos oficiales de la justicia colonial (con la nota editorial de Moreau cla"
63,autor-titulo,F-1714,primaria,"Moreau de Saint-Méry, Médéric Louis Élie (compilador); Conseil du Petit-Goâve; administradores de Saint-Domingue","Loix et constitutions des colonies françoises de l'Amérique sous le vent, t. III (1722-1749) (París, 1784): Arrêté du Conseil du Petit-Goâve (6-III-1728), pp. 244-245; Ordonnance de 30-VI-1738 (frontera de Fort-Dauphin), p. 506",1728; 1738 (documentos); 1784 (compilación),fr,francesa,M05,https://archive.org/download/loixetconstituti03fran/loixetconstituti03fran_djvu.txt | https://archive.org/details/loixetconstituti03fran,texto-completo-en-linea,alta,El t. III de Moreau transcribe actos de gobierno y justicia de 1722-1749. El arrêté del Conseil du Petit-Goâve de 6-III-1728 reparte los gastos de un viaje (1723) a la ciudad de Santo Domingo para recobrar esclavos fugitivos 'suivant les conventions et traités secrets' entre el […] Fiabilidad alta (Texto oficial del arrêté del Conseil y de la ordenanza de los administradores en la recopilación imp
63,autor-titulo,F-1763,primaria,"Moreau de Saint-Méry, Médéric Louis Élie (comp.); Coustard, Guy-Pierre y Barbé de Marbois, François (administradores, firmantes); el ministro (carta circular)","Loix et constitutions des colonies françoises de l'Amérique sous le vent, t. VI (1785-1786): Ordenanzas de los administradores sobre los bosques de la Gonave (9 y 23-XII-1785) y carta circular del ministro sobre las maderas útiles (4-XII-1785)",1785 (documentos); 1785-1790 (compilación),fr,francesa,M05;M06,https://archive.org/download/loixetconstituti06fran/loixetconstituti06fran_djvu.txt | https://archive.org/details/loixetconstituti06fran,texto-completo-en-linea,alta,"Tomo VI de la misma compilación de Moreau (descargado con curl, 2,6 MB, 2026-10-06). Las ordenanzas llevan las firmas de Coustard y Barbé de Marbois (el mismo Barbé de Marbois de los État des finances, F-1648 y F-1674); la carta circular es del ministro (cargo no leído en el […] Fiabilidad alta (Compilación oficial de ordenanzas y cartas ministeriales registradas en la Intendencia y el Consejo; el"
63,autor-titulo,F-2966,primaria,"Moreau de Saint-Méry, Médéric-Louis-Élie (comp.)","Loix et constitutions des colonies françoises de l'Amérique sous le vent, t. I (leyes y constituciones de 1550 a 1703) (París, el autor, 1784)",1784,fr,francesa,M04;M05,https://archive.org/download/loixetconstituti00fran/loixetconstituti00fran_djvu.txt | https://archive.org/details/loixetconstituti00fran,texto-completo-en-linea,alta,"Moreau de Saint-Méry, abogado y archivista colonial, recopila y publica en París (1784-1790) las leyes y actos oficiales de las colonias francesas de Sotavento. Fiabilidad alta: Compilación de textos oficiales (edictos, arrêts, procès-verbaux, cartas del Rey y ordenanzas de gobernadores) copiados de originales y registros del Conseil Souverain. Afirmaciones: A-050, A-051, A-052, A-053. Verificació"
64,autor-titulo,F-1648,primaria,"Barbé de Marbois, François, marquis de (intendant de Saint-Domingue)","État des finances de Saint-Domingue, contenant le résumé des recettes et dépenses de toutes les caisses publiques depuis le 10 novembre 1785 jusqu'au 1er janvier 1788 (Puerto Príncipe, Mozard, 1788)",1788,fr,francesa,M05,https://archive.org/download/etatdesfinancesd00barb/etatdesfinancesd00barb_djvu.txt | https://archive.org/details/etatdesfinancesd00barb,texto-completo-en-linea,alta,"Publicado por el intendente Marbois (en el cargo desde 1785 [POR VERIFICAR: fin del mandato]) en Puerto Príncipe en 1788 para rendir cuentas a los colonos sobre ingresos y gastos; la capitación de esclavos y el 'octroi' financian las obras públicas. El autor defiende su gestión (puentes, caminos). Documento de la administración […] Fiabilidad alta (Informe oficial del intendente publicado en la co"
64,autor-titulo,F-1674,primaria,"Barbé-Marbois, François, marqués de","État des finances de Saint-Domingue, contenant le résumé des recettes & dépenses de toutes les caisses publiques, depuis le 1er janvier 1788, jusqu'au 31 décembre de la même année (París, Imprimerie royale, 1790)",1790,fr,francesa,M05;M06,https://archive.org/download/tatdesfinances01barb/tatdesfinances01barb_djvu.txt | https://archive.org/download/tatdesfinances00barb/tatdesfinances00barb_djvu.txt (edición anterior: 10-XI-1785 a 1-I-1788) | https://archive.org/details/tatdesfinances01barb,texto-completo-en-linea,alta,"François Barbé-Marbois, intendente de Saint-Domingue en 1785-1789, publicó por orden real el estado de las finanzas de 1788: ingresos del impuesto sobre las 'denrées exportées', capitación de esclavos y tablas por cuartel. Escribe para el ministro de Marina y la Asamblea; interés en justificar su gestión. Primera mano: las […] Fiabilidad alta (Documento fiscal oficial del intendente, con cantidade"
65,url,F-1720,secundaria,"Julián, Amadeo","Fundación de Puerto Plata, las Devastaciones de 1605-1606 y su repoblación con inmigrantes canarios en el siglo XVIII (Clío 83(188), pp. 9-85)",2014,es,dominicana,M05;M03,https://academiadominicanahistoria.org.do/wp-content/uploads/2017/07/188.pdf,pdf-en-linea,media,"Amadeo Julián, académico de número de la Academia Dominicana de la Historia y autor del libro El contrabando de esclavos en Santo Domingo (AGN, 2023), publica en Clío 188 (julio-diciembre de 2014) un estudio de historia local. Descargado en esta sesión (PDF de 3,4 MB, 15.570 […] Fiabilidad media (Académico de número de la ADH con notas a AGI-Santo Domingo 983 y AHN-Ultramar libro 683, pero el pasa"
65,url,F-1721,secundaria,"Cordero Michel, Emilio","Sistemas de producción esclavista de las dos colonias de la isla de Santo Domingo (Clío 83(188), pp. 87-100; ponencia de 2013 y conferencia de 4-VI-2014)",2014,es,dominicana,M05,https://academiadominicanahistoria.org.do/wp-content/uploads/2017/07/188.pdf,pdf-en-linea,media,"Emilio Cordero Michel, historiador dominicano de tradición marxista, miembro de número de la Academia Dominicana de la Historia y editor de Clío. Texto de una ponencia al II Congreso Internacional 'El Caribe en cuatro tiempos' (junio de 2013) que presentó como conferencia el 4 […] Fiabilidad media (Síntesis de un especialista de la ADH en marco marxista; las cifras proceden de su libro de 2000, de"
66,url,F-1770,secundaria,"Despradel Batista, Guido","El incendio del 1805 (BAGN, n.º 3, 1938, pp. 196-200; sobre La Vega)",1938,es,dominicana,M06,https://agn.gob.do/wp-content/uploads/2025/07/BAGN_1938_No_3.pdf,pdf-en-linea,media,"Guido Despradel Batista, historiador, publica en el Boletín del AGN (1938). Reúne testimonios de archivo local (Archivo Notarial Lic. Francisco José Alvarez, La Vega; archivo parroquial) sobre el incendio de La Vega en abril de 1805 y transcribe el informe del presbítero Francisco Pablo de Amézquita al gobernador haitiano Placide Le Brun (30-IV-1822). Fiabilidad media (Artículo de un historiador l"
66,url,F-1961,primaria,"Gobierno Provisional de la Restauración (actas, 1863); publicación del Archivo General de la Nación (Ciudad Trujillo, 1938)","Registro de las actas del Gobierno Provisional de la República (Santiago, 1863), Libro D n.º 4, sección «Anexión a España y Guerra», en Boletín del Archivo General de la Nación, año I, n.os 2-4 (1938)",1938 (actas de septiembre-octubre de 1863),es,oficial-rd,M10,https://agn.gob.do/wp-content/uploads/2025/07/BAGN_1938_No_3.pdf | https://agn.gob.do/wp-content/uploads/2025/07/BAGN_1938_No_2.pdf | https://agn.gob.do/wp-content/uploads/2025/07/BAGN_1938_No_4.pdf,pdf-en-linea,alta,"El Gobierno Provisional instalado en Santiago el 14-IX-1863 registró cada sesión en el libro de actas que el AGN publicó en su Boletín de 1938 (nn. 2-4, pp. 167-411). Fiabilidad alta: Actas oficiales del propio Gobierno Provisional tal como las conservó el AGN (copiador del gobierno restaurador); el OCR de los tres números es muy ruidoso y solo se leyeron los pasajes sobre Haití. Afirmaciones que "
67,url,F-1797,primaria,"Rodríguez Demorizi, Emilio (comp.)","La Era de Francia en Santo Domingo: contribución a su estudio (Academia Dominicana de la Historia, vol. II, Ciudad Trujillo, Editora del Caribe, 1955), recopilación de documentos de 1795-1809",1955,es,dominicana,M05;M06,"http://catalogo.academiadominicanahistoria.org.do/opac-tmpl/files/libros/RodriguezDemoriziEmilio_EraDeFranciaEnSantoDomingo.pdf | http://catalogo.academiadominicanahistoria.org.do/opac-tmpl/files/libros/AcademiaDominicanadelaHistoria_LaeradeFranciaenSantoDomingo1795-1808.pdf (segunda copia, 272 págs.; no cotejada)",pdf-en-linea,media,"Rodríguez Demorizi, secretario de la ADH, reunió documentos de archivos (Archivo de la Catedral, Archivo Nacional de Caracas, Biblioteca Pública de Nueva York, Utrera) con traducciones al español. PDF de 315 págs. escaneado, sin capa de texto: texto obtenido con el OCR integrado de Windows (erratas frecuentes) y 4 páginas cotejadas visualmente. Fiabilidad media (Recopilación documental de la serie"
67,url,F-1798,primaria,"Chanlatte, Antoine (general de brigada, comisario del gobierno francés en la parte española)","Chanlatte, Antonio [Antoine]: Al gobierno francés y a todos los amigos de la soberanía nacional y del orden [fechado 9-VI-1800], en La Era de Francia en Santo Domingo, pp. 199-226 (versión española de un original francés del Archivo Nacional de Caracas, copia de Fr. C. de Utrera)",1800 (fecha según Rodríguez Demorizi),es,francesa,M06,http://catalogo.academiadominicanahistoria.org.do/opac-tmpl/files/libros/RodriguezDemoriziEmilio_EraDeFranciaEnSantoDomingo.pdf,pdf-en-linea,media,"Antoine Chanlatte, comisario del gobierno francés en la parte española, escribe a Francia contra Toussaint Louverture para denunciar la presión sobre el agente Roume y la inminente toma de posesión. Publicado por primera vez en Clío XXIII (1936) a partir del Archivo Nacional de Caracas (Utrera, carta del 15-III-1936). Fiabilidad media (Informe de un funcionario francés testigo contemporáneo, pero "
67,url,F-1799,primaria,"Lyonnet, Pierre (agente forestal francés)","Lyonnet, [Pierre]: Statistique de la partie espagnole de Saint-Domingue (París, Giguet et Michaud, [1800 según la portada impresa en la copia de RD]), en versión española de C. A. Rodríguez, en La Era de Francia en Santo Domingo, pp. 107-198",1800 [fecha de portada; POR VERIFICAR: el texto habla de la paz restituida y de visitas hasta c. 1802],es,francesa,M05;M06,http://catalogo.academiadominicanahistoria.org.do/opac-tmpl/files/libros/RodriguezDemoriziEmilio_EraDeFranciaEnSantoDomingo.pdf | https://gallica.bnf.fr/ark:/12148/bpt6k6216297t,pdf-en-linea,media,"Pierre Lyonnet, agente forestal (veuf, 39 años), salió de Brest el 18-II-1798 y llegó a Santo Domingo el 27-III-1798 (según Michel 1929, cit. por RD); fue enviado dos veces por el ministerio de Marina y regresó a Francia hacia 1803. Su folleto de 56 págs. Fiabilidad media (Observador francés que recorrió el territorio dos veces y hablaba español, pero funcionario de la marina que escribe para prom"
68,url,F-1800,primaria,"Prado, Pedro Francisco (doctor)","Prado, Pedro Francisco: La Iglesia y la invasión de Toussaint (certificación a favor de Fr. José Soler y Quirós, 1803), en Rodríguez Demorizi, Invasiones haitianas (1955), pp. 85-92",1803,es,dominicana,M06,http://catalogo.academiadominicanahistoria.org.do/opac-tmpl/files/libros/RodriguezDemoriziEmilio_InvasionesHaitianasDe18011805Y1822.pdf,pdf-en-linea,media,"Escrito del doctor Pedro Francisco Prado, certificando los méritos de Fr. José Soler y Quirós, prior del convento de Predicadores de Santo Domingo, ante la 'invasión' de Toussaint y la llegada de los franceses (1801-1802). RD la copió de Fr. Cipriano de Utrera. Fiabilidad media (Certificación contemporánea (1803) de un eclesiástico testigo para elogiar al prelado dominico; fuente interesada y parc"
68,url,F-1801,primaria,"Heredia y Mieses, José Francisco de","Heredia y Mieses, José Francisco de: Informe presentado al Muy Ilustre Ayuntamiento de Santo Domingo, capital de la Isla Española, en 1812, en Rodríguez Demorizi, Invasiones haitianas (1955), pp. 161-172 (copia del manuscrito de la Biblioteca Nacional de Cuba, 'manuscritos de Morillas')",1812,es,dominicana,M06;M07,http://catalogo.academiadominicanahistoria.org.do/opac-tmpl/files/libros/RodriguezDemoriziEmilio_InvasionesHaitianasDe18011805Y1822.pdf,pdf-en-linea,media,"José Francisco Heredia y Mieses (Santo Domingo, 10-XII-1776 a México, 31-X-1820, según la n. 82 de RD), jurista; salió de Santo Domingo el 18-I-1801 huyendo de Toussaint (según Briceño Iragorry, cit. por RD) y en 1812 informa al Ayuntamiento de la capital (su cargo en 1812 y su carrera posterior en Caracas y México son [POR VERIFICAR]). Fiabilidad media (Informe oficial contemporáneo (siete años d"
68,url,F-2224,primaria,"Núñez de Cáceres, José; Rodríguez Demorizi, Emilio (ed.); García, José Gabriel (cuadernos de apuntes, fuente de la copia)","Documentos de Núñez de Cáceres de 1821-1822 transcritos en «Núñez de Cáceres y el pérfido Boyer»: proclama del 1.º de diciembre de 1821, carta a Pascual Real del 1-XII-1821, circular del 7-I-1822 y carta a Soublette del 6-VIII-1822 (Rodríguez Demorizi, Invasiones haitianas de 1801, 1805 y 1822, pp. 25-28)",1821-1822 (documentos); 1955 (edición),es,dominicana,M07,https://catalogo.academiadominicanahistoria.org.do/opac-tmpl/files/libros/RodriguezDemoriziEmilio_InvasionesHaitianasDe18011805Y1822.pdf,pdf-en-linea,media,"Emilio Rodríguez Demorizi (1906-1986), secretario de la Academia Dominicana de la Historia, compila en 1955 (Editora del Caribe, Ciudad Trujillo, «250 aniversario de la Era de Trujillo», vol. I de la Nueva serie) documentos y ensayos sobre las «invasiones haitianas»; la introducción y los comentarios son abiertamente antihaitianos y trujillistas (véanse pp. 9-10); los documentos se reproducen de c"
68,url,F-2225,primaria,"Arieu (Arrieu), Carlos (Charles); Rodríguez Demorizi, Emilio (ed.); García, Leonidas (hallazgo del impreso en Harvard)","Proclama «Valerosos Dominicanos» del coronel comandante de la División del Norte Carlos Arieu (Arrieu), Cuartel General de Montecristi, 1821, «primero de la independencia» (Puerto Rico, Imprenta Nacional), en Rodríguez Demorizi, Invasiones haitianas, pp. 29-30",1821 (proclama); 1955 (edición),es,dominicana,M07,https://catalogo.academiadominicanahistoria.org.do/opac-tmpl/files/libros/RodriguezDemoriziEmilio_InvasionesHaitianasDe18011805Y1822.pdf,pdf-en-linea,media,"Emilio Rodríguez Demorizi (1906-1986), secretario de la Academia Dominicana de la Historia, compila en 1955 (Editora del Caribe, Ciudad Trujillo, «250 aniversario de la Era de Trujillo», vol. I de la Nueva serie) documentos y ensayos sobre las «invasiones haitianas»; la introducción y los comentarios son abiertamente antihaitianos y trujillistas (véanse pp. 9-10); los documentos se reproducen de c"
68,url,F-2226,primaria,"Bonnet, Guy-Joseph; Bonnet, Edmond (ed. 1864); Rodríguez, C. Armando (trad.); Rodríguez Demorizi, Emilio (ed.)","Guy-Joseph Bonnet, «Recuerdos históricos, 1822» (cap. X de Souvenirs historiques, París, Durand, 1864, trad. de C. Armando Rodríguez), en Rodríguez Demorizi, Invasiones haitianas, pp. 273-282",1864 (obra póstuma; Bonnet murió en 1843); 1955 (traducción),es,haitiana,M07;M08,https://catalogo.academiadominicanahistoria.org.do/opac-tmpl/files/libros/RodriguezDemoriziEmilio_InvasionesHaitianasDe18011805Y1822.pdf,pdf-en-linea,media,"Guy-Joseph Bonnet (m. 9-I-1843), general haitiano, jefe de la columna del Nordeste en la entrada de 1822 y consultado por Boyer el 27-XII-1821; el capítulo se publicó en «Souvenirs historiques» (Paris, Auguste Durand, 1864) por su hijo Edmond y fue reproducido en francés por Emiliano Tejera; Rodríguez Demorizi lo traduce y lo comenta (véase INVPROV). Fiabilidad media: Memoria de un general haitian"
68,url,F-2227,primaria,"Valera y Jiménez, Pedro (arzobispo electo); Rodríguez Demorizi, Emilio (ed.)","Informe sobre el estado de la instrucción pública dado en 1812 al capitán general interino José Manzo por el arzobispo electo Pedro Valera y Jiménez (Rodríguez Demorizi, Invasiones haitianas, pp. 173-178)",1812 (informe); 1955 (edición),es,espanola,M07,https://catalogo.academiadominicanahistoria.org.do/opac-tmpl/files/libros/RodriguezDemoriziEmilio_InvasionesHaitianasDe18011805Y1822.pdf,pdf-en-linea,media,"Pedro Valera y Jiménez, arzobispo de Santo Domingo (según una nota de García recogida por Rodríguez Demorizi, salió de la isla en 1826 y murió en 1833), responde en 1812 al capitán general interino José Manzo, por mandato de la Regencia, con un informe sobre los estudios eclesiásticos; la copia procede de la «Revista científica, literaria y de conocimientos útiles» (Santo Domingo, década de 1880) "
68,url,F-2228,primaria,"Cabildo, Justicia y Regimiento de la ciudad de Santo Domingo; García, José Gabriel (copia); Rodríguez Demorizi, Emilio (ed.)","Exposición del Ayuntamiento de Santo Domingo al Rey (5 de octubre de 1815), copia de los cuadernos de García (Rodríguez Demorizi, Invasiones haitianas, pp. 179-183)",1815 (exposición); 1955 (edición),es,espanola,M07,https://catalogo.academiadominicanahistoria.org.do/opac-tmpl/files/libros/RodriguezDemoriziEmilio_InvasionesHaitianasDe18011805Y1822.pdf,pdf-en-linea,media,"El Cabildo de Santo Domingo, restaurado el dominio español, pide al rey Fernando VII en 1815 recompensas por la Reconquista de 1808-1809 y fomento para la isla; la copia procede de los cuadernos de Apuntes del historiador José Gabriel García, facilitados por sus descendientes. Fiabilidad media: Documento corporativo del cabildo, de parte (pide honores y mercedes), con descripción de las ruinas de "
69,url,F-1829,secundaria,"Cordero Michel, Emilio","El primer intento independentista dominicano y la reincorporación a España, 1808-1809 (Clío 79, n.º 180, jul.-dic. 2010, pp. 123-146)",2010,es,dominicana,M06,https://academiadominicanahistoria.org.do/wp-content/uploads/2017/07/180-1.pdf,pdf-en-linea,media,"Emilio Cordero Michel escribe en Clío n.º 180 (jul.-dic. 2010), cuya presentación firma él mismo [su cargo en la ADH: POR VERIFICAR]; para la batalla se apoya en el Diario de Sánchez Ramírez (pp. 32, 49, 55), en Artola (Revista de Indias, 1951) y en Lemonnier-Delafosse (p. 148). Fiabilidad media (Historiador de la ADH que reconstruye Palo Hincado y la Junta de Bondillo con Sánchez Ramírez, Artola "
69,url,F-1972,secundaria,"Sang Ben, Mu-Kien Adriana","La Restauración. Un eslabón de la Independencia Nacional (discurso del 16-VIII-2005; Clío, año 79, n.º 180, jul.-dic. 2010, pp. 169-186)",2010 (discurso de 2005),es,dominicana,M09;M10,https://academiadominicanahistoria.org.do/wp-content/uploads/2017/07/180-1.pdf | https://catalogo.academiadominicanahistoria.org.do/opac-tmpl/files/ppcodice/CLIO-2010-180-169-186.pdf,pdf-en-linea,alta,"Pronunciado en la sesión solemne de la ADH del 16 de agosto de 2005, publicado en Clío 180 (2010); Sang sostiene que la «separación» del Manifiesto de 1844 significaba «separarse de Haití para buscar el protectorado de una nación extranjera» y describe la anexión de 1861 y sus consecuencias en pocas páginas. Fiabilidad alta: Discurso académico con notas a Balcácer y García Arévalo, sobre la línea "
70,autor-titulo,F-1835,divulgacion,"Cassá, Roberto","La invasión de Dessalines y José Gabriel García (I) (Acento, sección Historia, 13-II-2023)",2023,es,dominicana,M06,https://acento.com.do/cultura/la-invasion-de-dessalines-y-jose-gabriel-garcia-i-9162636.html,texto-completo-en-linea,media,"Roberto Cassá (n. 1948), historiador de la UASD, miembro de la ADH y director del AGN (la institución que publicó a Marte), responde en dos entregas de Acento a quienes, 'de manera en lo fundamental subrepticia', sostienen que el degüello de Moca 'no existió'. Fiabilidad media (Ensayo breve de opinión de uno de los historiadores dominicanos más eminentes (director del AGN), con argumento de crític"
70,autor-titulo,F-1836,divulgacion,"Cassá, Roberto","La invasión de Dessalines y José Gabriel García (II) (Acento, sección Historia, 20-II-2023)",2023,es,dominicana,M06,https://acento.com.do/cultura/la-invasion-de-dessalines-y-jose-gabriel-garcia-ii-9165697.html,texto-completo-en-linea,media,"Segunda entrega de la réplica de Cassá. Reproduce la alocución de Dessalines del 12-IV-1805, el 'Diario de la campaña' y los textos de Llenas (1874), Del Monte y Tejada (t. Fiabilidad media (Misma fuente y mismos límites que la entrega I; añade citas textuales del Journal de Dessalines, de Del Monte y Tejada y de García que se pueden cotejar.). Afirmaciones que toca: A-076, A-077, A-078, A-079, A-"
71,url,F-1843,secundaria,"Utrera, Cipriano de (fray)","Toussaint Louverture aniquila el Batallón Fijo de Santo Domingo (Boletín del Archivo General de la Nación, vol. I, n.º 2, 1938, pp. 85-96)",1938,es,dominicana,M06,https://agn.gob.do/wp-content/uploads/2025/07/BAGN_1938_No_2.pdf,pdf-en-linea,media,"Fray Cipriano de Utrera (1886-1958), capuchino y archivista, rectifica la explicación de García (Compendio) sobre por qué Toussaint se llevó y mató al Batallón Fijo de Santo Domingo en 1801, y cita cartas del gobernador Joaquín García (Maracaibo, 24-II-1801). Es el ejemplo más claro del método de Utrera de corregir a García con documentos de archivo; útil para entender su posición en el debate de "
71,url,F-1844,primaria,"Kerversau (Kerverseau), general de brigada","Rapport sur la partie espagnole de St Domingue depuis sa cession à la République française par le traité de Bâle jusqu'à son invasion par Toussaint Louverture, présenté au ministre de la Marine (copia del Lic. Máximo Coiscou, Archivo del Ministerio de las Colonias de Francia; publicada en BAGN, vol. I, n.º 2, 1938, pp. 176 y ss.)",s.f. (c. 1801; POR VERIFICAR) / 1938 (edición),fr,francesa,M06,https://agn.gob.do/wp-content/uploads/2025/07/BAGN_1938_No_2.pdf,pdf-en-linea,alta,"Informe del general de brigada Kerverseau al ministro de Marina sobre la parte española desde Basilea hasta la invasión de Toussaint; el AGN lo publica en 1938 a partir de la copia que sacó Máximo Coiscou en París (nota de la Dirección: el manuscrito original está en el Archivo del Ministerio de las Colonias). No debe confundirse con el informe de Kerverseau del 9-IX-1800 que recoge Demorizi, La E"
72,url,F-1845,secundaria,"Regino y Espinal, Francisco Bernardo","El Tratado de Paz de Basilea, Toussaint Louverture y Napoleón Bonaparte, 1795-1803, en La Era de Francia en Santo Domingo (Seminario organizado por Quinta Dominica con la Embajada de Francia y la Academia Dominicana de la Historia, ADH, 2007), pp. 58-98",2007,es,dominicana,M06,http://catalogo.academiadominicanahistoria.org.do/opac-tmpl/files/libros/AcademiaDominicanadelaHistoria_LaeradeFranciaenSantoDomingo1795-1808.pdf,pdf-en-linea,media,"Francisco Bernardo Regino y Espinal presenta en el seminario de 2007 (ADH, Embajada de Francia, Quinta Dominica) una síntesis de Basilea y la toma de posesión de Toussaint. Sostiene que Toussaint ocupó la parte española para ejecutar Basilea y abolir la esclavitud, citando una carta de 1800 a Roume que toma de Pluchon (1980). Fiabilidad media (Ensayo de un autor dominicano sobre Basilea y Toussain"
72,url,F-1846,secundaria,"Cordero Michel, Emilio","Proyecciones de las Revoluciones francesas y haitianas en la sociedad dominicana, en La Era de Francia en Santo Domingo (Seminario, ADH, 2007), pp. 14-39",2007,es,dominicana,M06,http://catalogo.academiadominicanahistoria.org.do/opac-tmpl/files/libros/AcademiaDominicanadelaHistoria_LaeradeFranciaenSantoDomingo1795-1808.pdf,pdf-en-linea,media,"Emilio Cordero Michel (n. 1929 según el catálogo de la ADH) resume en el seminario de 2007 su tesis de que la Era de Francia vio emerger 'un débil sentimiento nacional, independentista y antiesclavista', con el Cibao incorporándose a Haití en 1804, y de que la Reconquista fue obra de la 'oligarquía esclavista' (hateros, comerciantes, clero), mientras una pequeña burguesía cibaeña y azuana quería l"
73,autor-titulo,F-1860,primaria,La Clef du cabinet des souverains (redacción); Gazette nationale ou le Moniteur universel (redacción),"La Clef du cabinet des souverains, n.º 3020 (lunes 27 de mayo de 1805, 7 prairial an XIII), p. 1: noticia de 'Londres, 6 mai' sobre la supuesta toma de Santo Domingo por Dessalines y nota (2) de la redacción; el mismo texto en Le Moniteur universel n.º 246 (26 de mayo de 1805), p. 1022",1805,fr,francesa,M06,"https://gallica.bnf.fr/ark:/12148/bpt6k1612692t | https://gallica.bnf.fr/ark:/12148/bpt6k4416706s (Le Moniteur universel, 26-V-1805, vue 2, p. 1022; solo OCR)",texto-completo-en-linea,media,Periódico parisino (Panckoucke/Lecomte) que traduce prensa británica; la nota (2) es de la redacción francesa y aparece idéntica en Le Moniteur del día anterior (La Clef copiaba al Moniteur). Contesta la versión británica (llegada por Jamaica hacia el 6-V-1805) de que Dessalines había tomado Santo Domingo. Fiabilidad media (Testimonio directo de lo que se publicaba en París en mayo de 1805; la pro
73,autor-titulo,F-1861,primaria,La Clef du cabinet des souverains (redacción); anónimo ('une personne de Saint-Thomas'),"La Clef du cabinet des souverains, n.º 3055 (martes 2 de julio de 1805, 13 messidor an XIII), p. 1: 'Philadelphie, 13 mai': relato de 'una persona de Saint-Thomas' sobre la derrota de las tropas de Haití ante Santo Domingo (con el texto de la intimación de Dessalines a Ferrand)",1805,fr,francesa,M06,https://gallica.bnf.fr/ark:/12148/bpt6k1612727k,texto-completo-en-linea,baja,"Texto publicado en Filadelfia con fecha 13 de mayo de 1805 y traducido por el periódico parisino; el informante es un anónimo que dice haber pasado los detalles desde Saint-Thomas. Favorece a Ferrand. Fiabilidad baja (Relato anónimo de segunda mano, con dos escalas (Saint-Thomas, Filadelfia) antes de París y tono abiertamente pro-Ferrand ('ne respirant que le sang et la vengeance'); las cifras (1."
74,autor-titulo,F-1884,primaria,"Walton, William, Jr.","William Walton Jr. to James Madison, 18 August 1804 (Abstract) (Papers of James Madison, Secretary of State Series, vol. 7)",1804,en,internacional,M06,https://founders.archives.gov/documents/Madison/02-07-02-0595,texto-completo-en-linea,media,"William Walton Jr., comerciante de Baltimore, capturado por un corsario francés en abril de 1804 y llevado a Santo Domingo, donde trató a Ferrand; escribe desde Baltimore a Madison el 18-VIII-1804. Fiabilidad media (Carta de un testigo presencial editada críticamente (resumen con citas); parte interesada (aspirante a cónsul); no verifica la condición de los dos hombres.). Afirmaciones que toca: A-"
74,autor-titulo,F-1885,primaria,"Walton, William, Jr.","William Walton Jr. to James Madison, 6 February 1805 (Abstract) (Papers of James Madison, Secretary of State Series, vol. 9)",1805,en,internacional,M06,https://founders.archives.gov/documents/Madison/02-09-02-0020,texto-completo-en-linea,media,"Walton escribe desde Santo Domingo el 6-II-1805 (recibida por Madison, franqueada a Nueva York el 7-III); insiste en que se nombre un cónsul en Santo Domingo y menciona las capturas de buques. Fiabilidad media (Carta de un residente en Santo Domingo en edición crítica; interesada y de visión limitada, pero fechada y localizada.). Afirmaciones que toca: A-075, A-079, A-084. Verificación descargada-"
75,autor-titulo,F-1893,secundaria,"Humboldt, Alexander von","Essai politique sur l'île de Cuba, t. II (con el Supplément «Considérations sur la population, la richesse territoriale et le commerce de l'archipel des Antilles et de Colombia»), Paris, 1826: tabla «II. Haïti français et espagnol» y texto, pp. 384 y 393-394",1826,fr,internacional,M06,https://archive.org/download/essaipolitiques00humbgoog/essaipolitiques00humbgoog_djvu.txt | https://archive.org/details/essaipolitiques00humbgoog | https://archive.org/download/essaipolitiques00humbgoog/page/n388_w1400.jpg | https://archive.org/download/essaipolitiques00humbgoog/page/n397_w1400.jpg | https://archive.org/download/essaipolitiques00humbgoog/page/n398_w1100.jpg,texto-completo-en-linea,media,"Alexander von Humboldt (1769-1859) publicó el Essai politique sur l'île de Cuba en París en 1825-1826 (ed. de dos tomos con 'Supplément' sobre población y comercio de las Antillas y Colombia). Fiabilidad media (Humboldt compila y critica estimaciones de terceros (Necker, Page, Lacroix, Macaulay) y razona su propia cifra, pero no tiene padrón ni datos oficiales de 1802; es buena fuente sobre quién "
75,autor-titulo,F-2245,secundaria,"Humboldt, Alexander von","Essai politique sur l'île de Cuba (París, 1826), t. I, cuadro comparativo de población de las Antillas (p. 45) y nota del cuadro de población (p. 118)",1826,fr,internacional,M07,https://archive.org/download/essaipolitiquesu01humb/essaipolitiquesu01humb_djvu.txt | https://archive.org/details/essaipolitiquesu01humb,texto-completo-en-linea,media,"Humboldt reúne en el «Supplément» de la edición suelta de 1826 del Essai (Paris, librairie de Gide fils [POR VERIFICAR por el OCR del pie de imprenta]) cuadros de población del archipiélago de las Antillas; el cuadro se refiere «à la fin de l'année 1823». Se leyó el djvu.txt de archive.org (ejemplar 1) solo en el cuadro y en la nota; no se localizaron las pp. 158-159 a las que remite la nota para "
76,autor-titulo,F-1910,primaria,"Luperón, Gregorio","Notas autobiográficas y apuntes históricos, t. II (Ponce, 1895-96; ed. facsimilar 1974)",1895-1896 (ed. 1974),es,dominicana,M10;M11,https://catalogo.academiadominicanahistoria.org.do/opac-tmpl/files/ppcodice/6873LuperonNotasAutobiograficasyApuntesHistoricosVol2.pdf,pdf-en-linea,media,"Mismo autor y edición que el tomo III. Este tomo narra la lucha contra Báez (1868-1874), la ayuda del gobierno haitiano de Nissage Saget y el asilo de Luperón en Haití, con transcripción de comunicaciones oficiales. Fiabilidad media (Testimonio de primera mano sobre 1868-1870 con documentos transcritos (cartas del ministro Gautier, protestas); sesgo faccional contra Báez y Cabral; el OCR deja erro"
76,autor-titulo,F-1911,primaria,"Luperón, Gregorio","Notas autobiográficas y apuntes históricos, t. III (Ponce, 1896; ed. facsimilar de la 2.ª ed. de El Diario, Santiago, 1939: Sociedad Dominicana de Bibliófilos / Editora de Santo Domingo, 1974)",1896 (ed. 1974),es,dominicana,M09;M10;M11,https://catalogo.academiadominicanahistoria.org.do/opac-tmpl/files/ppcodice/6873LuperonNotasAutobiograficasyApuntesHistoricosVol3.pdf,pdf-en-linea,media,"Gregorio Luperón (1839-1897), general afrodescendiente del Partido Azul, héroe de la Restauración y luego opositor de Heureaux; escribió y publicó en Puerto Rico (1895-96) para defenderse y denunciar a Lilís. Este tomo cubre sus relaciones con los gobiernos haitianos de Domingue, Salomon, Hyppolite y con Firmin, y el plebiscito de 1895. Fiabilidad media (Memorias de un protagonista de primer orden"
77,autor-titulo,F-1949,divulgacion,"Medina Gratereaux, Plutarco","La invasión nunca ha sido pacífica (3 de 3) (Acento, 26-IX-2016)",2016,es,dominicana,M11;M16,https://acento.com.do/opinion/la-invasion-nunca-ha-pacifica-3-3-8385967.html,texto-completo-en-linea,baja,"Plutarco Medina Gratereaux, columnista de Acento, cierra una serie de tres columnas en Acento (2016) que sostiene que el conflicto fronterizo y migratorio ""ha sido matizado por las invasiones violentas de Oeste a Este""; lista los tratados y convenciones entre ambos Estados de 1777 a 2000. Fiabilidad baja (Columna de opinión con autor, sin notas; resume tratados fronterizos con fechas correctas en "
77,autor-titulo,F-2945,divulgacion,"Medina Gratereaux, Plutarco","La invasión nunca ha sido pacífica (1 de 2) (Acento, Opinión, 12-09-2016)",2016,es,dominicana,M04,https://acento.com.do/opinion/la-invasion-nunca-ha-pacifica-1-2-8382040.html,texto-completo-en-linea,baja,"Plutarco Medina Gratereaux, columnista de Acento, escribe en 2016 contra lo que llama una 'conjura' internacional para 'la fusión de los dos países'. Fiabilidad baja: Columna de opinión partidaria sobre la migración haitiana actual que resume tratados sin citar el texto de ninguno. Afirmaciones: A-051, A-052, A-053. Verificación: descargada-y-leida (acceso texto-completo-en-linea); consultada 2026"
78,url,F-1959,primaria,"Monción, Benito (general)","De Capotillo a Santiago. Relación histórica (Clío, año 82, n.º 186, jul.-dic. 2013, pp. 9-46)",s. f. (relato decimonónico; publicado en Clío en 2013 [POR VERIFICAR fecha de composición]),es,dominicana,M10,https://academiadominicanahistoria.org.do/wp-content/uploads/2017/07/186-1.pdf | https://catalogo.academiadominicanahistoria.org.do/opac-tmpl/files/ppcodice/CLIO-2013-186-009-046.pdf,pdf-en-linea,media,"Benito Monción, general restaurador, uno de los catorce de Capotillo, refiere en primera persona la insurrección de febrero de 1863, el refugio en Haití y la compra de municiones; el texto se publica en el número del sesquicentenario de Clío. Fiabilidad media: Memoria de un protagonista del Grito de Capotillo, valiosa por ser de primera mano, pero escrita después de los hechos y con la memoria y l"
78,url,F-1963,secundaria,"Moreta Castillo, Américo","Aspectos controversiales de la Guerra Restauradora (Clío, año 82, n.º 186, jul.-dic. 2013, pp. 167-178)",2013,es,dominicana,M10,https://academiadominicanahistoria.org.do/wp-content/uploads/2017/07/186-1.pdf | https://catalogo.academiadominicanahistoria.org.do/opac-tmpl/files/ppcodice/CLIO-2013-186-167-178.pdf,pdf-en-linea,media,"Américo Moreta Castillo, miembro de número de la ADH, plantea en el número conmemorativo del sesquicentenario de la Restauración (Clío 186, 2013) varios puntos «controversiales», el primero la pureza del interés haitiano en la gesta; Fiabilidad media: Artículo breve de un miembro de la ADH en el número del sesquicentenario, con notas a Núñez de Arce, Archambault y Gómez Moya, pero de carácter ensa"
78,url,F-1964,secundaria,"Cassá Bernaldo de Quirós, Roberto","La Restauración: necesaria y aun vigente (Clío, año 82, n.º 186, jul.-dic. 2013, pp. 89-102)",2013,es,dominicana,M09;M10,https://academiadominicanahistoria.org.do/wp-content/uploads/2017/07/186-1.pdf | https://catalogo.academiadominicanahistoria.org.do/opac-tmpl/files/ppcodice/CLIO-2013-186-089-102.pdf,pdf-en-linea,media,"Roberto Cassá, miembro de número de la ADH, escribe para el sesquicentenario de la Restauración (2013) una interpretación de la anexión como resultado de un grupo dirigente que no creía en el Estado nacional; es la lectura crítica interna que desmonta el «peligro haitiano» como causa. Fiabilidad media: Ensayo interpretativo de un historiador de primer orden, con tesis de clase explícita y sin apar"
78,url,F-1965,secundaria,"Cordero Michel, Emilio (compilador); textos de Gándara y Navarro, González Tablas y artículos de la prensa española de 1864","Opiniones de combatientes españoles y una persona sobre la guerra de guerrillas restauradora (compilación de textos de 1863-1865; Clío, año 82, n.º 186, jul.-dic. 2013, pp. 55-88)",2013 (textos de 1864-1884),es,dominicana,M10,https://academiadominicanahistoria.org.do/wp-content/uploads/2017/07/186-1.pdf | https://catalogo.academiadominicanahistoria.org.do/opac-tmpl/files/ppcodice/CLIO-2013-186-055-088.pdf,pdf-en-linea,media,"Compilación de Emilio Cordero Michel (miembro de número de la ADH y editor de Clío) de pasajes de Gándara (Anexión y guerra de Santo Domingo, 1884) y de artículos de la prensa madrileña (p. ej. Fiabilidad media: Antología anotada por un historiador de la ADH de textos españoles contemporáneos; cada pasaje conserva la voz y el prejuicio de su autor español. Afirmaciones que toca: A-138, A-140, A-14"
79,url,F-1966,secundaria,"Espinal Hernández, Edwin","Geopolítica y armamentos en la Guerra Restauradora (discurso de ingreso en la ADH; Clío, año 81, n.º 183, ene.-jun. 2012, pp. 126-190)",2012,es,dominicana,M10,https://academiadominicanahistoria.org.do/wp-content/uploads/2017/07/183-1.pdf | https://catalogo.academiadominicanahistoria.org.do/opac-tmpl/files/ppcodice/CLIO-2012-183-126-190.pdf,pdf-en-linea,alta,"Edwin Espinal Hernández, historiador, ingresó en la ADH con este estudio sobre el abastecimiento de armas de la Restauración; contrasta la tesis de Herrera de ayuda norteamericana masiva con los documentos, y es la única fuente leída que cuantifica lo comprado en Haití. Fiabilidad alta: Discurso de ingreso con aparato crítico denso: cita oficios del copiador del Ministerio de la Guerra (Clío 111-1"
79,url,F-3003,secundaria,"González de Peña, Raymundo Manuel; Cordero Michel, Emilio (presentación)","Fray Antonio de Montesino: «Ego vox clamantis in deserto». Historia de un silencio en La Española, 1511 (Clío, año 81, n.º 183, ene.-jun. 2012, pp. 13-42) y Presentación de E. Cordero Michel (p. 7)",2012,es,dominicana,M02,https://academiadominicanahistoria.org.do/wp-content/uploads/2017/07/183-1.pdf | https://academiadominicanahistoria.org.do/wp-content/uploads/2017/07/183.pdf,pdf-en-linea,alta,"Raymundo M. González de Peña (ADH) pronunció la conferencia en la sede de la Academia el 9-XI-2011 por los 500 años del sermón de Adviento; la presentación del número es de Emilio Cordero Michel, editor de la revista. Interés: situar el sermón de los dominicos como origen de los derechos humanos y rescatar al taíno como víctima de la encomienda. Fiabilidad alta: Conferencia de un académico de núme"
80,url,F-1967,secundaria,"Álvarez López, Luis","Fin de la Anexión en el contexto de Europa, Estados Unidos, Haití y América Latina (Clío, año 84, n.º 190, jul.-dic. 2015, edición conmemorativa «150 años del triunfo de la Guerra Restauradora», pp. 95-156)",2015,es,dominicana,M10,https://academiadominicanahistoria.org.do/wp-content/uploads/2017/07/190-1.pdf | https://catalogo.academiadominicanahistoria.org.do/opac-tmpl/files/ppcodice/CLIO-2015-190-095-156.pdf,pdf-en-linea,alta,"Luis Álvarez López, historiador de la anexión y la restauración, examina las repercusiones internacionales de la anexión y de su fin; dedica un apartado a «La reacción haitiana: la solidaridad subrepticia», con la proclama haitiana del 18-IV-1861 y las evidencias de apoyo en las actas restauradoras. Fiabilidad alta: Estudio de un especialista con notas a Tansill, Price-Mars, Pérez, Perkins y a las"
80,url,F-1973,secundaria,"Féliz Féliz, Welnel Darío","Movimientos restauradores en el suroeste, 1861-1863 (Clío, año 84, n.º 190, jul.-dic. 2015, pp. 61-94)",2015,es,dominicana,M10,https://academiadominicanahistoria.org.do/wp-content/uploads/2017/07/190-1.pdf,pdf-en-linea,media,"Welnel Darío Féliz Féliz, historiador (autor también de un discurso sobre la Independencia, Clío 2020), reconstruye en el número conmemorativo de 2015 la expedición de Sánchez y Cabral (mayo-junio de 1861) y la insurrección del suroeste; cita a Jaime Domínguez sobre el retiro del apoyo de Geffrard. Fiabilidad media: Artículo académico de un historiador del suroeste con notas a García, Domínguez (L"
80,url,F-2004,secundaria,"Escolano Giménez, Luis Alfonso","La desocupación de Santo Domingo en 1865 en los archivos españoles (Clío, año 84, n.º 190, jul.-dic. 2015, pp. 157-196)",2015,es,internacional,M10,https://academiadominicanahistoria.org.do/wp-content/uploads/2017/07/190-1.pdf,pdf-en-linea,media,"Luis Alfonso Escolano Giménez publica este artículo en el número conmemorativo del 150.º aniversario de la Guerra Restauradora (Clío 190, editor Emilio Cordero Michel). Según el buscador colonial-primaria trabaja con archivos españoles (no se detalló qué fondos); Fiabilidad media: Artículo académico de un historiador de la diplomacia hispano-dominicana que trabaja, según su título, con archivos es"
81,autor-titulo,F-1976,divulgacion,No identificado en la copia (columnista de El Caribe),"La restauración de la República: su historia (2 de 2) (columna de opinión, El Caribe; copia de Wayback Machine del 27-XI-2021)",s. f. (copia de 2021),es,dominicana,M10,https://web.archive.org/web/20211127111445/https://www.elcaribe.com.do/opiniones/la-restauracion-de-la-republica-su-historia-5/ | https://www.elcaribe.com.do/opiniones/la-restauracion-de-la-republica-su-historia-5/,texto-completo-en-linea,baja,"Segunda entrega de una serie de dos columnas de El Caribe sobre la historia de la Restauración; la copia archivada no muestra el nombre del autor. El registro del proyecto atribuye la serie a un columnista «Domínguez», pero la autoría no consta en lo leído. La primera entrega no pudo abrirse (403). Fiabilidad baja: Columna sin notas y sin firma legible en la copia, que repite relatos conocidos sin"
81,autor-titulo,F-1977,divulgacion,No identificado,"La Restauración de la República: su historia (1 de 2) (columna de opinión, El Caribe)",s. f.,es,dominicana,M10,https://www.elcaribe.com.do/opiniones/la-restauracion-de-la-republica-su-historia-3/ | https://www.elcaribe.com.do/opiniones/la-restauracion-la-republica-historia-2/ | https://www.elcaribe.com.do/opiniones/la-restauracion-de-la-republica-su-historia/,localizada-bloqueada,baja,"Primera entrega de la columna cuya segunda entrega se leyó en la copia de Wayback; es la que, según el registro (A-136), contendría las expresiones «amenaza haitiana» y «raza hispánica». No se pudo verificar. Fiabilidad baja: No se pudo abrir: la página respondió 403 (Cloudflare) a curl y a WebFetch y la copia de Wayback no existe para esta URL. Afirmaciones que toca: A-136. Verificación fallo-fet"
82,autor-titulo,F-1979,primaria,Redacción del Moniteur haïtien (Gobierno de Haití; sin firma),"Le Moniteur haïtien, Port-au-Prince, 13 avril 1861: artículo de la «Partie non officielle» sobre la «question de l'Est» (tregua de cinco años, tratado de paz propuesto al Este, indignación ante Santana)",1861,fr,oficial-haiti,M09;M10,https://ufdcimages.uflib.ufl.edu/AA/00/09/82/14/00415/1861041301.pdf | https://dloc.com/AA00098214/00415,pdf-en-linea,media,"Gaceta semanal del Estado haitiano (Port-au-Prince, sábados), colección dLOC AA00098214 (UF/dLOC), que llega hasta el 28-XII-1861. Se imprime en la Imprimerie nationale; Fiabilidad media: Texto de época de la gaceta oficial pero en su parte no oficial: refleja la línea del gobierno sin ser acto oficial; la cronología que ofrece (tregua, gestiones de las potencias mediadoras, dictamen del Senado) n"
82,autor-titulo,F-1980,primaria,Redacción del Moniteur haïtien (traducción); Jamaica Guardian (Kingston); L'Opinion nationale (Port-au-Prince),"Le Moniteur haïtien, Port-au-Prince, 4 mai 1861: traducción del Jamaica Guardian (15-IV-1861) y cita de L'Opinion nationale (Port-au-Prince) sobre la anexión y el riesgo de restablecimiento de la esclavitud en el Este",1861,fr,oficial-haiti,M10,https://ufdcimages.uflib.ufl.edu/AA/00/09/82/14/00418/1861050401.pdf | https://dloc.com/AA00098214/00418,pdf-en-linea,media,"Gaceta semanal del Estado haitiano (Port-au-Prince, sábados), colección dLOC AA00098214 (UF/dLOC), que llega hasta el 28-XII-1861. Se imprime en la Imprimerie nationale; Fiabilidad media: Gaceta oficial, pero el pasaje está en la 'Partie non officielle' y reproduce prensa extranjera traducida y un periódico local: prueba qué lectura de la anexión quiso difundir el Estado, no los hechos. Afirmacion"
83,autor-titulo,F-2006,primaria,"Departamento de Estado de EE. UU. (Seward; Koerner, ministro de EE. UU. en Madrid)","Papers Relating to Foreign Affairs, Accompanying the Annual Message of the President (FRUS 1864, parte IV): Koerner a Seward (Madrid, 14-II-1864 y 30-V-1864); Seward a Koerner (6-V-1864)",1864,en,oficial-eeuu,M10,https://raw.githubusercontent.com/HistoryAtState/frus/master/volumes/frus1864p4.xml | https://history.state.gov/historicaldocuments/frus1864p4/d11 | https://history.state.gov/historicaldocuments/frus1864p4/d30 | https://history.state.gov/historicaldocuments/frus1864p4/d44,texto-descargado,alta,"FRUS recoge la correspondencia de la Legación de EE. UU. en Madrid (Koerner) y la del secretario de Estado Seward. Los tres despachos citados (d. 11, d. 30, d. 44) tratan de la cuestión de Santo Domingo: la percepción madrileña de la ayuda haitiana, la oferta de mediación de Haití y su rechazo previsible. EE. UU. Fiabilidad alta: Despachos diplomáticos de un tercero interesado (EE. UU.) con acceso"
83,autor-titulo,F-2007,primaria,"Departamento de Estado de EE. UU. (Seward; Perry, representante de EE. UU. en Madrid)","Papers Relating to Foreign Affairs, Accompanying the Annual Message of the President (FRUS 1865, parte II): despachos de Perry (Madrid) a Seward, 28-X-1864, 31-I-1865, 11-III-1865, 7-V-1865 y 29-VIII-1865",1865,en,oficial-eeuu,M10,https://raw.githubusercontent.com/HistoryAtState/frus/master/volumes/frus1865p2.xml | https://history.state.gov/historicaldocuments/frus1865p2/d599 | https://history.state.gov/historicaldocuments/frus1865p2/d618,texto-descargado,alta,"Horatio J. Perry, representante de EE. UU. en Madrid, informa a Seward del debate parlamentario sobre el abandono de Santo Domingo, de una conversación con el ministro de Estado Benavides sobre la oferta haitiana de neutralizar la isla (11-III-1865) y de la ley de abandono (7-V-1865). EE. UU. Fiabilidad alta: Despachos de un diplomático que habla con el ministro español y registra textualmente el "
84,url,F-2057,primaria,"Alcocer, Luis Jerónimo de (canónigo); Rodríguez Demorizi, Emilio (ed.)","Relación sumaria del estado presente de la isla Española en las Indias Occidentales ... hasta el año de 1650 (ms. Biblioteca Nacional, Madrid), en Boletín del Archivo General de la Nación, n.º 20-21 (1942)",1650 (ed. 1942),es,espanola,M03;M04,https://agn.gob.do/wp-content/uploads/2025/07/BAGN_1942_No_20-21.pdf,pdf-en-linea,media,"Luis Jerónimo de Alcocer, canónigo de la catedral de Santo Domingo, escribió en 1650 una relación sobre la isla y su arzobispado que Rodríguez Demorizi publicó por primera vez en 1942 desde el manuscrito de la Biblioteca Nacional de Madrid. Fiabilidad media: Canónigo de Santo Domingo que escribe ~45 años después y con hostilidad evidente hacia Osorio; testimonio local de un afectado, no documental"
84,url,F-2968,primaria,"Anónimo (relación oficial impresa, 1654); Rodríguez Demorizi, Emilio (ed., 1942)","Relación impresa 'De la vitoria que han tenido las católicas armas de Su Majestad en la recuperación de la Isla de la Tortuga, mandada ejecutar por el doctor don Juan Francisco Montemayor de Cuenca' (Madrid, 1654), reproducida en Boletín del Archivo General de la Nación n.º 20-21 (1942), con notas de E. Rodríguez Demorizi",1654 (ed. 1942),es,espanola,M04;M03,https://agn.gob.do/wp-content/uploads/2025/07/BAGN_1942_No_20-21.pdf,pdf-en-linea,media,"Relación impresa en 1654 por el Presidente interino de la Audiencia de Santo Domingo, Juan Francisco Montemayor de Cuenca, tras recuperar la Tortuga en enero de 1654. Fiabilidad media: Relación oficial de una victoria, publicada por la propia administración de Santo Domingo con interés propagandístico, pero con nombres, fechas y cifras verificables. Afirmaciones: A-050. Verificación: descargada-y-"
85,url,F-2116,secundaria,"Charlier-Doucet, Rachelle","Anthropologie, politique et engagement social. L'expérience du Bureau d'ethnologie d'Haïti (Gradhiva 1: 109-125, 2005)",2005,fr,haitiana,M01,https://journals.openedition.org/gradhiva/313 | https://doi.org/10.4000/gradhiva.313,texto-completo-en-linea,alta,"Rachelle Charlier-Doucet, antropóloga (nacionalidad [POR VERIFICAR]; autora también de una columna sobre 'Quisqueya' en Le Nouvelliste, F-0896), analiza el Bureau d'ethnologie creado por Jacques Roumain el 31-X-1941 y su proyecto de probar 'survivances amérindiennes'. Fiabilidad alta: Artículo de revista académica (Gradhiva, Musée du quai Branly) de una antropóloga especialista en la historia del "
85,url,F-2181,primaria,"Bureau d'ethnologie de la République d'Haïti (Roumain, Fisher, Mangonès, Maximilien, Bastien, Aubourg, Aristide, Fouchard y otros)","Bulletin du Bureau d'ethnologie de la République d'Haïti, série II (1942-1956 en lo conocido) y Bulletin du Bureau national d'ethnologie (desde 1984): artículos sobre los aborígenes conocidos solo por referencias",1942-1992,fr,haitiana,M01,https://journals.openedition.org/gradhiva/313,no-localizada,media,"Boletín del organismo creado por decreto-ley del 31 de octubre de 1941 (director fundador Jacques Roumain) para investigar y proteger el patrimonio arqueológico y etnográfico. Fiabilidad media: Serie institucional de referencia para la arqueología y etnología haitianas; los números no están digitalizados y se conocen por las citas de Charlier-Doucet 2005, Jean et al. 2020 y Hoffmann 1994. Afirmaci"
85,url,F-2182,primaria,"Maximilien, Louis","Quelques apports indiens à la vie haïtienne (Les Cahiers d'Haïti, n.º 5, diciembre de 1943, pp. 42-47)",1943,fr,haitiana,M01,https://journals.openedition.org/gradhiva/313,no-localizada,media,"El Dr. Louis Maximilien, médico militar y pionero de la arqueología haitiana, defiende en Les Cahiers d'Haïti que existen aportes indios biológicos y culturales en la sociedad haitiana, rebatiendo el manual de Dorsainvil (según Charlier-Doucet 2005, nota 21). Lo refuta Achille Aristide en Optique (1956). Fiabilidad media: Artículo de un pionero de la arqueología haitiana, conocido solo por referen"
86,url,F-2196,primaria,"Rodríguez Demorizi, Emilio (comp.)","Santo Domingo y la Gran Colombia: Bolívar y Núñez de Cáceres (Academia Dominicana de la Historia, vol. XXXIII; Santo Domingo, Editora del Caribe, 1971; incluye el Acta Constitutiva del 1-XII-1821 y la carta de Núñez de Cáceres a Soublette, 6-VIII-1822)",1971 (ensayo juvenil de 1932 con adiciones documentales),es,dominicana,M07,https://catalogo.academiadominicanahistoria.org.do/opac-tmpl/files/libros/RodriguezDemoriziEmilio_SantoDomingoYLaGranColombia.pdf,pdf-en-linea,alta,"Emilio Rodríguez Demorizi reúne en 1971, para el 150 aniversario del Estado Independiente, su ensayo juvenil de 1932 (premiado por jurado integrado por Troncoso de la Concha y Peña Batlle) y 'adiciones documentales': Acta Constitutiva (pp. 69-72), sesiones de la Junta (4 y 7-XII-1821), carta de Núñez de Cáceres a Soublette (6-VIII-1822, pp. 25-29), cartas de Núñez a Bolívar, noticias del Iris de V"
86,url,F-2229,primaria,"Núñez de Cáceres, José; López de Umeres, Manuel (secretario); Morillas, José María (nota de testigo); García, José Gabriel (archivo, fuente de la copia); Rodríguez Demorizi, Emilio (ed.)","Proclama «Valerosos dominicanos y amados compatriotas» de José Núñez de Cáceres (Santo Domingo, 1.º de diciembre de 1821), con nota de J. M. Morillas, en Rodríguez Demorizi, Santo Domingo y la Gran Colombia, pp. 63-67",1821 (proclama); 1971 (edición),es,dominicana,M07,https://catalogo.academiadominicanahistoria.org.do/opac-tmpl/files/libros/RodriguezDemoriziEmilio_SantoDomingoYLaGranColombia.pdf,pdf-en-linea,media,"Emilio Rodríguez Demorizi (1906-1986) publica en 1971 (Academia Dominicana de la Historia, vol. XXXIII, con motivo del sesquicentenario del Estado Independiente de la Parte Española de Haití) su ensayo juvenil de 1932 sobre la actitud de Bolívar ante el proyecto de incorporación a la Gran Colombia, con apéndices documentales (Declaratoria, proclama y Acta de 1821, sesiones de la Junta, discurso de"
86,url,F-2230,primaria,"Diputación Provincial de Santo Domingo (Kindelán, Sebastián; Dávila Fernández de Castro, Felipe; Moscoso, Vicente; Martínez de Valdez, Andrés; Basora, José; Pineda, Antonio María; Brenes, Francisco, secretario); Secretaría de Estado de Fernando VII; Franco, José Luciano (ed. de la Real Orden, 1954); Utrera, Cipriano de (copia)","Exposición de la Diputación Provincial de Santo Domingo al Rey (16-I-1821) y Real Orden de Madrid al Jefe Político de La Habana (25-I-1821) sobre las amenazas de invasión haitiana, en Rodríguez Demorizi, Santo Domingo y la Gran Colombia, «La situación política a principios de 1821», pp. 168-172",1821 (documentos); 1971 (edición),es,espanola,M07,https://catalogo.academiadominicanahistoria.org.do/opac-tmpl/files/libros/RodriguezDemoriziEmilio_SantoDomingoYLaGranColombia.pdf,pdf-en-linea,alta,"Emilio Rodríguez Demorizi (1906-1986) publica en 1971 (Academia Dominicana de la Historia, vol. XXXIII, con motivo del sesquicentenario del Estado Independiente de la Parte Española de Haití) su ensayo juvenil de 1932 sobre la actitud de Bolívar ante el proyecto de incorporación a la Gran Colombia, con apéndices documentales (Declaratoria, proclama y Acta de 1821, sesiones de la Junta, discurso de"
86,url,F-2231,primaria,"Delgado, Francisco (coronel); Bolívar, Simón; Briceño Méndez, Pedro; Pineda, Antonio María; Rodríguez Demorizi, Emilio (ed.; cita a Blanco y Azpúrua, t. VIII, p. 229 y a Lecuna, Cartas del Libertador)","Noticias de la independencia efímera y de la misión de Antonio María Pineda ante Colombia: carta del coronel Francisco Delgado (Maracaibo, 2-I-1822), carta de Bolívar a Santander (Popayán, 9-II-1822), despacho de Briceño Méndez (28-I-1822) y prensa de Caracas, en Rodríguez Demorizi, Santo Domingo y la Gran Colombia, pp. 18-22 y 167-168",1822 (documentos); 1971 (edición); 1932 (ensayo),es,internacional,M07,https://catalogo.academiadominicanahistoria.org.do/opac-tmpl/files/libros/RodriguezDemoriziEmilio_SantoDomingoYLaGranColombia.pdf,pdf-en-linea,media,"Emilio Rodríguez Demorizi (1906-1986) publica en 1971 (Academia Dominicana de la Historia, vol. XXXIII, con motivo del sesquicentenario del Estado Independiente de la Parte Española de Haití) su ensayo juvenil de 1932 sobre la actitud de Bolívar ante el proyecto de incorporación a la Gran Colombia, con apéndices documentales (Declaratoria, proclama y Acta de 1821, sesiones de la Junta, discurso de"
87,url,F-2216,primaria,"Linstant Pradine, Beaubrun (ed.); acta firmada por Boyer, Jean-Pierre; Núñez de Cáceres, José; López Medrano, Andrés; Lavastida, Miguel de (secretario) y el cuerpo municipal de Santo Domingo","Procès-verbal de l'entrée du Président d'Haïti à Santo-Domingo, 9 de febrero de 1822 (Recueil général des lois et actes du gouvernement d'Haïti, t. III, N.º 773, pp. 441-442)",1822 (acta); 1860 (edición),fr,oficial-haiti,M07;M08,https://archive.org/download/recueilgnral05hait/recueilgnral05hait_djvu.txt | https://archive.org/details/recueilgnral05hait,texto-completo-en-linea,alta,"Beaubrun Linstant Pradine (ex encargado de negocios de Haití en Londres y París) compila en 1860, en París, los actos del gobierno haitiano desde 1804 con notas históricas; el t. III cubre 1818-1823. Los textos son oficiales (Boyer, Inginac, Senado); las notas editoriales son de 1860 y reflejan la lectura oficial haitiana una generación después. Fiabilidad alta: Acta oficial de la recepción firmad"
87,url,F-2217,primaria,"Boyer, Jean-Pierre; Inginac, Joseph Balthazar (secretario general); Linstant Pradine, Beaubrun (ed.)","Proclamation de Boyer au peuple, en français et en espagnol, à l'occasion de la réunion de l'Est (Santo-Domingo, 9 de febrero de 1822) (Recueil général, t. III, N.º 774, pp. 442-447, con nota editorial)",1822 (proclama); 1860 (edición),fr,oficial-haiti,M07;M08,https://archive.org/download/recueilgnral05hait/recueilgnral05hait_djvu.txt | https://archive.org/details/recueilgnral05hait,texto-completo-en-linea,alta,"Beaubrun Linstant Pradine (ex encargado de negocios de Haití en Londres y París) compila en 1860, en París, los actos del gobierno haitiano desde 1804 con notas históricas; el t. III cubre 1818-1823. Los textos son oficiales (Boyer, Inginac, Senado); las notas editoriales son de 1860 y reflejan la lectura oficial haitiana una generación después. Fiabilidad alta: Texto oficial bilingüe firmado por "
87,url,F-2218,primaria,"Boyer, Jean-Pierre; Senado de Haití; Linstant Pradine, Beaubrun (nota editorial)","Mensaje de Boyer al Senado (Puerto Príncipe, 25-XII-1821), respuesta del Senado (31-XII-1821) y nota editorial de Linstant Pradine sobre el 15 de noviembre de 1821, Sylva y Aury (Recueil général, t. III, pp. 447-451, nota a N.º 774)",1821 (documentos); 1860 (nota),fr,oficial-haiti,M07;M08,https://archive.org/download/recueilgnral05hait/recueilgnral05hait_djvu.txt | https://archive.org/details/recueilgnral05hait,texto-completo-en-linea,alta,"Beaubrun Linstant Pradine (ex encargado de negocios de Haití en Londres y París) compila en 1860, en París, los actos del gobierno haitiano desde 1804 con notas históricas; el t. III cubre 1818-1823. Los textos son oficiales (Boyer, Inginac, Senado); las notas editoriales son de 1860 y reflejan la lectura oficial haitiana una generación después. Fiabilidad alta: Mensaje y respuesta son oficiales y"
87,url,F-2219,primaria,"Boyer, Jean-Pierre; Inginac, Joseph Balthazar; Linstant Pradine, Beaubrun (ed.)","Orden del día de Boyer del 12-I-1822 (fr/es), orden general del ejército del 15-I-1822 y proclama del 15-I-1822 para la campaña del Este (Recueil général, t. III, N.os 768, 770 y 771, pp. 436-440)",1822 (documentos); 1860 (edición),fr,oficial-haiti,M07,https://archive.org/download/recueilgnral05hait/recueilgnral05hait_djvu.txt | https://archive.org/details/recueilgnral05hait,texto-completo-en-linea,alta,"Beaubrun Linstant Pradine (ex encargado de negocios de Haití en Londres y París) compila en 1860, en París, los actos del gobierno haitiano desde 1804 con notas históricas; el t. III cubre 1818-1823. Los textos son oficiales (Boyer, Inginac, Senado); las notas editoriales son de 1860 y reflejan la lectura oficial haitiana una generación después. Fiabilidad alta: Órdenes oficiales fechadas, firmada"
87,url,F-2220,primaria,"Boyer, Jean-Pierre; Linstant Pradine, Beaubrun (ed.)","Proclamation de Boyer aux Haïtiens sur la réunion du Nord, con el mensaje al Senado de Gonaïves (20-X-1820) en nota (Recueil général, t. III, N.º 700, pp. 347-350)",1820 (documentos); 1860 (edición),fr,oficial-haiti,M07,https://archive.org/download/recueilgnral05hait/recueilgnral05hait_djvu.txt | https://archive.org/details/recueilgnral05hait,texto-completo-en-linea,alta,"Beaubrun Linstant Pradine (ex encargado de negocios de Haití en Londres y París) compila en 1860, en París, los actos del gobierno haitiano desde 1804 con notas históricas; el t. III cubre 1818-1823. Los textos son oficiales (Boyer, Inginac, Senado); las notas editoriales son de 1860 y reflejan la lectura oficial haitiana una generación después. Fiabilidad alta: Documentos oficiales fechados reimp"
88,url,F-2221,primaria,"Carvajal, Manuel; Núñez de Cáceres, José; Moscoso, Juan Vicente; Martínez Valdés, Antonio; Arredondo, Juan Nepomuceno de; Ruiz, Juan; Mancebo, Vicente; López de Umeres, Manuel (secretario); Mackenzie, Charles (ed.)","Acta Constitutiva del Gobierno Provisional del Estado Independiente de la Parte Española de Haití (1.º de diciembre de 1821), 39 artículos, en Mackenzie, Notes on Haiti, vol. II, Apéndice, Nota (K), pp. 225-235",1821 (texto); 1830 (edición),es,dominicana,M00;M07,https://archive.org/download/notesonhaitimade02mack/notesonhaitimade02mack_djvu.txt | https://archive.org/details/notesonhaitimade02mack | https://catalogo.academiadominicanahistoria.org.do/opac-tmpl/files/libros/RodriguezDemoriziEmilio_SantoDomingoYLaGranColombia.pdf,texto-completo-en-linea,alta,"Charles Mackenzie (1788-1862), diplomático británico (cónsul general en Haití hacia 1826-1828 según sus portadas), publica en Londres en 1830 (Colburn y Bentley) sus «Notes on Haiti». Reproduce en el apéndice del vol. II, en español, los documentos de 1821-1822 que obtuvo en Santo Domingo y Puerto Príncipe; escribe para un público británico antiesclavista y con interés comercial en Haití; no const"
88,url,F-2222,primaria,"Núñez de Cáceres, José; Boyer, Jean-Pierre; Inginac, Joseph Balthazar; Mackenzie, Charles (ed.)","Proclama de Núñez de Cáceres «Fieles dominicanos y amados compatriotas» (Santo Domingo, 19-I-1822) con el despacho de Boyer del 11-I-1822, en Mackenzie, Notes on Haiti, vol. II, Apéndice, Notas (L) y (M), pp. 235-244",1822 (textos); 1830 (edición),es,internacional,M07;M08,https://archive.org/download/notesonhaitimade02mack/notesonhaitimade02mack_djvu.txt | https://archive.org/details/notesonhaitimade02mack,texto-completo-en-linea,alta,"Charles Mackenzie (1788-1862), diplomático británico (cónsul general en Haití hacia 1826-1828 según sus portadas), publica en Londres en 1830 (Colburn y Bentley) sus «Notes on Haiti». Reproduce en el apéndice del vol. II, en español, los documentos de 1821-1822 que obtuvo en Santo Domingo y Puerto Príncipe; escribe para un público británico antiesclavista y con interés comercial en Haití; no const"
89,autor-titulo,F-2232,primaria,"Niles, Hezekiah (ed.)","Niles' Weekly Register, Baltimore, vol. 21, n.º 538 (29-XII-1821): noticias de «Hayti» sobre la parte española",1821,en,internacional,M07,https://archive.org/download/sim_niles-national-register_1821-12-29_21_538/sim_niles-national-register_1821-12-29_21_538_djvu.txt,texto-completo-en-linea,media,"Hezekiah Niles edita en Baltimore el Weekly Register (1811-1849), con noticias extranjeras tomadas de periódicos y cartas; en 1821-1822 sigue con simpatía el comercio con Haití. Digitalización de la Internet Archive (Serial Imprint Material, OCR djvu). Fiabilidad media: Prensa semanal estadounidense de gran circulación que reproduce noticias de segunda mano de Haití; sirve como testimonio de lo qu"
89,autor-titulo,F-2233,primaria,"Niles, Hezekiah (ed.)","Niles' Weekly Register, Baltimore, vol. 21, n.º 541 (19-I-1822): noticias de «Hayti» sobre la parte española",1822,en,internacional,M07,https://archive.org/download/sim_niles-national-register_1822-01-19_21_541/sim_niles-national-register_1822-01-19_21_541_djvu.txt,texto-completo-en-linea,media,"Hezekiah Niles edita en Baltimore el Weekly Register (1811-1849), con noticias extranjeras tomadas de periódicos y cartas; en 1821-1822 sigue con simpatía el comercio con Haití. Digitalización de la Internet Archive (Serial Imprint Material, OCR djvu). Fiabilidad media: Prensa semanal estadounidense de gran circulación que reproduce noticias de segunda mano de Haití; sirve como testimonio de lo qu"
89,autor-titulo,F-2234,primaria,"Niles, Hezekiah (ed.)","Niles' Weekly Register, Baltimore, vol. 21, n.º 544 (9-II-1822): noticias de «Hayti» sobre la parte española",1822,en,internacional,M07,https://archive.org/download/sim_niles-national-register_1822-02-09_21_544/sim_niles-national-register_1822-02-09_21_544_djvu.txt,texto-completo-en-linea,media,"Hezekiah Niles edita en Baltimore el Weekly Register (1811-1849), con noticias extranjeras tomadas de periódicos y cartas; en 1821-1822 sigue con simpatía el comercio con Haití. Digitalización de la Internet Archive (Serial Imprint Material, OCR djvu). Fiabilidad media: Prensa semanal estadounidense de gran circulación que reproduce noticias de segunda mano de Haití; sirve como testimonio de lo qu"
90,autor-titulo,F-2235,primaria,"Niles, Hezekiah (ed.)","Niles' Weekly Register, Baltimore, vol. 22, n.º 547 (2-III-1822): noticias de «Hayti» sobre la parte española",1822,en,internacional,M07,https://archive.org/download/sim_niles-national-register_1822-03-02_22_547/sim_niles-national-register_1822-03-02_22_547_djvu.txt,texto-completo-en-linea,media,"Hezekiah Niles edita en Baltimore el Weekly Register (1811-1849), con noticias extranjeras tomadas de periódicos y cartas; en 1821-1822 sigue con simpatía el comercio con Haití. Digitalización de la Internet Archive (Serial Imprint Material, OCR djvu). Fiabilidad media: Prensa semanal estadounidense de gran circulación que reproduce noticias de segunda mano de Haití; sirve como testimonio de lo qu"
90,autor-titulo,F-2236,primaria,"Niles, Hezekiah (ed.)","Niles' Weekly Register, Baltimore, vol. 22, n.º 551 (30-III-1822): noticias de «Hayti» sobre la parte española",1822,en,internacional,M07,https://archive.org/download/sim_niles-national-register_1822-03-30_22_551/sim_niles-national-register_1822-03-30_22_551_djvu.txt | https://archive.org/download/sim_niles-national-register_1822-04-20_22_554/sim_niles-national-register_1822-04-20_22_554_djvu.txt,texto-completo-en-linea,media,"Hezekiah Niles edita en Baltimore el Weekly Register (1811-1849), con noticias extranjeras tomadas de periódicos y cartas; en 1821-1822 sigue con simpatía el comercio con Haití. Digitalización de la Internet Archive (Serial Imprint Material, OCR djvu). Fiabilidad media: Prensa semanal estadounidense de gran circulación que reproduce noticias de segunda mano de Haití; sirve como testimonio de lo qu"
91,autor-titulo,F-2268,cientifica,"Morgan, Jana; Espinal, Rosario; Zechmeister, Elizabeth J. (LAPOP, Vanderbilt University)","Cultura política de la democracia en República Dominicana y en las Américas, 2014: Gobernabilidad democrática a través de 10 años del Barómetro de las Américas (resumen ejecutivo, junio de 2015)",2015 (encuesta 2014; series 2006-2014),es,internacional,M14;M15;M16,https://www.vanderbilt.edu/cgd/wp-content/uploads/sites/157/lapop/dr/AB2014_Abbreviated_Summary_Report_DR_revised_V3_W_08.18.15.pdf,pdf-en-linea,alta,"LAPOP (Vanderbilt) con el patrocinio de USAID; la serie dominicana arranca en 2006 (con datos DEMOS 1994-2004 en algunos gráficos). Fiabilidad alta: Informe de LAPOP con muestras nacionales probabilísticas y series 2006-2014; los gráficos en PDF se extraen con valores desordenados, por lo que solo se citan los pasajes de texto. Afirmaciones: A-200. Verificación: descargada-y-leida (acceso: pdf-en-"
91,autor-titulo,F-2520,secundaria,"Morgan, Jana; Espinal, Rosario (ed. general: Seligson, Mitchell A.)","Cultura política de la democracia en República Dominicana, 2008: El impacto de la gobernabilidad (Barómetro de las Américas, LAPOP, Vanderbilt University)",2008,es,internacional,M15;M16,https://www.vanderbilt.edu/lapop/dr/2008-culturapolitca.pdf,pdf-en-linea,alta,"Proyecto LAPOP (Vanderbilt) con trabajo de campo de Gallup República Dominicana en marzo de 2008; análisis de dos politólogas (Tennessee y Temple); patrocinio del programa de Democracia y Gobierno de USAID. La encuesta formuló dos preguntas sobre derechos de los haitianos en 2006, 2008 y 2010. Fiabilidad alta: Informe de una encuesta nacional probabilística (n=1.500) con cuestionario y metodología"
91,autor-titulo,F-2521,secundaria,"Morgan, Jana; Espinal, Rosario; Seligson, Mitchell A.","Cultura política de la democracia en República Dominicana, 2010: Consolidación democrática en las Américas en tiempos difíciles (Barómetro de las Américas, LAPOP, Vanderbilt University, septiembre de 2010)",2010,es,internacional,M15;M16,https://cdn.vanderbilt.edu/vu-my/wp-content/uploads/sites/1209/2019/04/14113649/DominicanRepublic2010Spanishfinalsm.pdf,pdf-en-linea,alta,"LAPOP (Vanderbilt) con trabajo de campo de 2010 en la República Dominicana y análisis de Morgan y Espinal; fechas exactas del campo no consignadas en el texto extraído (una búsqueda indicó febrero-marzo de 2010: [POR VERIFICAR]). Fiabilidad alta: Informe de una encuesta nacional probabilística (1.500 entrevistas efectivas) con metodología en apéndice; mide opiniones y autoidentificación, y el patr"
91,autor-titulo,F-2560,base-de-datos,"Morgan, Jana; Espinal, Rosario; Seligson, Mitchell A. (LAPOP, Vanderbilt University)","Cultura política de la democracia en República Dominicana, 2010. Consolidación democrática en las Américas en tiempos difíciles. Resumen ejecutivo (Barómetro de las Américas, LAPOP)",2010,es,internacional,M15,https://cdn.vanderbilt.edu/vu-my/wp-content/uploads/sites/1209/2019/04/14113610/DominicanRepublicExecutiveSummarySpanishsm.pdf,pdf-en-linea,alta,"Resumen ejecutivo del informe de la ronda 2010 del Barómetro de las Américas en la RD (septiembre de 2010), de LAPOP (Universidad de Vanderbilt) con la participación de Rosario Espinal (Temple University); financiado por USAID. Muestra de 1.500 personas en cuatro regiones, trabajo de campo en febrero de 2010. Fiabilidad alta: Encuesta probabilística nacional (n=1.500, febrero de 2010, trabajo de c"
91,autor-titulo,F-2569,base-de-datos,"Morgan, Jana; Espinal, Rosario; Seligson, Mitchell A. (LAPOP, Vanderbilt University)","Cultura política de la democracia en República Dominicana, 2008: El impacto de la gobernabilidad. Resumen ejecutivo (Barómetro de las Américas, LAPOP, marzo de 2009)",2009,es,internacional,M15,https://cdn.vanderbilt.edu/vu-my/wp-content/uploads/sites/1209/2019/04/14113601/Resumen__Republica_Dominicana_v2_Mar24_edited.pdf,pdf-en-linea,alta,"Resumen ejecutivo del informe de la ronda 2008 del Barómetro de las Américas para la RD (marzo de 2009), de los mismos autores y la misma metodología que la ronda 2010; financiado por USAID. Muestra de 1.507 personas en cuatro regiones; trabajo de campo en marzo de 2008, antes del terremoto de 2010. Fiabilidad alta: Encuesta probabilística nacional (n=1.507, marzo de 2008) con diseño de LAPOP y tr"
91,autor-titulo,F-2640,secundaria,"Morgan, Jana; Espinal, Rosario; Seligson, Mitchell A. (LAPOP / Vanderbilt University)","Cultura política de la democracia en República Dominicana: 2006 (Barómetro de las Américas, LAPOP, Vanderbilt University, diciembre de 2006), cap. X, 'Migración: haitiana y dominicana'",2006,es,internacional,M15;M16,https://cdn.vanderbilt.edu/vu-my/wp-content/uploads/sites/1209/2019/04/14113704/DOMINICAN-REPUBLIC-2006-Spanish-AmericasBarometer.pdf,pdf-en-linea,alta,"LAPOP (Vanderbilt) con trabajo de campo de Gallup República Dominicana del 1 al 22 de junio de 2006, análisis de Morgan (Tennessee) y Espinal (Temple), patrocinio de USAID. Es la ola anterior a las de 2008 y 2010 que ya estaban en la ronda 1 y la primera con las dos preguntas sobre los derechos de los haitianos (ciudadanía de los hijos de haitianos nacidos en la RD y permisos de trabajo a indocume"
92,autor-titulo,F-2272,divulgacion,"Tavares, Juan Tomás","El Cuco nos come o fusión en B menor (fusionando y onegeciando, bis) (Acento, 9-II-2015)",2015,es,dominicana,M14,https://acento.com.do/opinion/el-cuco-nos-come-o-fusion-en-b-menor-fusionando-y-onegeciando-bis-8220423.html,texto-completo-en-linea,baja,"Juan Tomás Tavares, columnista de Acento (9-II-2015); reinterpreta La isla al revés (1983) como 'el Cuco' que 'come' dominicanos y la sitúa en la campaña de 1986. Fiabilidad baja: Columna con aparato bibliográfico (Zaglul, Franco, Núñez, Pérez) y citas fechadas, pero es un texto de opinión con tesis propia (campañas electorales de 1978-1996). Afirmaciones: A-197, A-198, A-199. Verificación: descar"
92,autor-titulo,F-2456,divulgacion,"Tavares, Juan Tomás","El Cuco nos come o fusión en B menor (fusionando y onegeciando, parte atrás)",2015,es,dominicana,M15,https://acento.com.do/opinion/el-cuco-nos-come-o-fusion-en-b-menor-fusionando-y-onegeciando-parte-atras-8222466.html,texto-completo-en-linea,media,"Columna de Juan Tomás Tavares (articulista de Acento, [POR VERIFICAR] profesión) del 16-II-2015, publicada un año y medio después de la sentencia TC/0168/13 y cuando la 'fusión' volvía a invocarse; critica el discurso de la 'fusión' como espantajo (el 'Cuco'). Fiabilidad media: Columna de opinión con autor identificable y notas a pie, pero sin citar documentos de 1994-96; la fecha del discurso de "
93,autor-titulo,F-2280,primaria,"República Dominicana, Secretaría de Estado de Relaciones Exteriores (División de Asuntos Haitianos)","Memoria 1983: Secretaría de Estado de Relaciones Exteriores (Santo Domingo, 1984): «Memoria de la labor realizada por la División de Asuntos Haitianos durante el año de 1983» (sección sobre la queja ante la OIT y la Comisión de Encuesta)",1984 (año 1983),es,oficial-rd,M14,https://memoriahistorica.senadord.gob.do/bitstreams/06e26bb1-4f60-4a17-8d62-9c973b5cae07/download | https://memoriahistorica.senadord.gob.do/handle/123456789/71325,pdf-en-linea,alta,"Informe anual de la División de Asuntos Haitianos de la Cancillería (gobierno de Salvador Jorge Blanco). Fiabilidad alta: Memoria oficial de la unidad que coordinó la respuesta dominicana ante la OIT; fuente de parte con tono polémico, pero con fechas y pasos procesales verificables contra el informe de la OIT. Afirmaciones: A-194, A-195. Verificación: descargada-y-leida (acceso: pdf-en-linea). F2"
93,autor-titulo,F-2378,primaria,"República Dominicana, Secretaría de Estado de Turismo","Memoria 1983: Secretaría de Estado de Turismo (Santo Domingo, 1984): División de Eventos y Folklore; Carnaval de Santo Domingo del 26-II-1983; Ballet Folklórico de Turismo",1984 (año 1983),es,oficial-rd,M14,https://memoriahistorica.senadord.gob.do/bitstreams/0849d2e7-04d8-41d5-97c7-e60b44739e18/download | https://memoriahistorica.senadord.gob.do/items/df8251ab-9550-4e86-8dc1-b26195d52677,pdf-en-linea,alta,"Informe anual de la Secretaría de Estado de Turismo del gobierno de Salvador Jorge Blanco, en el que el Estado presenta su política de «rescate de nuestras tradiciones» y su promoción del folklore (Ballet Folklórico, festivales de grupos folklóricos, carnaval). Lo escribe la propia dependencia, con interés promocional. Fiabilidad alta: Memoria institucional oficial (203 páginas, 56 MB) con capa de"
94,url,F-2285,primaria,"Irons, Alden H.; Gomez, Francis D. (Embajada de EE.UU. en Puerto Príncipe); transmitido por el encargado Meade","Foreign Relations of the United States, 1977-1980, vol. XXIII (Mexico, Cuba, and the Caribbean), doc. 252: Airgram A-50 from the Embassy in Haiti to the Department of State, 25 July 1978, 'A Different View on U.S. Policy Towards Haiti by Two Departing Officers' (paper by Alden H. Irons and Francis D. Gomez)",1978,en,oficial-eeuu,M14,https://raw.githubusercontent.com/HistoryAtState/frus/master/volumes/frus1977-80v23.xml,texto-descargado,media,"Aerograma de la Embajada de EE.UU. en Puerto Príncipe (julio de 1978) con un documento de dos funcionarios salientes, Alden Irons y Francis Gomez, sobre la política de EE.UU. hacia Haití: crítica a la dictadura de Jean-Claude Duvalier y a sus ingresos privados. Fiabilidad media: Documento diplomático original publicado por la Oficina del Historiador (FRUS), pero es la opinión personal, discrepante"
94,url,F-2286,primaria,Embajada de EE.UU. en Haití (Port-au-Prince),"Foreign Relations of the United States, 1977-1980, vol. XXIII, doc. 268: Telegram 5437 from the Embassy in Haiti to the Department of State, 31 October 1980, 'US-GOH Consultation on Illegal Migration' (conversación del embajador Kimelman y la delegación de EE.UU. con el presidente Jean-Claude Duvalier el 28-X-1980)",1980,en,oficial-eeuu,M14,https://raw.githubusercontent.com/HistoryAtState/frus/master/volumes/frus1977-80v23.xml,texto-descargado,alta,"Resumen del telegrama de la Embajada sobre la reunión de 90 minutos en el Palacio Presidencial entre Jean-Claude Duvalier, el embajador Kimelman y tres miembros de la delegación estadounidense sobre migración ilegal haitiana a EE.UU. Fiabilidad alta: Telegrama diplomático original, publicado por la Oficina del Historiador, que registra lo que dijo el propio Duvalier a diplomáticos estadounidenses;"
95,autor-titulo,F-2375,primaria,"Balaguer, Joaquín (Presidente de la República Dominicana); Contín Aybar, Néstor (Director-Administrador y Consultor Jurídico del Poder Ejecutivo)","Gaceta Oficial de la República Dominicana, Año XCII, n.º 9220 (Santo Domingo de Guzmán, 10 de abril de 1971): Reglamento n.º 824, para el funcionamiento de la Comisión Nacional de Espectáculos Públicos y Radiofonía (dado el 25-III-1971)",1971,es,oficial-rd,M14,"https://tile.loc.gov/storage-services/service/ll/llflg/do/10/04/19/71/00/do1004197100/do1004197100.pdf | https://memoriahistorica.senadord.gob.do/bitstreams/871c0edd-c758-4dcf-bc1d-83e17e5492bb/download (volumen encuadernado 1971, n.os 9211-9249, 145 MB; no leído: la copia de la LOC basta)",pdf-en-linea,alta,"Publicación oficial del Reglamento dictado por Balaguer en ejercicio del art. 55 de la Constitución, que deroga y sustituye el Reglamento n.º 995 del 13-VII-1955 (Trujillo) y se apoya en la Ley n.º 1951 del 7-III-1949. La Comisión Nacional de Espectáculos Públicos y Radiofonía depende de la Dirección General de Correos y… Fiabilidad alta: Número original de la Gaceta Oficial (36 páginas) digitaliz"
95,autor-titulo,F-2386,primaria,"Balaguer, Joaquín (Presidente de la República Dominicana)","Gaceta Oficial de la República Dominicana, Año CVII, nos. 9677-9701 (1986): Decreto n.º 987-86-210 (12-IX-1986), que nombra a la Dra. Onoida Zayas y al Lic. David A. Ramírez, Presidente y Vicepresidente de la Comisión Nacional de Espectáculos Públicos y Radiofonía (p. impresa 2289)",1986,es,oficial-rd,M14,https://memoriahistorica.senadord.gob.do/bitstreams/26bc3578-5fe7-4876-940e-da9472923d59/download | https://memoriahistorica.senadord.gob.do/items/7aad55e2-bd54-41a3-a69e-4ad35cafca2c,pdf-en-linea,alta,"Decreto de Balaguer, recién regresado a la presidencia (16-VIII-1986), que renueva la dirección de la Comisión. Fiabilidad alta: Volumen encuadernado de la Gaceta Oficial de 1986 del archivo del Senado; el decreto se leyó sobre la imagen de la p. 2174 del PDF. Afirmaciones: A-201. Verificación: descargada-y-leida (acceso: pdf-en-linea). F2 2026-10-07 (M14, ronda 2; lentes colonial-primaria; consul"
96,autor-titulo,F-2379,primaria,"Jorge Blanco, Salvador (Presidente de la República Dominicana)","Colección de Leyes, Decretos y Resoluciones de los poderes Legislativo y Ejecutivo de la República Dominicana, 1983, tomo II: Decreto n.º 1684 (28-XII-1983; G. O. n.º 9628, 31-XII-1983), que concede la Orden Heráldica de Cristóbal Colón al Dr. Francisco Javier Quintero Lumbreras, autor de «La Curación por la Palabra en la República Dominicana»",1983,es,oficial-rd,M14,https://memoriahistorica.senadord.gob.do/bitstreams/38ec564d-fa8b-4099-8247-1464b39559e0/download | https://memoriahistorica.senadord.gob.do/items/7f6cb333-31c7-4d45-9606-a3aa96f92f99,pdf-en-linea,alta,"Decreto de condecoración del gobierno de Jorge Blanco. Los considerandos describen el trabajo del condecorado, un profesor de la Universidad de Alcalá de Henares, como estudio antropológico y psiquiátrico de «la medicina folklórica y nuestras supersticiones tradicionales». Fiabilidad alta: Colección oficial de decretos del año, escaneada en el archivo del Senado; la p. 1636 se leyó sobre la imagen"
96,autor-titulo,F-2384,primaria,"Jorge Blanco, Salvador (Presidente de la República Dominicana)","Colección de Leyes, Decretos y Resoluciones de los poderes Legislativo y Ejecutivo de la República Dominicana, 1982, tomo II, parte 2: Decreto n.º 348 (16-X-1982; G. O. n.º 9599, 1-XI-1982), que confirma a la Sra. Zaida Ginebra Vda. Lovatón como Presidente de la Comisión Nacional de Espectáculos Públicos y Radiofonía",1982,es,oficial-rd,M14,https://memoriahistorica.senadord.gob.do/bitstreams/0683011a-d620-4ee2-9549-e7d80ed29573/download | https://memoriahistorica.senadord.gob.do/items/25083c41-22c6-4a8c-aeec-902ce563e844,pdf-en-linea,alta,"Decreto de nombramiento, uno de varios sobre la Comisión en 1982 (otro, del 8-XII-1982, designa a Luis Manuel Pérez Olivo como Vicepresidente). Fiabilidad alta: Colección oficial de decretos del año, escaneada en el archivo del Senado; la cita se tomó del texto OCR (PDF pp. 447-448, repetido en pp. 769-770) sin cotejo sobre la imagen. Afirmaciones: A-201. Verificación: descargada-parcial (acceso: "
97,autor-titulo,F-2380,primaria,"Congreso Nacional; Jorge Blanco, Salvador (Presidente de la República Dominicana)","Colección de Leyes, Decretos y Resoluciones de los poderes Legislativo y Ejecutivo de la República Dominicana, 1984, tomo I: Ley n.º 248 (3-XII-1984; G. O. n.º 9651, 16-XII-1984), que designa con el nombre de «Palacio de Arte Casandra Damirón» el edificio de Radio Televisión Dominicana",1984,es,oficial-rd,M14,https://memoriahistorica.senadord.gob.do/bitstreams/c9ed25bc-ac43-4707-a8b1-c58f374a999f/download | https://memoriahistorica.senadord.gob.do/items/a0d4c247-9b62-4db9-b527-00e61da6a771,pdf-en-linea,alta,"Ley de nominación aprobada por la Cámara de Diputados (16-X-1984) y el Senado (20-XI-1984) y promulgada el 3-XII-1984. Sus considerandos son el único pasaje de ley de 1961-86 hallado que define en términos generales el «folklore» y la «dominicanidad» frente al «arte exótico». Fiabilidad alta: Colección oficial de leyes del año, escaneada en el archivo del Senado; las pp. 812-813 se leyeron sobre l"
97,autor-titulo,F-2890,primaria,"Congreso Nacional y Poder Ejecutivo de la República Dominicana (Trujillo Molina, Rafael L.)","Colección de Leyes, Decretos y Resoluciones emanadas de los poderes Legislativo y Ejecutivo de la República Dominicana, 1935: Ley n.º 821 (Censo Nacional, G. O. 4761), Ley n.º 901 (G. O. 4792) y Decreto n.º 1269 (día del censo de población, G. O. 4791)",1935,es,oficial-rd,M12;M13,https://memoriahistorica.senadord.gob.do/bitstreams/8adcf161-cd91-42ac-af90-8e46ebc9b992/download | https://memoriahistorica.senadord.gob.do/handle/123456789/70682 | https://memoriahistorica.senadord.gob.do/bitstreams/8e1b30d8-f012-4fa5-845f-5baeee946f12/download,pdf-en-linea,alta,"Compilación oficial de las leyes y decretos de 1935 (PDF de 194 MB en el portal «Memoria Histórica» del Senado). Completa a F-1317 (expedientes del Senado con el mensaje y los proyectos) con el texto promulgado, las fechas de Gaceta y el decreto que fija el día del censo de población. Fiabilidad alta: Texto oficial promulgado y con número de Gaceta; la lectura es de la capa OCR (ruidosa), sin cote"
98,autor-titulo,F-2385,primaria,"Congreso Nacional; Jorge Blanco, Salvador (Presidente de la República Dominicana)","Gaceta Oficial de la República Dominicana, Año CVI, nos. 9653-9676 (1985): Ley n.º 278 que declara obligatoria la presentación de artistas nacionales en todos aquellos lugares donde se presenten espectáculos públicos (mayo de 1985; p. impresa 997)",1985,es,oficial-rd,M14,https://memoriahistorica.senadord.gob.do/bitstreams/1093090f-802e-421f-be08-958a0d13e452/download | https://memoriahistorica.senadord.gob.do/items/92687c82-a0a0-4253-bce7-4e7a55dc55f2,pdf-en-linea,alta,"Ley de protección del trabajo de los artistas nacionales, promovida con la Asociación Nacional de Músicos, Cantantes, Bailarines, Locutores y Actores (AMUCABA). Fecha de promulgación: mayo de 1985 (el día 20 es lectura de OCR, POR VERIFICAR; el Senado la aprobó el 5-III-1985). Fiabilidad alta: Volumen encuadernado de la Gaceta Oficial de 1985 (1.386 páginas) del archivo del Senado; el visto y el a"
98,autor-titulo,F-2824,primaria,"Congreso Nacional de la República Dominicana; Victoria, Eladio (presidente)","Gaceta Oficial de la República Dominicana, Año XXIX, n.º 2295 (Santo Domingo, 11 de mayo de 1912): 'Ley sobre Inmigración' (promulgada por E. Victoria el 7-V-1912), en 'Gaceta Oficial... nos. 2259-2361 (Ene.-Dic. 1912)'",1912,es,oficial-rd,M11;M12,https://memoriahistorica.senadord.gob.do/bitstreams/c7eacaec-be61-4c87-9844-5201ad7a9f8c/download | https://memoriahistorica.senadord.gob.do/server/api/core/items/5b0d67af-9ff5-4013-b09e-a7961625c09b,pdf-en-linea,alta,"Ley aprobada por la Cámara de Diputados el 22-IV-1912 y por el Senado el 4-V-1912, promulgada por el presidente Eladio Victoria el 7-V-1912 y refrendada por el Secretario de Estado de Agricultura e Inmigración (Luis Pelletier, según la imagen de la p. 292);… Fiabilidad alta: Texto legal publicado en la Gaceta Oficial el 11-V-1912; artículos 1, 3, 4 y el bloque de fechas y firmas cotejados con la i"
99,autor-titulo,F-2419,primaria,"Duvalier, Jean-Claude (presidente vitalicio de Haití)","Jean-Claude Duvalier, «Discours et messages», t. 1 (21 de abril de 1971-abril de 1973): reunión de gabinete del 10 de diciembre de 1971",1971,fr,oficial-haiti,M14,https://dloc.com/AA00097018/00001 | https://ufdcimages.uflib.ufl.edu/AA/00/09/70/18/00001/Discours_Messages-JC-Duvalier-1971-1973_pdf.txt,texto-completo-en-linea,media,Tomo 1 de la serie impresa de discursos y mensajes de Jean-Claude Duvalier (Impr. H. Deschamps); solo los t. 1 y 2 (1971-1975) están digitalizados en dLOC (colección CIDIHCA). Discurso del 10-XII-1971 al gabinete y a la milicia (VSN). Fiabilidad media: Recopilación oficial de discursos (Impr. H. Deschamps) con OCR muy ruidoso; discurso de propaganda de un presidente de 20 años. Afirmaciones: A-197
99,autor-titulo,F-2420,primaria,"Duvalier, Jean-Claude (presidente vitalicio de Haití)","Jean-Claude Duvalier, «Discours et messages», t. 2 (21 de abril de 1973-abril de 1975): alocución del 20 de octubre de 1973 con motivo de la partida del embajador dominicano Jacinto Pérez Acosta",1973,fr,oficial-haiti,M14,https://dloc.com/AA00097018/00002 | https://ufdcimages.uflib.ufl.edu/AA/00/09/70/18/00002/Discours_Messages-JC-Duvalier-1973-1975_pdf.txt,texto-completo-en-linea,media,"Tomo 2 de la serie impresa (Impr. H. Deschamps), digitalizado por CIDIHCA/dLOC. Alocución de despedida al embajador de la RD ante Haití durante el gobierno de Balaguer. Fiabilidad media: Recopilación oficial con OCR ruidoso; el pasaje relevante se lee con claridad. Discurso de protocolo, no un contrato. Afirmaciones: A-194, A-195. Verificación: descargada-y-leida (acceso: texto-completo-en-linea)."
100,url,F-2427,primaria,"Whitaker, Benjamin; ONU, Subcomisión de Prevención de Discriminaciones y Protección de las Minorías","Updating of the Report on Slavery submitted to the Sub-Commission in 1966. Report by Mr. Benjamin Whitaker, Special Rapporteur (E/CN.4/Sub.2/1982/20, 5 de julio de 1982; partes primera y segunda)",1982,en,internacional,M14,https://documents.un.org/api/symbol/access?s=E/CN.4/Sub.2/1982/20&l=en&t=pdf,pdf-en-linea,alta,"Benjamin Whitaker (experto británico de la Subcomisión y miembro del Grupo de Trabajo sobre la Esclavitud) redactó esta actualización del informe de 1966 para el 35.º período de sesiones de la Subcomisión (Ginebra, 1982). Se apoya en respuestas de gobiernos, organismos y ONG (entre ellas la Anti-Slavery Society), no en… Fiabilidad alta: Documento oficial de un relator especial de la ONU, con apara"
100,autor-titulo+url,F-2428,primaria,"ONU, Grupo de Trabajo sobre la Esclavitud (Presidente-Relator: Abu Sayeed Chowdhury), Subcomisión de Prevención de Discriminaciones y Protección de las Minorías","Report of the Working Group on Slavery on its sixth session (E/CN.4/Sub.2/447, 20 de agosto de 1980)",1980,en,internacional,M14,https://documents.un.org/api/symbol/access?s=E/CN.4/Sub.2/447&l=en&t=pdf,pdf-en-linea,alta,"Informe del Grupo de Trabajo (cinco expertos de la Subcomisión) tras su período de sesiones de agosto de 1980 en Ginebra, con observaciones de la OIT y ONG (Anti-Slavery Society, Minority Rights Group). Resume intervenciones; la posición del miembro escéptico aparece sin nombre. Fiabilidad alta: Informe oficial de un órgano de expertos de la ONU que resume lo dicho en sesión; no hay constatación p"
100,autor-titulo+url,F-2429,primaria,"ONU, Grupo de Trabajo sobre la Esclavitud, Subcomisión de Prevención de Discriminaciones y Protección de las Minorías","Report of the Working Group on Slavery on its seventh session (E/CN.4/Sub.2/486, 21 de agosto de 1981)",1981,en,internacional,M14,https://documents.un.org/api/symbol/access?s=E/CN.4/Sub.2/486&l=en&t=pdf,pdf-en-linea,alta,"Informe del 7.º período de sesiones del Grupo de Trabajo (agosto de 1981) para el 34.º período de la Subcomisión. Documento de procedimiento: enumera la documentación recibida. Fiabilidad alta: Informe oficial de la ONU; el hallazgo es solo documental (lista de documentos), sin resumen del debate sobre la RD en el texto OCR. Afirmaciones: A-195. Verificación: descargada-y-leida (acceso: pdf-en-lin"
100,autor-titulo+url,F-2430,primaria,"ONU, Grupo de Trabajo sobre la Esclavitud, Subcomisión de Prevención de Discriminaciones y Protección de las Minorías","Report of the Working Group on Slavery on its eighth session (E/CN.4/Sub.2/1982/21, 20 de agosto de 1982)",1982,en,internacional,M14,https://documents.un.org/api/symbol/access?s=E/CN.4/Sub.2/1982/21&l=en&t=pdf,pdf-en-linea,alta,"Informe del 8.º período de sesiones del Grupo de Trabajo (agosto de 1982), el mismo mes en que el Gobierno dominicano anunció por carta que participaría en 1983. Recoge la nueva denuncia de la Anti-Slavery Society (AC.2/1982/5) y la posición de la OIT. Fiabilidad alta: Informe oficial de la ONU que resume intervenciones de ONG y de la OIT; sin comprobación independiente de los hechos. Afirmaciones"
100,autor-titulo+url,F-2431,primaria,"ONU, Grupo de Trabajo sobre la Esclavitud (Presidente-Relator: Abu Sayeed Chowdhury), Subcomisión de Prevención de Discriminaciones y Protección de las Minorías","Report of the Working Group on Slavery on its ninth session (E/CN.4/Sub.2/1983/27, 17 de agosto de 1983)",1983,en,internacional,M14,https://documents.un.org/api/symbol/access?s=E/CN.4/Sub.2/1983/27&l=en&t=pdf,pdf-en-linea,alta,"Informe del 9.º período del Grupo de Trabajo (Ginebra, 8-12 de agosto de 1983), el mismo año de la Comisión de Encuesta de la OIT. Whitaker figura entre los cinco expertos. Fiabilidad alta: Informe oficial de la ONU; vale como prueba de ausencia solo para lo que el informe resume. Afirmaciones: A-195. Verificación: descargada-y-leida (acceso: pdf-en-linea). F2 2026-10-07 (M14, ronda 2; lentes inte"
100,url,F-2438,primaria,"Organización de los Estados Americanos, Comité del Consejo (presidente: Alberto Zuleta Ángel, Colombia); transmitido por José A. Mora, Secretario General de la OEA","Preliminary Report of the Committee of the Council of the OAS acting provisionally as Organ of Consultation (OEA/Ser.G/IV C-i-633 Rev., 15 de agosto de 1963), transmitido al Consejo de Seguridad de la ONU en el documento S/5404 (28 de agosto de 1963)",1963,en,internacional,M14,https://documents.un.org/api/symbol/access?s=S/5404&l=en&t=pdf,pdf-en-linea,alta,"Comité del Consejo (firman cuatro embajadores: Colombia, Chile, Ecuador y El Salvador), creado tras la resolución del 28-IV-1963 y reunido los días 7, 8, 9, 12 y 14 de agosto de 1963 por la denuncia haitiana de la invasión del 4-5 de agosto. Se basa en las declaraciones de los embajadores de Haití y de la RD, no en… Fiabilidad alta: Informe oficial de un comité interamericano que recoge las dos ve"
100,url,F-2439,primaria,"Auguste, Carlet R. (Representante Permanente de Haití ante la ONU); Departamento de Información de Haití; Chalmers, René (canciller)","Letter dated 8 August 1963 from the representative of Haiti to the President of the Security Council: communiqué de 8-VIII-1963 del Departamento de Información de Haití (S/5391, 12 de agosto de 1963)",1963,en,oficial-haiti,M14,https://documents.un.org/api/symbol/access?s=S/5391&l=en&t=pdf,pdf-en-linea,media,"Documento del Consejo de Seguridad que transmite, en inglés y francés, el comunicado del Departamento de Información del Gobierno de Duvalier sobre el ataque del 4-5 de agosto de 1963 en el nordeste de Haití; escrito para la ONU con interés en acreditar la «agresión» dominicana. Fiabilidad media: Comunicado de una parte interesada (el régimen de Duvalier) en plena disputa; su versión de los hechos"
100,autor-titulo,F-2519,primaria,"Naciones Unidas, Comité para la Eliminación de la Discriminación Racial (CERD)","Concluding observations of the Committee on the Elimination of Racial Discrimination: Dominican Republic (CERD/C/DOM/CO/12, 16 de mayo de 2008), 72.º periodo de sesiones",2008,en,internacional,M15;M16,https://humanrts.umn.edu/country/dominicanrepublic2008.pdf,pdf-en-linea,alta,"Comité de 18 expertos independientes de la Convención sobre eliminación de la discriminación racial (Ginebra), que examinó los informes periódicos 9.º a 12.º de la República Dominicana con la delegación del Estado; las observaciones recogen información de ONG y del Estado; su interés es institucional (supervisión del tratado). Fiabilidad alta: Documento oficial de un órgano de tratado tras examina"
100,url,F-2585,primaria,"Naciones Unidas, Comité de Derechos Humanos","Comments of the Human Rights Committee: Dominican Republic (CCPR/C/79/Add.18, 5 de mayo de 1993): párr. 5",1993,en,internacional,M15,https://documents.un.org/api/symbol/access?s=CCPR/C/79/Add.18&l=en&t=pdf,pdf-en-linea,alta,"Comité de Derechos Humanos (Ginebra), tras el examen del tercer informe dominicano (CCPR/C/70/Add.3) en las sesiones 1213-1215 del 25-26-III-1993, aprobado el 8-IV-1993. Se basa en el informe del Estado y en el diálogo con la delegación dominicana (párr. 2). Fiabilidad alta: Documento oficial de la ONU leído completo (tres páginas) en su versión original inglesa; es la primera valoración de un órg"
100,url,F-2610,primaria,República Dominicana (informe del Gobierno al Comité de Derechos Humanos de la ONU),"Informes periódicos tercero y cuarto de la República Dominicana al Comité de Derechos Humanos (CCPR/C/DOM/99/3; fechado 29-IX-1999, publicado 27-IV-2000): párrs. 8, 10, 12, 14-15 y 67",1999,es,oficial-rd,M15;M16,https://documents.un.org/api/symbol/access?s=CCPR/C/DOM/99/3&l=es&t=pdf,pdf-en-linea,media,"Informe del Gobierno de Leonel Fernández (septiembre de 1999) a un órgano de tratados de la ONU, para ser examinado en 2001. Describe el marco jurídico de nacionalidad, inmigración y derechos políticos; las cifras sobre población haitiana son estimaciones oficiales sin base citada. La Secretaría de la ONU lo publicó el 27-IV-2000 sin edición. Fiabilidad media: Documento oficial del propio Gobierno"
100,url,F-2614,primaria,"Naciones Unidas, Comité de Derechos Humanos","Observaciones finales del Comité de Derechos Humanos: República Dominicana (CCPR/CO/71/DOM, 26 de abril de 2001): párrs. 4, 16 y 18",2001,es,internacional,M15;M16,https://documents.un.org/api/symbol/access?s=CCPR/CO/71/DOM&l=es&t=pdf,pdf-en-linea,alta,"Comité de Derechos Humanos (Ginebra), tras el examen del cuarto informe dominicano (23-III-3-IV-2001). Es un órgano de expertos independientes que revisa informes estatales y fuentes de ONG; el párr. 4 se apoya en «información recibida» (del Estado), no en comprobación propia. Fiabilidad alta: Documento oficial de la ONU leído completo en su versión original española; recoge lo que el Comité dice "
100,autor-titulo+url,F-2615,primaria,"Naciones Unidas, Comité de los Derechos del Niño","Concluding Observations of the Committee on the Rights of the Child: Dominican Republic (CRC/C/15/Add.150, 21 de febrero de 2001): párr. 26 (inscripción del nacimiento)",2001,en,internacional,M15;M16,https://documents.un.org/api/symbol/access?s=CRC/C/15/Add.150&l=en&t=pdf,pdf-en-linea,alta,"Comité de los Derechos del Niño (Ginebra), 26.º período de sesiones, tras examinar el informe inicial dominicano en enero de 2001. Es anterior en cuatro años a la sentencia Yean y Bosico y coetáneo del informe 28/01 de la CIDH. Fiabilidad alta: Documento oficial de la ONU leído completo en su versión original inglesa; recoge preocupaciones basadas en el informe del Estado y en información de ONG, "
100,url,F-2616,primaria,República Dominicana (Gobierno de Hipólito Mejía; canciller Hugo Tolentino Dipp),"Comentarios del Gobierno de la República Dominicana a las observaciones finales del Comité de Derechos Humanos (CCPR/CO/71/DOM/Add.1, 28 de mayo de 2002): párrs. 45, 56, 59, 61 y 62",2002,es,oficial-rd,M15;M16,https://documents.un.org/api/symbol/access?s=CCPR/CO/71/DOM/Add.1&l=es&t=pdf,pdf-en-linea,media,"Respuesta del Gobierno del PRD (presidente Hipólito Mejía, partido de Peña Gómez) a las observaciones finales de 2001. Habla en nombre del Estado sobre la política migratoria, el registro de nacimientos, el concepto de «tránsito» y el acuerdo con Haití de enero de 2002. Interés: matizar la crítica del Comité y presentar al Gobierno actual como ruptura con el antihaitianismo balaguerista. Fiabilida"
100,autor-titulo+url,F-2629,primaria,"Naciones Unidas, Secretario General (Ban Ki-moon)","Report of the Secretary-General on the United Nations Stabilization Mission in Haiti (S/2010/200, 22 de febrero de 2010): párrs. 8-9 (respuesta humanitaria al terremoto)",2010,en,internacional,M15,https://documents.un.org/api/symbol/access?s=S/2010/200&l=en&t=pdf,pdf-en-linea,alta,"Informe trimestral de la Secretaría de la ONU sobre MINUSTAH, redactado seis semanas después del terremoto del 12-I-2010 con información de la misión y de la OCHA. No hace un inventario de donantes y no atribuye primacías. Fiabilidad alta: Informe oficial del Secretario General al Consejo de Seguridad, leído en el PDF original; descripción agregada, sin atribuir ayudas por país. Afirmaciones que t"
100,autor-titulo+url,F-2630,primaria,"Naciones Unidas, Secretario General (Ban Ki-moon)","Report of the Secretary-General on the United Nations Stabilization Mission in Haiti (S/2010/446, 1 de septiembre de 2010): párr. 22 (carta de intención policial dominico-haitiana de 6-VIII-2010)",2010,en,internacional,M15;M16,https://documents.un.org/api/symbol/access?s=S/2010/446&l=en&t=pdf,pdf-en-linea,alta,"Informe trimestral de la Secretaría de la ONU sobre MINUSTAH (1-IX-2010), con información de la policía de la misión sobre la cooperación entre los dos países tras el terremoto. Fiabilidad alta: Informe oficial del Secretario General al Consejo de Seguridad, leído en el PDF original; recoge un hecho verificable (fecha, firmantes) sin valoración. Afirmaciones que toca: A-205. Verificación descargad"
101,autor-titulo,F-2432,primaria,"ONU, Secretario General; República Dominicana","Question of slavery and the slave trade in all their practices and manifestations, including the slavery-like practices of apartheid and colonialism (E/CN.4/Sub.2/AC.2/44): nota del Secretario General con comentarios de la República Dominicana. Ficha de la Biblioteca Digital de la ONU, registro 21994 (7 de mayo de 1981, 6 pp.)",1981,en,internacional,M14,https://digitallibrary.un.org/record/21994?ln=en,localizada-bloqueada,alta,"Registro del catálogo de la Biblioteca Digital de la ONU (Ginebra). Se leyó con el navegador del panel (curl y WebFetch reciben 202/403 del desafío del servidor); el registro no tiene archivos adjuntos y la API de documents.un.org devuelve la página de error de ODS para este símbolo. Fiabilidad alta: Ficha oficial del catálogo de la ONU (existencia, fecha, extensión y tema del documento); el texto"
101,autor-titulo,F-2433,primaria,"ONU, Secretario General; Anti-Slavery Society (Reino Unido)","Question of slavery and the slave trade in all their practices and manifestations, including the slavery-like practices of apartheid and colonialism (E/CN.4/Sub.2/AC.2/1982/5): información recibida de ONG: nota del Secretario General. Ficha de la Biblioteca Digital de la ONU, registro 34547 (17 de junio de 1982, 6 pp.)",1982,en,internacional,M14,https://digitallibrary.un.org/record/34547?ln=en,localizada-bloqueada,alta,"Registro del catálogo de la Biblioteca Digital de la ONU (Ginebra). Se leyó con el navegador del panel (curl y WebFetch reciben 202/403 del desafío del servidor); el registro no tiene archivos adjuntos y la API de documents.un.org devuelve la página de error de ODS para este símbolo. Fiabilidad alta: Ficha oficial del catálogo de la ONU (existencia, fecha, extensión y tema del documento); el texto"
102,url,F-2440,primaria,"Organización Internacional del Trabajo, Comisión de Aplicación de Normas de la Conferencia Internacional del Trabajo (73.ª reunión, junio de 1987)","NORMLEX, Individual Case (CAS) - Discussion: 1987, Publication: 73rd ILC session (1987): Abolition of Forced Labour Convention, 1957 (No. 105) - Dominican Republic",1987,en,internacional,M14,"https://normlex.ilo.org/dyn/nrmlx_en/f?p=1000:13100:0::NO:13100:P13100_COMMENT_ID,P13100_COUNTRY_ID:2554558,102930",texto-completo-en-linea,alta,"Actas resumidas de la Comisión de Aplicación de Normas (Gobierno dominicano, miembros trabajadores y empleadores) sobre los Convenios 95, 98 y 105 en la RD, un año después de la zafra de 1986, para la que la Memoria de la Cancillería registra un contrato del CEA con Haití (ronda 1). El texto aparece bajo C105 con la… Fiabilidad alta: Resumen oficial, tripartito y contemporáneo de una discusión de "
102,url,F-2441,primaria,"Organización Internacional del Trabajo, Comisión de Aplicación de Normas de la Conferencia Internacional del Trabajo (75.ª reunión, junio de 1988)","NORMLEX, Individual Case (CAS) - Discussion: 1988, Publication: 75th ILC session (1988): Abolition of Forced Labour Convention, 1957 (No. 105) - Dominican Republic",1988,en,internacional,M14,"https://normlex.ilo.org/dyn/nrmlx_en/f?p=1000:13100:0::NO:13100:P13100_COMMENT_ID,P13100_COUNTRY_ID:2554312,102930",texto-completo-en-linea,alta,"Actas resumidas de la discusión de 1988, la primera después del regreso de Balaguer al poder (16-VIII-1986), con la oferta del Gobierno de aceptar una misión de contactos directos. Intervienen el Gobierno dominicano, el de Haití, los miembros trabajadores y empleadores y un trabajador dominicano y otro de EE.UU. Se leyó con… Fiabilidad alta: Resumen oficial tripartito de la OIT; el reconocimiento "
102,url,F-2442,primaria,"Organización Internacional del Trabajo, Comisión de Aplicación de Normas; República Dominicana (información comunicada por el Gobierno)","NORMLEX, Individual Case (CAS) - Discussion: 1989, Publication: 76th ILC session (1989): Abolition of Forced Labour Convention, 1957 (No. 105) - Dominican Republic (información comunicada por el Gobierno y discusión)",1989,en,internacional,M14,"https://normlex.ilo.org/dyn/nrmlx_en/f?p=1000:13100:0::NO:13100:P13100_COMMENT_ID,P13100_COUNTRY_ID:2554159,102930",texto-completo-en-linea,media,"Respuesta escrita del Gobierno de Balaguer a las observaciones de la CEACR y a las denuncias de la CGT (1989), seguida de la discusión de la Comisión. Describe cómo se recluta ya sin convenio bilateral. Se leyó con el navegador del panel; el texto continúa más allá de lo citado. Fiabilidad media: La información es del Gobierno dominicano ante la OIT (parte interesada, tres años después de los hech"
103,autor-titulo,F-2508,primaria,"Alexandre, Guy; Dominique, Jean L. (Jean Léopold) (entrevista)","Face à l'Opinion : Anbasadè Guy Alexandre sou Rapatriman Ayisyen nan Dominikani, 22 me 1996 (1) y (2) (Radio Haïti-Inter)",1996,ht,haitiana,M15,https://api.dloc.patron.uflib.ufl.edu/AA00071585/00001/citation?format=json,fragmento-busqueda,media,"Radio Haïti-Inter, emisora privada de Puerto Príncipe dirigida por Jean L. Dominique (asesinado el 3-IV-2000 [POR VERIFICAR]); grabaciones conservadas por Duke University Libraries (Radio Haiti Archive, colección RL10059) y reflejadas en la Digital Library of the Caribbean (dLOC) con licencia CC BY-NC-SA 4.0 según el registro. Fiabilidad media: Resumen de catalogador de una grabación primaria de u"
103,autor-titulo,F-2685,primaria,"Alexandre, Guy (embajador de Haití en la República Dominicana); Dominique, Jean L. (entrevistador)",Face à l'Opinion: Anbasadè Guy Alexandre nan Repiblik Dominiken. Ayiti/Repiblik Dominiken (1) y (2) (Radio Haïti-Inter; Duke RL10059-CS-0205_01/_02 = dLOC AA00071402/AA00071403; fecha no consignada),s.f. (¿1995-1997?),ht,haitiana,M15,https://api.dloc.patron.uflib.ufl.edu/AA00071402/00001/citation?format=json,fragmento-busqueda,media,"Entrevista de Jean Dominique (Radio Haïti-Inter) al embajador haitiano Guy Alexandre sobre la mejora de las relaciones con la RD pese a noticias de violencia contra haitianos y sobre repatriaciones. Ni dLOC ni el Duke consignan fecha; los temas asignados ('Démobilisation des Forces Armées d'Haïti', 'Elimination of Haitian army') apuntan a 1995-1996 [POR VERIFICAR]. Alexandre habla como diplomático"
104,autor-titulo,F-2553,secundaria,"Espinal, Rosario; Morgan, Jana; Seligson, Mitchell A. (coord.); LAPOP / Vanderbilt University","Cultura política de la democracia en República Dominicana y en las Américas, 2012: hacia la igualdad de oportunidades (Barómetro de las Américas, LAPOP, Vanderbilt University, abril de 2013)",2013,es,internacional,M15;M16,https://www.vanderbilt.edu/lapop/dr/DR_Country_Report_2012_V3_revised_W.pdf,pdf-en-linea,alta,"Rosario Espinal (Temple University) y Jana Morgan (University of Tennessee) para LAPOP (Vanderbilt), con apoyo de USAID; datos recogidos por Gallup República Dominicana en la ronda de 2012 (el trabajo de campo de toda la ronda fue de enero a principios de mayo de 2012; las fechas dominicanas exactas [POR VERIFICAR]). Fiabilidad alta: Encuesta de hogares con muestra probabilística multietápica de u"
104,autor-titulo,F-2784,primaria,"Espinal, Rosario; Morgan, Jana; Boidi, María Fernanda; Zechmeister, Elizabeth J. (LAPOP / Vanderbilt University)","Cultura política de la democracia en la República Dominicana, 2016/17 (Barómetro de las Américas, LAPOP), cap. 5 §V «Raza», Gráfico 5.22 «Identidad étnica, República Dominicana 2016»",2017,es,internacional,M15;M16,https://www.vanderbilt.edu/lapop/dr/AB2016-17_Dominican_Republic_Country_Report_W_12.11.17.pdf,pdf-en-linea,alta,"LAPOP (Vanderbilt) con USAID, diciembre de 2017. Posterior al módulo: se incluye como cuarto punto de la serie ETID. Los autores añaden una frase interpretativa que cita a Candelario (2007) sobre la negación de la negritud. Descargado con curl (HTTP 200, 5,8 MB). Fiabilidad alta: Informe oficial de la ronda 2016/17 del Barómetro de las Américas, con la misma pregunta ETID; el n exacto de la RD no "
105,autor-titulo,F-2578,primaria,Libète (redacción; fundador y director: Jean-Yves Urfié),"Libète (semanario en kreyòl, Delmas), n.º 30, 19 de junio de 1991",1991,ht,haitiana,M15,https://ufdcimages.uflib.ufl.edu/AA/00/09/20/61/00030/06-19-1991_pdf.txt,texto-completo-en-linea,media,"Libète, semanario en kreyòl fundado en noviembre de 1990 por el padre Jean-Yves Urfié y publicado en Delmas (Puerto Príncipe); según la nota de las bibliotecas del MIT, independiente de partidos, con cerca del 70 % de su distribución en provincias. Escribe para un público haitiano popular desde una posición pro-democrática (en los pasajes leídos es crítico de Balaguer y de los gobiernos haitianos "
105,autor-titulo,F-2579,primaria,Libète (redacción; fundador y director: Jean-Yves Urfié),"Libète (semanario en kreyòl, Delmas), n.º 31, 26 de junio de 1991",1991,ht,haitiana,M15,https://ufdcimages.uflib.ufl.edu/AA/00/09/20/61/00031/06-26-1991_pdf.txt,texto-completo-en-linea,media,"Libète, semanario en kreyòl fundado en noviembre de 1990 por el padre Jean-Yves Urfié y publicado en Delmas (Puerto Príncipe); según la nota de las bibliotecas del MIT, independiente de partidos, con cerca del 70 % de su distribución en provincias. Escribe para un público haitiano popular desde una posición pro-democrática (en los pasajes leídos es crítico de Balaguer y de los gobiernos haitianos "
105,autor-titulo,F-2580,primaria,Libète (redacción; fundador y director: Jean-Yves Urfié),"Libète (semanario en kreyòl, Delmas), n.º 32, 3 de julio de 1991",1991,ht,haitiana,M15,https://ufdcimages.uflib.ufl.edu/AA/00/09/20/61/00032/07-03-1991_pdf.txt,texto-completo-en-linea,media,"Libète, semanario en kreyòl fundado en noviembre de 1990 por el padre Jean-Yves Urfié y publicado en Delmas (Puerto Príncipe); según la nota de las bibliotecas del MIT, independiente de partidos, con cerca del 70 % de su distribución en provincias. Escribe para un público haitiano popular desde una posición pro-democrática (en los pasajes leídos es crítico de Balaguer y de los gobiernos haitianos "
105,autor-titulo,F-2581,primaria,Libète (redacción; fundador y director: Jean-Yves Urfié),"Libète (semanario en kreyòl, Delmas), n.º 33, 10 de julio de 1991",1991,ht,haitiana,M15,https://ufdcimages.uflib.ufl.edu/AA/00/09/20/61/00033/07-10-1991_pdf.txt,texto-completo-en-linea,media,"Libète, semanario en kreyòl fundado en noviembre de 1990 por el padre Jean-Yves Urfié y publicado en Delmas (Puerto Príncipe); según la nota de las bibliotecas del MIT, independiente de partidos, con cerca del 70 % de su distribución en provincias. Escribe para un público haitiano popular desde una posición pro-democrática (en los pasajes leídos es crítico de Balaguer y de los gobiernos haitianos "
105,autor-titulo,F-2582,primaria,Libète (redacción; fundador y director: Jean-Yves Urfié),"Libète (semanario en kreyòl, Delmas), n.º 39, 28 de agosto de 1991",1991,ht,haitiana,M15,https://ufdcimages.uflib.ufl.edu/AA/00/09/20/61/00039/08-28-1991_pdf.txt,texto-completo-en-linea,media,"Libète, semanario en kreyòl fundado en noviembre de 1990 por el padre Jean-Yves Urfié y publicado en Delmas (Puerto Príncipe); según la nota de las bibliotecas del MIT, independiente de partidos, con cerca del 70 % de su distribución en provincias. Escribe para un público haitiano popular desde una posición pro-democrática (en los pasajes leídos es crítico de Balaguer y de los gobiernos haitianos "
105,autor-titulo,F-2583,primaria,Libète (redacción; fundador y director: Jean-Yves Urfié),"Libète (semanario en kreyòl, Delmas), n.º 42, 18 de septiembre de 1991",1991,ht,haitiana,M15,https://ufdcimages.uflib.ufl.edu/AA/00/09/20/61/00042/09-18-1991_pdf.txt,texto-completo-en-linea,media,"Libète, semanario en kreyòl fundado en noviembre de 1990 por el padre Jean-Yves Urfié y publicado en Delmas (Puerto Príncipe); según la nota de las bibliotecas del MIT, independiente de partidos, con cerca del 70 % de su distribución en provincias. Escribe para un público haitiano popular desde una posición pro-democrática (en los pasajes leídos es crítico de Balaguer y de los gobiernos haitianos "
105,autor-titulo,F-2586,primaria,Libète (redacción; fundador y director: Jean-Yves Urfié),"Libète (semanario en kreyòl, Delmas), n.º 90, 18 de mayo de 1994",1994,ht,haitiana,M15,https://ufdcimages.uflib.ufl.edu/AA/00/09/20/61/00090/05-18-1994_pdf.txt,texto-completo-en-linea,media,"Libète, semanario en kreyòl fundado en noviembre de 1990 por el padre Jean-Yves Urfié y publicado en Delmas (Puerto Príncipe); según la nota de las bibliotecas del MIT, independiente de partidos, con cerca del 70 % de su distribución en provincias. Escribe para un público haitiano popular desde una posición pro-democrática (en los pasajes leídos es crítico de Balaguer y de los gobiernos haitianos "
105,autor-titulo,F-2595,primaria,Libète (redacción; fundador y director: Jean-Yves Urfié),"Libète (semanario en kreyòl, Delmas), n.º 191, 22 de mayo de 1996",1996,ht,haitiana,M15,https://ufdcimages.uflib.ufl.edu/AA/00/09/20/61/00191/05-22-1996_pdf.txt,texto-completo-en-linea,media,"Libète, semanario en kreyòl fundado en noviembre de 1990 por el padre Jean-Yves Urfié y publicado en Delmas (Puerto Príncipe); según la nota de las bibliotecas del MIT, independiente de partidos, con cerca del 70 % de su distribución en provincias. Escribe para un público haitiano popular desde una posición pro-democrática (en los pasajes leídos es crítico de Balaguer y de los gobiernos haitianos "
105,autor-titulo,F-2596,primaria,Libète (redacción; fundador y director: Jean-Yves Urfié),"Libète (semanario en kreyòl, Delmas), n.º 197, 3 de julio de 1996",1996,ht,haitiana,M15,https://ufdcimages.uflib.ufl.edu/AA/00/09/20/61/00197/07-03-1996_pdf.txt,texto-completo-en-linea,media,"Libète, semanario en kreyòl fundado en noviembre de 1990 por el padre Jean-Yves Urfié y publicado en Delmas (Puerto Príncipe); según la nota de las bibliotecas del MIT, independiente de partidos, con cerca del 70 % de su distribución en provincias. Escribe para un público haitiano popular desde una posición pro-democrática (en los pasajes leídos es crítico de Balaguer y de los gobiernos haitianos "
105,autor-titulo,F-2605,primaria,Libète (redacción; fundador y director: Jean-Yves Urfié),"Libète (semanario en kreyòl, Delmas), n.º 225, 22 de enero de 1997",1997,ht,haitiana,M15,https://ufdcimages.uflib.ufl.edu/AA/00/09/20/61/00224/01-22-1997_pdf.txt,texto-completo-en-linea,media,"Libète, semanario en kreyòl fundado en noviembre de 1990 por el padre Jean-Yves Urfié y publicado en Delmas (Puerto Príncipe); según la nota de las bibliotecas del MIT, independiente de partidos, con cerca del 70 % de su distribución en provincias. Escribe para un público haitiano popular desde una posición pro-democrática (en los pasajes leídos es crítico de Balaguer y de los gobiernos haitianos "
105,autor-titulo,F-2606,primaria,Libète (redacción; fundador y director: Jean-Yves Urfié),"Libète (semanario en kreyòl, Delmas), n.º 229, 26 de febrero de 1997",1997,ht,haitiana,M15,https://ufdcimages.uflib.ufl.edu/AA/00/09/20/61/00228/02-26-1997_pdf.txt,texto-completo-en-linea,media,"Libète, semanario en kreyòl fundado en noviembre de 1990 por el padre Jean-Yves Urfié y publicado en Delmas (Puerto Príncipe); según la nota de las bibliotecas del MIT, independiente de partidos, con cerca del 70 % de su distribución en provincias. Escribe para un público haitiano popular desde una posición pro-democrática (en los pasajes leídos es crítico de Balaguer y de los gobiernos haitianos "
105,autor-titulo,F-2608,primaria,Libète (redacción; fundador y director: Jean-Yves Urfié),"Libète (semanario en kreyòl, Delmas), n.º 291, 13 de mayo de 1998",1998,ht,haitiana,M15,https://ufdcimages.uflib.ufl.edu/AA/00/09/20/61/00290/05-13-1998_pdf.txt,texto-completo-en-linea,media,"Libète, semanario en kreyòl fundado en noviembre de 1990 por el padre Jean-Yves Urfié y publicado en Delmas (Puerto Príncipe); según la nota de las bibliotecas del MIT, independiente de partidos, con cerca del 70 % de su distribución en provincias. Escribe para un público haitiano popular desde una posición pro-democrática (en los pasajes leídos es crítico de Balaguer y de los gobiernos haitianos "
106,autor-titulo,F-2627,primaria,Centro de Estudios Sociales y Demográficos (CESDEM); Macro International Inc. (MEASURE DHS),"Encuesta Sociodemográfica y sobre VIH/SIDA en los Bateyes Estatales de la República Dominicana 2007 (BATEYES 2007), informe final (DHS FR212)",2008,es,cientifica,M15;M16,https://dhsprogram.com/pubs/pdf/FR212/FR212.pdf,pdf-en-linea,alta,"CESDEM (centro dominicano de demografía) con Macro International, financiada por USAID, el Banco Mundial y el Fondo Global, hecha en paralelo (pero de forma independiente) a la ENDESA 2007 y publicada en junio de 2008. Marco: 209 bateyes y unos 28.855 hogares de los ingenios del CEA; 114 conglomerados y 25 viviendas por conglomerado (2.850 viviendas); 2.540 hogares, 1.575 mujeres de 15-49 y 1.820 "
106,autor-titulo,F-2780,primaria,Centro de Estudios Sociales y Demográficos (CESDEM); ICF International (Programa DHS),"Encuesta Sociodemográfica y sobre VIH/SIDA en los Bateyes Estatales de la República Dominicana 2013 (BATEYES 2013): informe final (§2.1.3, Cuadro 2.3 y Cuadro 2.4; cobertura)",2015,es,cientifica,M15;M16,https://www.dhsprogram.com/pubs/pdf/FR303/FR303.pdf,pdf-en-linea,alta,"CESDEM con ICF International, enero de 2015, realizada en paralelo (e independiente) de la ENDESA 2013; misma batería que BATEYES 2007 (FR212, ya registrada). Posterior al módulo; se incluye porque da el segundo punto de comparación de los bateyes para A-203/A-204 y A-210 (el DHS no publicó la encuesta de bateyes de 2002: el catálogo de la API del DHS para la RD lista solo FR212 y FR303). Se desca"
107,url,F-2670,primaria,"El Caribe (Editora del Caribe), editorial sin firma","Acusación Ominosa (2) (editorial de El Caribe, 5-II-1991, p. 6)",1991,es,dominicana,M15,https://dloc.com/AA00113834/00900,texto-completo-en-linea,media,"Segundo editorial de la serie «Acusación ominosa» de El Caribe, publicado el 5-II-1991, tras el informe anual de derechos humanos del Departamento de Estado de EE. UU. (despacho de EFE publicado el sábado anterior) que recogía las denuncias de Americas Watch, y cuando el Subcomité del SGP debía decidir en abril sobre las preferencias comerciales. Dirigido a la opinión pública dominicana; interés: "
107,url,F-2671,primaria,"Hernández Rueda, Lupo (jurista y político dominicano; perfil completo [POR VERIFICAR])","El Informe del Departamento de Estado (artículo de Lupo Hernández Rueda, El Caribe, 5-II-1991, p. 6)",1991,es,dominicana,M15,https://dloc.com/AA00113834/00900,texto-completo-en-linea,media,"Artículo de opinión de Lupo Hernández Rueda en la misma página que el editorial «Acusación Ominosa (2)», escrito tras el informe anual del Departamento de Estado de EE. UU. de 1990 (despacho de EFE del sábado anterior). Dirigido al público dominicano; interés: demostrar que el Gobierno de Balaguer había cambiado su política con los braceros (decretos 404-90 y 417-90, contrato individual, regulariz"
108,autor-titulo,F-2673,primaria,"República Dominicana, Cámara de Diputados (presidente: Julio César Valentín Jiminián); proponente principal: Víctor Orlando Bisonó Haza (PRSC), con diputados de PRSC, PLD y PRD","Boletín de la Cámara de Diputados, Primera Legislatura Ordinaria del año 2007, tomo III (sesiones del 11-IV al 15-V-2007), Acta n.º 21, sesión extraordinaria del 15-V-2007, pp. 1104-1112: resolución que condena la «campaña de descrédito y difamación» que acusa a la industria azucarera de prácticas esclavistas (Iniciativa 04005-2006-2010-CD)",2007,es,oficial-rd,M15,https://camaradediputados.gob.do/download/192/primera-legislatura-ordinaria-2007/4929/primera-legislatura-ordinaria-del-an%cc%83o-2007-tomo-iii.pdf,pdf-en-linea,alta,"Boletín n.º 460 de la Cámara de Diputados (período 2006-2010), editado en Santo Domingo en 2020 a partir de las actas taquigráficas de 2007. El Acta 21 recoge una sesión extraordinaria de una hora (3:58 a 4:57 de la tarde) convocada dos días antes del estreno previsto de «El precio del azúcar» (The Price of Sugar, de Bill Haney). Los proponentes quieren responder a una campaña que, dicen, acusa a "
108,autor-titulo,F-2674,primaria,"República Dominicana, Cámara de Diputados; proponente: Agne Berenice Contreras Valenzuela (PRSC); informe de la Comisión Permanente de Asuntos Fronterizos (presidente: Pablo Inocencio Santana Díaz)","Boletín de la Cámara de Diputados, Segunda Legislatura Extraordinaria del año 2007 (sesiones del 31-VII al 2-VIII-2007, n.º 462), Acta n.º 3 (2-VIII-2007), punto 8.3, pp. 160-162: proyecto de resolución para «frenar el masivo paso de haitianos por vía terrestre» (Iniciativa 00515-2006-2010-CD)",2007,es,oficial-rd,M15,https://camaradediputados.gob.do/download/195/segunda-legislatura-extraordinaria-2007/4947/segunda-legislatura-extraordinaria-del-an%cc%83o-2007.pdf,pdf-en-linea,alta,"Boletín n.º 462 de la Cámara de Diputados (editado en 2020). El punto 8.3 recoge un proyecto presentado el 8-IX-2003 (período 2002-2006) y reintroducido en 2006-2010, con informe favorable con modificaciones de la Comisión de Asuntos Fronterizos y debate del 2-VIII-2007. Interés de la proponente: freno a la inmigración haitiana terrestre, combate al tráfico de personas y a la entrega de cédulas do"
109,autor-titulo,F-2688,primaria,"Joseph, Carol (director general de la Office National de la Migration, ONM); Dominique, Jean L. (entrevistador)","Face à l'Opinion: Carol Joseph sou migrasyon (1) y (2) (Radio Haïti-Inter, 4-XII-1997; dLOC AA00072030/AA00072031)",1997,ht,oficial-haiti,M15,https://api.dloc.patron.uflib.ufl.edu/AA00072030/00001/citation?format=json,fragmento-busqueda,media,"Entrevista de Jean Dominique al director general de la ONM, organismo estatal haitiano que recibe a los repatriados y coordina con la OIM; emitida el 4-XII-1997. Joseph habla como funcionario del gobierno de Préval. Fiabilidad media: Resumen de catalogador de una entrevista a un alto funcionario migratorio haitiano; es la posición oficial de la ONM solo en resumen, sin texto. Afirmaciones que toca"
109,autor-titulo,F-2689,primaria,"Joseph, Carol (director de la ONM); Dominique, Jean L. (entrevistador)","Face à l'Opinion: Carol Joseph, Office National de la Migration (1) y (2) (Radio Haïti-Inter, 30-VII-1998; dLOC AA00072198/AA00072199)",1998,ht,oficial-haiti,M15,https://api.dloc.patron.uflib.ufl.edu/AA00072198/00001/citation?format=json,fragmento-busqueda,media,"Entrevista de Jean Dominique al director de la ONM el 30-VII-1998, un año antes de las expulsiones masivas de 1999, sobre el aumento de repatriaciones y deportaciones de haitianos desde EE.UU., Bahamas y la RD y sobre el recorte del presupuesto de la ONM. Fiabilidad media: Resumen de catalogador de una entrevista a un alto funcionario migratorio haitiano; solo resumen. Afirmaciones que toca: A-210"
110,autor-titulo,F-2777,primaria,"Centro de Estudios Sociales y Demográficos (CESDEM); Macro International Inc. (MEASURE DHS); redacción: Molina Achécar, Maritza; Ramírez, Nelson; Polanco, Juan José; Quiterio, Gisela","Encuesta Demográfica y de Salud (ENDESA) 2007, República Dominicana: informe final (cap. 1, diseño y cobertura de la muestra; cap. 2, §2.1.6 «Posesión de acta de nacimiento y cédula de identidad» y Cuadro 2.7.1)",2008,es,cientifica,M15,https://dhsprogram.com/pubs/pdf/FR205/FR205.pdf,pdf-en-linea,alta,"CESDEM (Santo Domingo) con asistencia técnica de Macro International (programa MEASURE DHS); financiada por USAID, COPRESIDA (fondos del Banco Mundial y del Fondo Global) y CERSS; informe de mayo de 2008. Escrita para el sector salud y los donantes, no para el debate migratorio. Primera mano para 2007; corre en paralelo (e independiente) de la encuesta de bateyes BATEYES 2007 (FR212). Se descargó "
110,autor-titulo,F-2779,primaria,Centro de Estudios Sociales y Demográficos (CESDEM); ICF International (Programa DHS); Ministerio de Salud Pública,"Encuesta Demográfica y de Salud (ENDESA) 2013, República Dominicana: informe final (§2.1.3 «Posesión de acta de nacimiento y cédula de identidad», Cuadro 2.3; cobertura)",2014,es,cientifica,M15;M16,https://www.dhsprogram.com/pubs/pdf/FR292/FR292.pdf,pdf-en-linea,alta,"CESDEM en coordinación con el Ministerio de Salud Pública, asistencia técnica de ICF International, octubre de 2014; financiada por USAID, MSP, Fondo Global y PEPFAR/CDC. Es posterior al módulo (2013, un año después del TC/0168/13): se incluye solo como continuación de la serie ENDESA 2002-2007-2013 para A-203/A-204. Se descargó con curl (HTTP 200, 4,3 MB). Fiabilidad alta: Encuesta nacional DHS p"
111,autor-titulo,F-2820,primaria,"Gobierno Militar de Santo Domingo (Knapp, H. S.)","Colección de órdenes ejecutivas del núm. 1 al 16 inclusives y reglamentos administrativos del 1 al 7 inclusives: de noviembre 29, 1916 hasta diciembre 31, 1917 (Santo Domingo, 1918; incluye la Proclama de ocupación, G. O. núm. 2758, y la O. E. 47 sobre la Guardia Nacional Dominicana)",1918,es,oficial-eeuu,M12,https://memoriahistorica.senadord.gob.do/bitstreams/b0aef0c0-ac44-4900-b7db-3ebbb187f31e/download | https://memoriahistorica.senadord.gob.do/server/api/core/items/63a76e03-5c71-467e-a3aa-4bfe437556cd,pdf-en-linea,alta,"Colección impresa en 1918 por el propio Gobierno Militar (capitán/contraalmirante Knapp) con las órdenes ejecutivas y avisos en español e inglés; digitalizada por el Senado de la RD (Memoria Histórica, 70,8 MB). Fiabilidad alta: Edición oficial de las órdenes del Gobierno Militar tal como se publicaron en la Gaceta Oficial (texto bilingüe es/en), digitalizada por el Senado dominicano; el OCR del P"
111,autor-titulo,F-2821,primaria,"Gobierno Militar de Santo Domingo (Knapp; Pendleton, interino)","Colección de órdenes ejecutivas del núm. 117 al 248 inclusive y reglamentos administrativos del 8 al 13 inclusives: de enero 1, 1918 hasta diciembre 31, 1918 (Santo Domingo, 1919)",1919,es,oficial-eeuu,M12,https://memoriahistorica.senadord.gob.do/bitstreams/6887cf7b-d112-4624-8279-822f863ffb5a/download | https://memoriahistorica.senadord.gob.do/server/api/core/items/62366e29-ad33-4c32-93fa-c1b2714c55c9,pdf-en-linea,alta,"Colección anual de las órdenes ejecutivas de 1918 (O. E. 117-248) impresa en 1919; contiene la enmienda al presupuesto de 1918 (O. E. 139, 17-III-1918) que añade el personal de la 'Guardia de Fronteras', y la O. E. 154 sobre extradición a Haití. Fiabilidad alta: Edición oficial del Gobierno Militar con capa de texto; las partidas citadas se cotejaron con la imagen de la página. Afirmaciones: A-157"
111,autor-titulo,F-2822,primaria,"Gobierno Militar de Santo Domingo (Fuller, interino; Snowden)","Colección de órdenes ejecutivas del núm. 249 al 380 inclusive: de enero 1, 1919 hasta diciembre 31, 1919 (Santo Domingo, 1920; O. E. 259, 268, 278 y 372)",1920,es,oficial-eeuu,M12;M13,https://memoriahistorica.senadord.gob.do/bitstreams/887b0b48-6476-45d5-8601-e04ac9725e75/download | https://memoriahistorica.senadord.gob.do/server/api/core/items/a09adfcb-d33c-45c3-bb7f-c1a3041cfc1a | https://do.vlex.com/vid/ley-n-259-relativa-840870851,pdf-en-linea,alta,"Colección anual del Gobierno Militar (contraalmirante Thomas Snowden desde el 25-II-1919, que además asumió 'la Representación Militar de los Estados Unidos en Haití', O. E. 268). Fiabilidad alta: Edición oficial en español e inglés de las órdenes de 1919; las O. E. 259 y 372 se cotejaron visualmente con la imagen de la página (OCR propio) y la O. E. 259 también con el texto OCR de vLex (Gaceta Of"
111,autor-titulo,F-2823,primaria,Gobierno Militar de Santo Domingo (Snowden),"Colección de órdenes ejecutivas del núm. 386 al 586 inclusive: de enero 1 hasta diciembre 29, 1920 (Santo Domingo, 1921; O. E. 511 'Ley de Registro de Tierras' y O. E. 552 'Primer Censo Nacional')",1921,es,oficial-eeuu,M12;M13,https://memoriahistorica.senadord.gob.do/bitstreams/428f3dd4-5d22-421a-af3c-8b4c69c1aaf8/download | https://memoriahistorica.senadord.gob.do/server/api/core/items/9389bff9-f874-42ce-a670-5598b555a1d0,pdf-en-linea,alta,"Colección del Gobierno Militar del año 1920 (806 pp., 190 MB, sin capa de texto; OCR propio de las pp. 280-568). Fiabilidad alta: Edición oficial de las órdenes de 1920; la O. E. 552 se cotejó con la imagen de la p. 488 y la O. E. 511 con OCR propio. Afirmaciones: A-157, A-158. Verificación: descargada-y-leida (acceso pdf-en-linea); consultada 2026-10-07 por el buscador (colonial-primaria), fusión"
112,autor-titulo,F-2888,primaria,"Gobierno Militar de Santo Domingo (Snowden, Thomas, contraalmirante)","Gaceta Oficial de la República Dominicana, Año XXXVI, nos. 3112-3181 (mayo-dic. 1920): n.º 3132 (10-VII-1920), Orden Ejecutiva n.º 505 que destina $75,000 al censo",1920,es,oficial-eeuu,M12,https://memoriahistorica.senadord.gob.do/bitstreams/ca3cf66b-34ff-4c67-a2ec-ff0e5fbf27d3/download | https://memoriahistorica.senadord.gob.do/handle/123456789/71792 | https://memoriahistorica.senadord.gob.do/bitstreams/be39d366-3cea-4e5e-8d1c-5f7033f6ad0a/download,pdf-en-linea,alta,"Gaceta Oficial del Gobierno Militar de Santo Domingo (dir. Fed. Antonio García), 10-VII-1920; la orden está firmada por Thomas Snowden. Fija el origen del gasto del Primer Censo Nacional bajo la Secretaría de lo Interior y Policía. La ONE (2020) fecha la orden el 1-VII-1920. Fiabilidad alta: Boletín oficial bilingüe del Gobierno Militar; la orden se leyó en la capa de texto OCR (ruidosa pero legib"
112,autor-titulo,F-2889,primaria,"Gobierno Militar de Santo Domingo (Robison, S. S., contraalmirante); Secretaría de lo Interior y Policía","Gaceta Oficial de la República Dominicana, Año XXXVII, nos. 3182-3286 (1921): n.º 3267 (26-X-1921), «Censo Nacional» (población por común), y O. E. n.º 663 (fondos adicionales para el censo)",1921,es,oficial-eeuu,M12,https://memoriahistorica.senadord.gob.do/bitstreams/727528ee-08f3-4b19-bc9d-b092bee58a49/download | https://memoriahistorica.senadord.gob.do/handle/123456789/71758 | https://memoriahistorica.senadord.gob.do/bitstreams/7da20307-bd2f-4800-9ff9-50da560d0db3/download,pdf-en-linea,alta,"Gaceta Oficial del Gobierno Militar (Imprenta J. R. Vda. García), n.º 3267 del 26-X-1921 (sumario: «Datos relativos al Censo Nacional»): publica, sin firma ni nota, la población de cada común y provincia, primer dato público del censo de diciembre de 1920 entre los leídos. La O. E. Fiabilidad alta: Boletín oficial; el cuadro de población se cotejó con la imagen (pp. 9 y 11 de la Gaceta; PDF pp. 15"
113,autor-titulo+url,F-2909,primaria,"República de Haití, Conseil d'État, Secciones de Finanzas e Interior (Prézeau, Émile, relator; Price, H., presidente)","Le Moniteur, 80.º año, n.º 14 (lunes 16-II-1925), pp. 99-100: «Rapport» de las secciones de Finanzas e Interior del Conseil d'État sobre el proyecto de ley de emigración modificativo de la del 16-II-1923 (Port-au-Prince, 16-II-1924; relator É. Prézeau, presidente H. Price), con el debate previo del Conseil d'État",1924 (informe y sesión del Conseil d'État; publicados en el Moniteur de 1925),fr,oficial-haiti,M12,https://dloc.com/UF00076854/00437 | https://ufdcimages.uflib.ufl.edu/UF/00/07/68/54/00437/00091.jpg | https://ufdcimages.uflib.ufl.edu/UF/00/07/68/54/00437/00092.jpg | https://api.dloc.patron.uflib.ufl.edu/pagetext?bibid=UF00076854&vid=00437&size=100,texto-completo-en-linea,alta,"El informe lo redactan en Puerto Príncipe, el 16-II-1924, las secciones de Finanzas e Interior del Conseil d'État (órgano legislativo del periodo de ocupación) para dictaminar el proyecto del Ejecutivo que dio lugar a la ley del 28-II-1924. Fiabilidad alta: Acta y dictamen oficiales del cuerpo legislativo haitiano, leídos en imagen (los extractos se cotejaron con el facsímil, no solo con el OCR). "
113,autor-titulo+url,F-2910,primaria,"República de Haití, Conseil d'État (consejeros E. Cauvin, P. David, J. Thomas, L. Prophète, E. Montas, D. Pierre-Louis; presidencia J. M. Grandoit)","Le Moniteur, 80.º año, n.º 78 (lunes 28-IX-1925), pp. 520-522: Conseil d'État, sesión extraordinaria del lunes 15-XII-1924, moción de los consejeros Emmanuel Cauvin y Placide David para investigar las condiciones de los emigrantes haitianos «à Cuba et à Santo-Domingo»",1924 (sesión del 15-XII-1924; publicada el 28-IX-1925),fr,oficial-haiti,M12,https://dloc.com/UF00076854/00437 | https://ufdcimages.uflib.ufl.edu/UF/00/07/68/54/00437/00501.jpg | https://ufdcimages.uflib.ufl.edu/UF/00/07/68/54/00437/00502.jpg | https://ufdcimages.uflib.ufl.edu/UF/00/07/68/54/00437/00503.jpg,texto-completo-en-linea,alta,"Acta del debate del Conseil d'État haitiano (sesión extraordinaria del 15-XII-1924, presidida por J. M. Grandoit) sobre una moción de los consejeros Cauvin y David, impresa nueve meses después en el Moniteur del 28-IX-1925. Fiabilidad alta: Acta oficial publicada en el diario oficial; los extractos se cotejaron con el facsímil de las pp. 520-522. Afirmaciones: A-158, A-159. Verificación: descargad"
114,url,F-2965,primaria,"Dumont, Jean (compilador); Carlos II de Inglaterra y Carlos II de España (partes)","Tractatus ... ad bonam correspondentiam in America interruptam rursus instaurandam (Madrid, 18-VII-1670), tratado anglo-español 'de América' (Godolphin-Peñaranda), en Dumont, Corps universel diplomatique, t. VII, parte I",1670 (ed. 1731),la,internacional,M04,https://archive.org/download/corpsuniverseldi71dumo/corpsuniverseldi71dumo_djvu.txt | https://archive.org/details/corpsuniverseldi71dumo,texto-completo-en-linea,alta,"Tratado entre Inglaterra y España negociado en Madrid por William Godolphin y el conde de Peñaranda en 1670 para restablecer la correspondencia en América y poner fin a las depredaciones. Fiabilidad alta: Tratado impreso en Madrid en 1670 (Domingo García Morrás) y recogido por Dumont con las plenipotencias de ambas partes. Afirmaciones: A-051, A-052. Verificación: descargada-y-leida (acceso texto-"
114,url,F-2975,primaria,"Dumont, Jean (comp.); Carlos II de España y Luis XIV de Francia (partes)","Traité de Paix entre Charles II, roi d'Espagne, et Louis XIV, roi de France, conclu à Nimègue le 17 septembre 1678 (en Dumont, Corps universel diplomatique, t. VII, parte I, doc. CLXXVI)",1678 (tratado); 1731 (edición),fr,francesa,M04,https://archive.org/download/corpsuniverseldi71dumo/corpsuniverseldi71dumo_djvu.txt | https://archive.org/details/corpsuniverseldi71dumo,texto-completo-en-linea,alta,"Tratado de paz de Nimega entre Francia y España, firmado el 17 de septiembre de 1678 (la edición lo titula 'Traité de Paix entre Charles II ... et Louis XIV'). Fiabilidad alta: Texto oficial del tratado en la compilación diplomática estándar. Afirmaciones: A-053. Verificación: descargada-y-leida (acceso texto-completo-en-linea); consultada 2026-10-07 por el buscador (internacional), fusión 2026-10"
115,url,F-3112,cientifica,"Valcárcel Rojas, Roberto; Weston, Darlene A.; Mickleburgh, Hayley L.; Laffoon, Jason E.; van Duijvenbode, Anne","El Chorro de Maíta: a diverse approach to a context of diversity (en C. L. Hofman y A. van Duijvenbode, eds., Communities in Contact, Leiden: Sidestone Press, 2011, pp. 225-251)",2011,en,cientifica,M02;M01,https://www.sidestone.com/openaccess/9789088900631.pdf | https://sidestone.com/permlink/9789088900631,pdf-en-linea,alta,"Equipo de Leiden y del CISAT de Holguín: Weston reanalizó en junio de 2010 el esqueleto del cementerio de El Chorro de Maíta (Cuba; ocupación desde el siglo XIII, cementerio posterior a 1510 y de la primera mitad del XVI según Valcárcel Rojas et al. 2014), con estudio osteológico, isotópico y tafonómico modernos. Es el comparador de contacto más cercano a La Española que se localizó. Fiabilidad al"
115,url,F-3123,cientifica,"Schats, Rachel","In sickness and in health: possibilities for studying the social and cultural implications of treponemal disease in the Caribbean area (en C. L. Hofman y A. van Duijvenbode, eds., Communities in Contact, Leiden: Sidestone Press, 2011, pp. 269-280)",2011,en,cientifica,M02;M01,https://www.sidestone.com/openaccess/9789088900631.pdf,pdf-en-linea,media,"Rachel Schats (Leiden) usa antropología médica y fuentes etnohistóricas para estudiar la sífilis/pian en el Caribe precolombino, a partir de la paleopatología publicada. Fiabilidad media: Capítulo arbitrado de una antropóloga de Leiden sobre treponematosis; su tema es la percepción social de la enfermedad, y las cifras osteológicas las toma de revisiones (Schats 2010, Powell y Cook 2005); solo se "
