fuente,ubicacion,cita_original,traduccion,afirmaciones,fecha
F-0078,"ADH, RaymundoGonzalez-MN.pdf, p. 1 (semblanza), lista de publicaciones, ítem 3",[Paráfrasis; sin cita literal] La semblanza lista como obra 3 'De esclavos a campesinos. Vida rural en Santo Domingo colonial (2011)'.,"El PDF registrado no es el libro sino la ficha biográfica de Raymundo Manuel González De Peña (n. 1961; asesor histórico del AGN, miembro de número de la ADH); confirma título y año 2011.","Solo confirma existencia, título y año de la obra; la columna afirmaciones de este id está vacía, no se toca ninguna A-###.",2026-10-07
F-0078,"AGN, Catálogo de publicaciones (https://agn.gob.do/wp-content/uploads/2025/06/Catalogo-de-publicaciones-web.pdf), pdf p. 27","[Paráfrasis; sin cita literal] Entrada: 'De esclavos a campesinos. Vida rural en Santo Domingo colonial', Raymundo González, 186 páginas, Volumen CXLVIII, 2011, ISBN 978-9945-074-40-6.","Ficha bibliográfica completa: serie de publicaciones del AGN, vol. CXLVIII, 2011, 186 pp., ISBN 978-9945-074-40-6.","Datos bibliográficos para completar el registro (volumen AGN, páginas, ISBN).",2026-10-07
F-0115,"Project MUSE, ficha del libro (muse.jhu.edu/book/78211), resumen editorial",[Paráfrasis; sin cita literal] Resumen editorial en inglés.,"Casimir sostiene que la historia de Haití no empieza con Saint-Domingue como colonia más rica sino con cómo africanos crearon una sociedad soberana basada en imaginación política y rechazo radical del orden colonial; centra a los moun andeyo (campesinado rural de ascendencia africana) e identifica un sistema de 'contra-plantación' basado en la pequeña propiedad; los lakou serían sitios de resistencia, pese a desventajas estructurales que el Estado haitiano, con apoyo exterior, mantiene en parte.",A-115: confirma que 'contra-plantación' y lakou son categorías de Casimir; el resumen NO nombra el Código Rural de 1826 ni los reglamentos de Toussaint/Christophe.,2026-10-07
F-0115,"Project MUSE, ficha del libro, tabla de contenidos (capítulos 4, 9 y 10)",[Paráfrasis; solo títulos de capítulo] Cap. 4 'Slaves or Peasants' (pp. 101-133); cap. 9 'An Independent State without a Sovereign People' (pp. 306-351); cap. 10 'The State in the Nineteenth Century' (pp. 352-394).,"Los capítulos 4, 9 y 10 son los candidatos a tratar la reimposición estatal de la plantación (Código Rural de 1826); no se pudo leer ninguno.","A-115: localiza dónde buscar (caps. 9-10), sin confirmar el enunciado.",2026-10-07
F-0164,"Small Axe 21(2) (53), 1-VII-2017, pp. 45-61, resumen del editor (copia Wayback de la ficha de Duke UP; idéntico en Crossref y OpenAlex)",[Paráfrasis; sin cita literal] Resumen en inglés del artículo.,"El ensayo analiza la larga genealogía del indigenismo haitiano como discurso alternativo a la diáspora para pensar la identidad caribeña, en dos momentos: el movimiento cultural de los años 1920 contra la ocupación estadounidense y la guerra de independencia. En ambos, la retórica de lo indígena puso en primer plano la soberanía, con reclamos territoriales basados en la filiación y exigencia de expulsar a otros como extranjeros. Sin embargo 'indigène' designaba con más frecuencia una posición frente a una potencia imperial que un conjunto de rasgos culturales concretos: un argumento más político que esencialista. Examina cómo esa retórica imagina su relación con los taínos aborígenes y muestra las fortalezas, límites y contradicciones de un discurso que buscaba anclar a los africanos y sus descendientes en el Nuevo Mundo.","A-017: respaldo directo en el resumen (filiación 'más política que esencialista', no biológica).;A-016: respaldo parcial (filiación indígena/taína como relato identitario con reclamos de soberanía territorial).;A-162: contexto (indigenismo de los años 1920 frente a la ocupación); el resumen no cita Price-Mars ni 'Ainsi parla l'Oncle'.;A-070 y A-072: solo contexto (retórica 'indigène' en la guerra de independencia); el resumen no trata la fecha del nombre 'Armée indigène' ni la frase 'J'ai vengé l'Amérique'.",2026-10-07
F-0392,"FUENTE ALTERNATIVA, NO ES F-0392: Rafael Darío Herrera, 'La cantidad de víctimas del genocidio de 1937', Acento, opinión, 26-II-2022 (https://acento.com.do/opinion/la-cantidad-de-victimas-del-genocidio-de-1937-9036506.html, 200), pasaje sobre el cálculo de Vega","[Paráfrasis; sin cita literal] Resume el método de Bernardo Vega (Trujillo y Haití, vols. I y II).","Vega parte de 8.442 haitianos en las siete provincias del Cibao según el censo del 13-V-1935 (cifra publicada de nuevo el 17-XII-1937 por Tolentino y Fermín Cabral), suma 3.000 de los 30.000 braceros deportados de Cuba en 1937 (total 11.442) y resta 6.150 (4.200 que cruzaron por Juana Méndez, 950 por barco desde Puerto Plata y unos 1.000 por otros puntos). Resultan 5.292 asesinados; Vega da un rango de 4.000 a 6.000, coincidente con la estimación interna de la Legación de EE.UU. de septiembre de 1938.","A-166: respaldo secundario del rango 4.000-6.000 y del método (censo + informes de EE.UU.).;A-188: la base censal es el censo de 1935, no uno de 1936.",2026-10-07
F-0392,"FUENTE ALTERNATIVA, NO ES F-0392: misma nota de Acento, cita de la declaración oficial del 17-XII-1937",[Paráfrasis; sin cita literal] Acento transcribe un fragmento de la declaración de los directores de Estadística y del Censo.,La declaración oficial dominicana de diciembre de 1937 presentaba los hechos como 'incidente domínico-haitiano' por 'choques' entre nacionales fronterizos de ambos Estados y calificaba de exageradas y propagandísticas las cifras de víctimas.,A-172: respaldo de la versión oficial de la época (incidente/choques entre nacionales).,2026-10-07
F-0641,"Si Somos Americanos 16(1), 2016, p. 23 (pdf p. 10)",[Paráfrasis; sin cita literal] Pasaje sobre septiembre de 1937 y la dominicanización de la frontera.,"Dilla afirma que en septiembre de 1937 Trujillo ordenó una 'limpieza étnica' que costó la vida a miles de haitianos y dominicanos de origen haitiano; las cifras 'nunca han sido precisadas' y algunos autores estiman entre 10.000 y 20.000 víctimas, concentradas en el norte de la frontera y el valle del Cibao (cita a Mateo 2004 y Vega 1988). Añade que la frontera y su 'dominicanización' adquirieron valor simbólico para el discurso fundacional de la dictadura.",A-166: contraste de cifras (10.000-20.000 frente al rango 4.000-6.000 de Vega); no afirma cifra propia.;A-180: contexto de la dominicanización de la frontera (vía Mateo 2004).;Glosario: usa 'limpieza étnica'; término cargado a declarar.,2026-10-07
F-0641,"id., p. 27 (pdf p. 14), sobre Dajabón/Ouanaminthe",[Paráfrasis; sin cita literal] Pasaje sobre el binomio fronterizo y 1937.,"Dilla sitúa en el binomio Dajabón/Ouanaminthe el inicio y la mayor intensidad de la masacre de 1937, y a la vez el mejor ejemplo de ciudades 'bisagra' de intensa relación económica entre Santiago y Cabo Haitiano. Usa la expresión 'hordas trujillistas' (lenguaje valorativo del autor).",A-166/A-182: contexto geográfico de la matanza (Dajabón); sin cita de Trujillo.,2026-10-07
F-0641,"id., pp. 15-16 (resumen) y cuerpo",[Paráfrasis; sin cita literal] Resumen del artículo.,"La activación de contactos en la franja fronteriza ha creado una nueva geografía insular con corredores transfronterizos (cientos de millones de dólares de comercio legal e ilegal, personas e información); el artículo analiza dos 'binomios', Dajabón/Ouanaminthe y Elías Piña/Plateau Central, desde una discusión teórica sobre regiones transfronterizas.",Sin afirmaciones asignadas en el registro; sirve de fuente secundaria para M12/M13/M15 (frontera).,2026-10-07
F-0861,"OBRA RELACIONADA, NO el Catálogo: González Canalda, 'Importancia de los protocolos notariales en la investigación histórica: caso del período de la unificación política de la isla de Santo Domingo, 1822-1844', Caribbean Studies 42(1), 2014, pp. 101-102 (resumen) y p. 116, nota 4",[Paráfrasis; sin cita literal] Resumen y nota terminológica.,"Cataloga 35 libros de protocolos de la notaría de José Troncoso y Antonio Abad Solano (1822-1840) en el AGN, unos 3.000 documentos, y sostiene que contradicen a la 'historia oficial' en: dominación e imposición cultural, intento de unificar dos grupos nacionales, uso obligatorio del francés y sujeción del grupo dominicano a costumbres haitianas. La nota 4 explica que emplea 'unificación política de la isla' porque 'dominación haitiana' es la única etiqueta peyorativa que recibe un período de la historia dominicana (compara 'Era de Francia' 1802-1809 y 'Anexión a España' 1861-1865).",A-108: respaldo de la lectura 'unificación' con evidencia notarial (posición de la autora).;A-107: la autora refuta explícitamente la lectura 'dominación/imposición cultural'; muestra que A-107 y A-108 se disputan con base documental.;Glosario: justificación de 'unificación política' frente a 'dominación haitiana'.,2026-10-07
F-0861,"id., p. 108 (caso de Juan Ramos, 1823), p. 110 (donaciones entre familiares), p. 103 (clientela de los notarios)","[Paráfrasis; sin cita literal] Tres pasajes sobre esclavitud, emigración y propiedad.","Entre los clientes de los notarios tras 1822 hay personas antes esclavizadas, artesanos, labradores y militares de ambos grupos nacionales (p. 103). Un esclavo de un capitán de goleta holandesa reclamó su libertad ante los notarios en 1823 alegando que en Haití no había esclavitud (p. 108). Las donaciones entre familiares muestran que el grupo propietario conservó posesiones aunque muchos emigraron, con cláusulas del tipo 'para cuando las leyes de la República permitan disponer de sus bienes' (p. 110).",A-094: respaldo documental de la abolición aplicada en la práctica (casos de libertad ante notario); no da cifra de liberados.;A-111: matiza la emigración de familias propietarias (donaciones para conservar bienes); no trata la confiscación de bienes abandonados.,2026-10-07
F-0861,"id., p. 114 (cita de Quisqueya Lora sobre Higüey)","[Paráfrasis; sin cita literal] Resume y cita a Lora, Transición de la esclavitud al trabajo libre en Santo Domingo: el caso de Higüey (1822-1827).","Según la autora, Lora describe para Higüey una situación básicamente igual a la de los protocolos de la capital: cambios sustanciales en la función pública, supervisión del trabajo y del comercio mediante contratos y patentes, discurso republicano y desaparición del lenguaje de diferenciación racial y social; la autora infiere que los cambios no se limitaron a la capital.",A-097: confirma de segunda mano la tesis de Lora sobre contratos y transición sin grandes traumas; no confirma el detalle de libertos con sus antiguos amos ni el pago en trueque (hay que leer a Lora).,2026-10-07
F-1221,"COPIA DE PRENSA, no la página de la DGM: Zol FM, 'Migración deporta 27,540 indocumentados en abril; suman 126,790 en el 2026', 1-V-2026 (reproduce el comunicado de la DGM)",[Paráfrasis; sin cita literal] Cifras del comunicado de la DGM.,"La DGM informó que entre enero y abril de 2026 fueron deportados 126.790 extranjeros en condición migratoria irregular, 27.540 de ellos en abril. Por centro: Haina 37.196; Santiago 6.581; Dajabón 40.357; Elías Piña 20.415; Jimaní 14.919; Pedernales 7.322 (suman exactamente 126.790). En abril los Agentes de Reacción Rápida aprehendieron 19.920 personas y el Ejército (4.922), el CESFRONT (2.183) y la Policía Nacional (517) entregaron el resto (suman 27.542, dos más que 27.540). El 30 de abril: 954 detenidos y 953 deportados.","A-223: amplía la serie con datos de 2026 (126.790 en cuatro meses); NO contiene las cifras de 2024 (276.215) ni de 2025 (379.553), ni el plan de 10.000 semanales, ni el muro.",2026-10-07
F-1221,"COPIA DE PRENSA: Acento, 'RD deportó 126,790 extranjeros en el primer cuatrimestre de 2026', Julián P. Herrera, 3-V-2026 (https://acento.com.do/actualidad/rd-deporto-126790-extranjeros-en-el-primer-cuatrimestre-de-2026-9671403.html)",[Paráfrasis; sin cita literal] Repite las mismas cifras.,"Acento presenta las mismas cifras (126.790 acumuladas, 27.540 en abril, mismo desglose por centro y por fuerza actuante) atribuidas a la DGM.",A-223: segunda reproducción independiente del mismo comunicado; no es verificación independiente de las cifras.,2026-10-07
F-1356,"Ítem abierto BNPHU/3574: 'Memorandum de los ministros plenipotenciarios de la República Dominicana en Washington ... relativo a las medidas que pueden adoptarse para evitar rozamientos entre la República Dominicana y la de Haití ...', Imprenta Listín Diario, Ciudad Trujillo, 1937, 29 pp.; pdf pp. 4, 13 y 16","""no han causado menoscabo alguno en las relaciones cordiales"" (pdf p. 16, citando el acuerdo diplomático del 15-X-1937)","El memorándum oficial dominicano, tras la solicitud haitiana de mediación del 12-XI-1937: (p. 4) reproduce la nota haitiana del 10-X-1937 sobre heridos hospitalizados en Cabo Haitiano y Juana Méndez y cadáveres a lo largo de la frontera por Dajabón, con cuatro peticiones (investigación, castigo, indemnización, reprobación); (p. 13) recoge el proyecto de los representantes de Cuba, EE.UU. y México en el que el Gobierno dominicano 'acepta' que hubo incidentes con haitianos muertos 'en número indeterminado', con investigación a cargo exclusivo de autoridades dominicanas; (p. 16) invoca el acuerdo del 15-X-1937 según el cual los incidentes fronterizos no afectaron las relaciones cordiales.","A-172: documento primario de la versión oficial de la época (vocabulario de 'incidentes fronterizos', investigación judicial interna).;A-166: admisión oficial de muertos haitianos sin cifra.;A-183: contexto de la investigación unilateral dominicana discutida con los mediadores.",2026-10-07
F-1356,"Ítem abierto BNPHU/3281: 'Tercer censo nacional de población 1950: resumen general', Dirección General de Estadística, 1953, 75 pp.; Cuadro 9 (p. 11, pdf p. 43) y reseña histórica (pdf p. 17, hacia p. VII)","[Paráfrasis; sin cita literal] Cuadro 9, 'Raza y color ... Censo 1935', y nota histórica de la introducción.","Cuadro 9 (datos del censo de 1935, visto en imagen): total 1.479.417; blanco 192.733; negro 287.677; 'mestizo' 998.668; amarillo 339 (13,0 %, 19,4 % y 67,5 %: coincide numéricamente con el 13/68/19 de A-189, pero la publicación de 1950 rotula esa categoría 'Mestizo', no 'Mulato'). El Cuadro 8 (1950) da blanco 600.994, negro 245.032, mestizo 1.289.285 (28,1 %, 11,5 %, 60,4 %): salto del blanco que apunta a discontinuidad de clasificación. La introducción dice que el censo del 13-V-1935 fue ejecutado por el Partido Dominicano y publicado solo parcialmente por la DGE.",A-189: confirma las magnitudes 13/19/68 por categoría; no permite confirmar el rótulo original 'mulato' de 1935 ni el de 'mestizo' de 1920 (el informe armoniza).;A-188: el censo de 1935 lo ejecutó el Partido Dominicano y se publicó parcialmente.,2026-10-07
F-1356,"Ítem abierto BNPHU/3189: Salvador Aybar Mella, 'Génesis, evolución y futuro de la estadística en la República Dominicana', 1952, 39 pp.; p. 27 (pdf p. 53)",[Paráfrasis; sin cita literal] Historia institucional del censo.,"Aybar Mella sostiene que el censo de 1920 (ocupación estadounidense) quedó incompleto por la situación política y la inaccesibilidad de caminos, sobre todo en el Este y en las regiones fronterizas donde el tránsito era casi imposible, y que en 1935 se hizo por primera vez un censo completo bajo la 'responsabilidad política' implantada por Trujillo, aunque con elaboración sencilla y sin preparación técnica ni medios suficientes.","A-188: caracteriza la metodología del censo de 1935 (alcance en la frontera, falta de preparación técnica) desde una fuente dominicana oficialista de 1952; no da cifras de población haitiana.",2026-10-07
F-1405,"Metadatos DSpace del ítem BNPHU/1595 (API core/items), resumen y descripción",[Paráfrasis; sin cita literal] Resumen de la propia ficha.,"Publicación de la Dirección General de Estadística Nacional, Ciudad Trujillo, 1938, 53 páginas, del fondo personal de Carlos Larrazábal Blanco. El resumen explica que la DGE recibe solicitudes de datos sobre naturaleza física, población, forma de gobierno, servicios escolares, producción agrícola, pecuaria e industrial e intercambio comercial, y ofrece una idea completa del país en pocas páginas.",A-188 y A-189: la ficha no menciona población por nacionalidad ni color; sigue [POR VERIFICAR] si incluye el censo de 1935.,2026-10-07
F-1553,"Boletín del AGN n.º 26-27 (1942), Emilio Rodríguez Demorizi, 'La Revolución de 1843', p. 29 y nota (4) (pdf p. 31; leído sobre la imagen de la página)",Discurso que en la apertura de las aulas y restitución de la Universidad (título tal como lo da Demorizi),"Demorizi afirma en el texto que 'ni la Universidad logró salvarse' de las medidas restrictivas de Boyer y que sus alumnos pasaron de las aulas a los cuarteles. En la nota 4 dice que Boyer visitó la Universidad en 1822 y confió su organización a una comisión del vicario José Gabriel Aybar, el licenciado José Joaquín del Monte y Tomás Bobadilla, siendo rector Francisco González Carrasco; añade que Andrés López de Medrano se refiere a esa organización en el citado Discurso, pronunciado en junio de 1822 e impreso en Santo Domingo por la Imprenta del Gobierno ese mismo año. También cita una exposición del 11-VIII-1822 de la Comisión de Instrucción Pública de Puerto Príncipe (Le Propagateur haïtien, n.º 7, Port-au-Prince, sept. 1822) que anunciaba el envío de un profesor de francés a la Universidad y de maestros a los pueblos del Este, y un proyecto de ayuda a la Universidad 'nunca realizado' (mismo periódico, n.º 3, junio 1822).","A-099: respalda la versión canónica dominicana de reclutamiento de estudiantes (según Demorizi, 1942, fuente dominicana de época trujillista) y aporta datos haitianos sobre un apoyo anunciado y no realizado.;A-098: no fecha el cierre en 1823 en este pasaje.;Existencia, título, lugar, imprenta y año del Discurso: confirmados por nota de Demorizi.",2026-10-07
F-1553,"Acento, Herbert Stern, 'Discurso de López de Medrano, 1822', 29-VIII-2026 (https://acento.com.do/opinion/discurso-de-lopez-de-medrano-1822-9734201.html, 200)",[Paráfrasis; sin cita literal] Resumen divulgativo del discurso.,"Fecha el discurso el 1-VII-1822 en la iglesia del exconvento de los Predicadores, ceremonia de apertura de las aulas y restitución de la Universidad bajo Boyer; resume su contenido (valor del saber, decadencia tras la cesión por tratado, cátedras ordenadas por Boyer: gramática, filosofía, medicina, derecho civil y de gentes, derecho canónico y teología moral nueva, fin de 'odiosas distinciones'). Concluye que, pese a querer contentar a las autoridades, 'unos meses más tarde' la Universidad fue cerrada hasta 1914.",A-098: respaldo débil (cierre pocos meses después; sin fecha exacta; fuente de divulgación escrita por un médico).;A-099: sin causas; no distingue entre decadencia previa y causas políticas.,2026-10-07
F-1889,"Slavery & Abolition 33(1), 2012, pp. 87-103, resumen (OpenAlex/Crossref)",[Paráfrasis; sin cita literal] Resumen del editor en inglés.,"El artículo examina varias docenas de actas notariales que reconocieron u otorgaron la libertad de al menos una persona en Santo Domingo durante el gobierno del general napoleónico Jean-Louis Ferrand (1804-1809). Tras la supuesta revocación napoleónica de 1802 del decreto de emancipación universal de 1794, muchas personas formalmente libres desde la cesión de Santo Domingo a Francia el 22-VII-1795 quedaron expuestas a la reesclavización. Organizado en tres estrategias (presentar pruebas previas de condición libre, autocompra y llamar testigos), sostiene que esas personas aprovecharon pequeñas aperturas del sistema legal y 'archivaron' su libertad en las propias actas.","A-084: respaldo parcial: vulnerabilidad de personas libres a la reesclavización bajo Ferrand tras 1802, con libertad defendida vía actas notariales; el resumen NO dice que fueran reesclavizadas en masa ni habla de 1801 (emancipación de Toussaint) ni de la continuidad bajo bandera española en 1809.",2026-10-07
F-2022,"American Historical Review 122(3), VI-2017, pp. 653-679, resumen (OpenAlex)",[Paráfrasis; sin cita literal] Resumen del editor en inglés.,"Eller sostiene que en la República Dominicana rural de mediados del siglo XIX las advertencias sobre reesclavización, desestimadas por las autoridades como 'rumores', se distinguían por su detalle y ubicuidad y constituyeron la nueva política de defender una emancipación e independencia; cuando España reocupó el territorio en 1861 los rebeldes las movilizaron y se unieron en solidaridad urgente. La posterior eliminación de estas dinámicas en narrativas locales y hemisféricas muestra cómo las élites buscaron ocultar los vínculos entre pueblos emancipados del Caribe.",Sin afirmaciones asignadas en el registro; respaldo del enunciado de la ficha (rumores de reesclavización de 1861-1863 y Restauración) con base en el resumen.,2026-10-07
F-2242,"Journal of Early American History 1(2), 2011, pp. 105-141, resumen (Crossref/OpenAlex)",[Paráfrasis; sin cita literal] Resumen del editor en inglés.,"El artículo explora Santo Domingo justo después de pasar de manos francesas a españolas en 1809: colonia pobre y marginal del sistema de plantación pero sacudida por vientos revolucionarios. A partir del testimonio de una conspiración fallida de 1810, la 'Revolución de los italianos', analiza las desigualdades persistentes, la influencia inmediata de Haití y los comienzos de la independencia latinoamericana; muestra la importancia de la colonia para viajeros y migrantes subalternos de las islas vecinas y la importancia concreta y simbólica de la Revolución haitiana, lo que matiza una historiografía que suele argumentar conflicto y no interrelación entre ambas mitades de La Española.","Sin afirmaciones asignadas en el registro; respalda con el resumen la ficha (conspiración de 1810 e influencia haitiana previa a 1822), útil para M06/M08 y para la tesis de interrelación.",2026-10-07
F-2753,"OPS/OMS, EOC Situation Report n.º 5, domingo 17-I-2010, 18:00 EST (copia Wayback de ReliefWeb), secciones 'Overview' y 'Hospitals'",[Paráfrasis; sin cita literal] Informe en inglés.,"La OPS/OMS coordina la respuesta sanitaria desde bases en Puerto Príncipe y Santo Domingo y se monta un centro de operaciones en Jimaní. Equipos médicos dominicanos asisten a los haitianos; en los últimos días el hospital de 20 camas de Jimaní atendió a 2.000 personas y realizó 200 cirugías mayores; los casos que no se pueden tratar se trasladan a Santo Domingo; el Hospital Melenciano de Jimaní recibió 18 pacientes y el Buen Samaritano 200, con cuatro quirófanos; hay personal médico de Puerto Rico.","A-205: respalda el papel de Jimaní como centro de atención quirúrgica en los primeros cinco días; reporta 200 cirugías mayores, NO las 'más de 1.500' del enunciado (puede ser una cifra acumulada posterior; sin verificar).",2026-10-07
F-2753,"OPS/OMS, EOC Situation Report n.º 4, sábado 16-I-2010, 18:00 EST, 'Overview'",[Paráfrasis; sin cita literal] Informe en inglés.,"El equipo de respuesta de la OPS/OMS llegó a Haití y se instaló una plataforma logística en la ciudad fronteriza de Jimaní, en la República Dominicana; MINUSTAH había recogido 13.000 cadáveres.",A-205: respalda el uso de territorio dominicano (Jimaní) como plataforma logística; no dice que la RD fuera 'el primer país' en ayudar.,2026-10-07
F-2753,"OPS/OMS, EOC Situation Report n.º 2, jueves 14-I-2010, 18:00 EDT, sección sobre el impacto acumulado",[Paráfrasis; sin cita literal] Informe en inglés.,"Miembros del equipo regional de respuesta están reunidos en la República Dominicana; dos hospitales dominicanos (Barahona y Santiago) sufrieron daños, el de Santiago menores, y siguen funcionando; las carreteras de Jimaní a Puerto Príncipe parecen abiertas y los heridos buscan atención en Jimaní.",A-205: contexto temprano (14 de enero) de Jimaní como punto de atención a heridos.,2026-10-07
F-2866,"Metadatos DSpace del ítem BNPHU/2509 (API core/items), resumen y descripción",[Paráfrasis; sin cita literal] Resumen de la propia ficha (carta de remisión).,"El presidente de la comisión creada por la Ley n.º 77 del 4-XII-1924 remite al Poder Ejecutivo el informe de los estudios hechos en los terrenos fronterizos con Haití para determinar los sitios de las colonias agrícolas que prevé la ley, junto con un 'Plan de Inmigración y Colonización' y unas 'Notas adicionales' con medidas para que la colonización de la frontera tenga éxito. 59 páginas; Imprenta de J. R. Vda. García, Santo Domingo, 1925; colección Patrimonio Dominicano; materias: colonias agrícolas, límites, emigración e inmigración.",A-163: confirma el propósito oficial (colonizar la frontera con colonias de inmigrantes) y la existencia del plan; la ficha NO dice que el plan se limitara a inmigrantes blancos ni cita fondos del Congreso.;A-160: no aporta nada sobre la represión antihaitiana desde 1919.,2026-10-07
F-2977,"Cambridge Core, ficha del artículo (The Americas 79(1), I-2022, pp. 138-140)",[Paráfrasis; sin cita literal] Metadatos bibliográficos.,"Reseña de Juan José Ponce Vázquez, Islanders and Empire: Smuggling and Political Defiance in Hispaniola, 1580-1690 (Cambridge University Press, 2020, 303 pp.), por Lilyam Padrón Reyes (Universidad de Cádiz), publicada en línea el 27-XII-2021; DOI 10.1017/tam.2021.116. La página indica que no hay resumen ni vista previa disponibles.",Ninguna: el registro declara que no toca A-050 a A-053 (contexto del módulo).,2026-10-07
F-3100,"Colonial Latin American Review 31(1), 2022, pp. 166-168 (reseña de Goetz; solo el arranque, OpenAlex)","[Paráfrasis; sin cita literal] Primera frase de la reseña, truncada.",La reseña comienza describiendo cómo las primeras páginas del libro de Erin Woodruff Stone imaginan una escena en la costa sudamericana en 1528 con dos esclavistas españoles y sus hombres arreando cautivos; el resto del texto no está disponible.,A-032: sin respaldo; la parte visible no menciona la cifra de más de 250.000 indígenas esclavizados del Caribe.,2026-10-07
F-0085,"Acento, Juan Ventura, «Errores en el libro 33 historiadores dominicanos, del Dr. Franklin Gutiérrez», 9-XI-2018, párrafo 1","El reconocido profesor, poeta, ensayista, narrador, escritor, investigador literario y bibliógrafo doctor Franklin Gutiérrez publicó un importante libro intitulado 33 historiadores dominicanos. Biobibliografías. Santo Domingo. Editora Búho, 2002, 161 págs.",Original en español (sin traducción necesaria): identifica a Gutiérrez como bibliógrafo y crítico literario y fija una obra concreta de 2002.,,2026-10-07
F-0202,"Britannica, «Parsley Massacre» (Katie Angell; última actualización 24-VI-2025; copia Wayback 2025-07-17), preguntas iniciales y párrafo introductorio","The massacre resulted in an estimated 9,000 to 30,000 deaths of Haitian men, women, and children.","La matanza causó unos 9.000 a 30.000 muertos entre hombres, mujeres y niños haitianos.",A-168;A-169,2026-10-07
F-0202,"Britannica, misma entrada, sección «Aftermath and historical legacy», párrafo 3","the full extent of the massacre remains unclear since estimates of the number of victims vary widely, and the absence of mass graves leaves many questions unanswered.","el alcance total de la matanza sigue sin estar claro, pues las estimaciones del número de víctimas varían mucho y la ausencia de fosas comunes deja muchas preguntas sin respuesta.",A-168;A-169,2026-10-07
F-0247,"Portal de recherche ANOM, página de inicio (copia Wayback 2024-12-27)",Plus de 1000 instruments de recherche à découvrir par le moteur de recherche libre ou l'état général des fonds.,Más de 1000 instrumentos de búsqueda por descubrir mediante el buscador libre o el estado general de los fondos.,,2026-10-07
F-0454,Resumen en inglés devuelto por la herramienta de búsqueda web sobre el artículo de El Caribe (no es cita literal del original en español; sin fecha ni página),"a peaceful invasion, gradual, but unstoppable, of hundreds of thousands of undocumented Haitians, whose total reaches, according to experts, more than one and a half million people","una invasión pacífica, gradual pero imparable, de cientos de miles de haitianos indocumentados, cuyo total llega, según expertos, a más de millón y medio de personas. [Paráfrasis en inglés de lo dicho por el juez; el texto español original no se leyó.]",A-220;A-245,2026-10-07
F-1078,"Ficha OPAC del AGN, campos Autor/Publicación/Materias/Clasificación","Balcácer, Juan Daniel — Pedro Santana: historia política de un déspota — Santo Domingo : Editora Taller, 1974 — Materias: República Dominicana - Historia - Gobierno de Pedro Santana, 1843-1861; Santana, Pedro, 1801-1863 - Crítica e interpretación — Clasificación 923.1 S232B","Original en español: la ficha confirma autor, título, editorial, año y materia del libro.",,2026-10-07
F-1223,"El Nuevo Diario, «DGM destaca avances en su 87 aniversario; deportó 380 mil indocumentados en 2025», actualizado 14-IV-2026, párrafo 2 (reproduce el comunicado de la DGM)","Durante el año 2025, la institución deportó a 380,000 extranjeros que no cumplían con los requisitos legales para permanecer en el territorio nacional.",Original en español: la DGM cifra en 380.000 las personas extranjeras deportadas en 2025.,A-223,2026-10-07
F-1385,"C. Bourgeois, «A la sombra de los mangos. Frontera(s), raza y nación en República Dominicana», Cuadernos Inter.c.a.mbio 20(2), e56252, 2023; PDF Redalyc p. 15 (cita a Bourgeois 2016, p. 115)","Muestran una caída drástica del porcentaje de niños y niñas de apellidos francófonos y creolófonos bautizados en la parroquia de Dajabón: su número llega a un 41 % de los infantes bautizados entre diciembre de 1936 y octubre de 1937, y solo a un 2 % para el año siguiente (Bourgeois, 2016, p. 115).",Original en español. La autora restituye aquí el resultado de su tesis (p. 115): el bautismo de niños con apellidos francófonos o criollófonos pasa del 41 % de los bautizos de dic. 1936-oct. 1937 al 2 % del año siguiente.,A-169;A-190,2026-10-07
F-1385,"Misma obra, PDF Redalyc p. 11 (cita a Bourgeois 2018a)","La población haitiana estaba bien integrada en las comunidades dominicanas, las parejas de dominicanos con haitianas y de haitianos con dominicanas eran numerosas. Los registros de bautizos y de matrimonios de la parroquia de Dajabón [...] muestran las alianzas y uniones entre dominicanos y haitianos en toda la región.",Original en español: apoyo para la existencia de familias binacionales antes de 1937 a partir de los registros parroquiales de Dajabón.,A-177,2026-10-07
F-1385,"Misma obra, PDF Redalyc p. 12 (resumen de Derby 1994)","a pesar de una cultura común, los trabajos de Lauren Derby (1994) muestran que existía una noción clara de distinción entre haitianos y dominicanos.","Original en español: matiza A-178: la convivencia fronteriza no era indiferente a la distinción; según Derby, esta era sobre todo cultural y no tanto territorial, nacional o racial.",A-178,2026-10-07
F-1557,"AGN, Catálogo de publicaciones, PDF p. 11","Censos municipales del siglo XIX y otras estadísticas de población — ALEJANDRO PAULINO RAMOS — 274 páginas, formato 6×9 pulgadas — Volumen: XLVII, 2008 — ISBN: 978-9945-020-32-8","Original en español: la ficha del catálogo oficial confirma título, compilador, extensión, volumen, año e ISBN.",,2026-10-07
F-1717,"Persée, ficha del artículo, «Résumés» (Population, 28.º año, n.º 4-5, 1973, pp. 859-872)","M. Jacques Houdaille, chargé de recherches à l'INED, a dépouillé des registres paroissiaux et présente ici sur la population de Saint-Domingue différentes données en partie inédites en particulier sur la mortalité des Blancs et des libres ou affranchis.","El Sr. Jacques Houdaille, investigador del INED, vació registros parroquiales y presenta aquí, sobre la población de Saint-Domingue, diversos datos en parte inéditos, en particular sobre la mortalidad de los blancos y de los libres o afranchis.",A-054,2026-10-07
F-1717,"Misma ficha, p. 859, primer párrafo del texto","le roi nomma un gouverneur de cette colonie, dont la possession fut reconnue à la France, en 1697.","el rey nombró un gobernador de esa colonia, cuya posesión fue reconocida a Francia en 1697.",A-051;A-052,2026-10-07
F-1752,"Simms, «The Peopling of the Bahamas: A Phylogeographical Perspective» (FIU ETD 408, 2011), cap. III, p. 61",the Haitian collection possesses allele D16S539-6 characteristic of Angola.,"la muestra haitiana posee el alelo D16S539-6, característico de Angola.",A-066,2026-10-07
F-1752,"Misma obra, cap. III, p. 63","At 13 loci, Haiti plots distantly from the general populace of the Dominican Republic (Supporting Information Figure 2), thereby suggesting a differential contribution of source populations as well as limited gene flow between the two portions of the island.","Con 13 loci, Haití se sitúa lejos de la población general de la República Dominicana, lo que sugiere una contribución diferencial de poblaciones de origen y un flujo génico limitado entre las dos partes de la isla.",A-066,2026-10-07
F-1752,"Misma obra, cap. III, p. 65","of all the New World collections, the Haitian populace receives the largest African genetic component, sharing greater than 95% of its DNA with this group","de todas las muestras del Nuevo Mundo, la población haitiana recibe el mayor componente genético africano, compartiendo más del 95 % de su ADN con ese grupo.",A-066,2026-10-07
F-1891,"P. R. Girard, «French atrocities during the Haitian War of Independence», J. of Genocide Research 15(2), pp. 133-149, resumen (copia Wayback de T&F)","Though the expedition's leaders wrote of carrying a war of 'extermination' that would ultimately destroy the adult black population of the colony, they never had the opportunity to carry out such an agenda, which furthermore was aimed more at a rebel social class than a given race.","Aunque los jefes de la expedición escribieron sobre llevar una guerra de «exterminio» que acabaría destruyendo a la población negra adulta de la colonia, nunca tuvieron la oportunidad de cumplir esa agenda, que además apuntaba más a una clase social rebelde que a una raza determinada.",A-080,2026-10-07
F-1891,Mismo resumen,"French atrocities, however horrendous, thus only partly meet the modern-day standards for genocide.","Las atrocidades francesas, por horrendas que fueran, solo cumplen en parte los criterios actuales de genocidio.",A-080;A-083,2026-10-07
F-2055,"Revue de la Société d'histoire et de géographie d'Haïti, vol. 5, 1934 (Gallica bpt6k6133515c), vista 147, paginación impresa 55; el artículo trata del nombre de la isla frente a la U.S. Geographic Board y a la Academia de la Historia de Santo Domingo; autoría probable Edmond Mangonès según el sumario del n.º 15 [POR VERIFICAR: no se ve firma en estas páginas]","seule la pensée de l'irrédentiste Guarocuya, l'immortel Henry, symbole du sacrifice et de courage, a pu décider de ce choix.","solo el pensamiento del irredentista Guarocuya, el inmortal Henry, símbolo del sacrificio y del valor, pudo decidir esta elección [del nombre «Haïti» por los fundadores de 1804].",A-044,2026-10-07
F-2055,"Misma revista, Gallica bpt6k6133515c, vista 154 (p. 62 impresa por inferencia: vista 146 = p. 54, vista 147 = p. 55)","l'héroïsme du dernier des caciques, l'irrédentiste Guarocuya ou Henri, à qui enfin l'empereur Charles Quint tendit une main généreuse pour fermer l'ère de la tradition macabre du « Cent pour un »","el heroísmo del último de los caciques, el irredentista Guarocuya o Henri, a quien por fin el emperador Carlos V tendió una mano generosa para cerrar la era de la tradición macabra del «Ciento por uno».",A-041;A-044,2026-10-07
F-2368,Página de MRG sobre el informe (copia Wayback 2024-12-27),This resource is not presently available in digital format.,Este recurso no está disponible por ahora en formato digital.,,2026-10-07
F-2755,"OPS/OMS, «Terremoto en Haití — La respuesta de la OPS/OMS. Actualización al 3 de marzo» (PDF de 11 pp., creado el 15-III-2010), p. 2","en el tercer día después del terremoto la OPS/OMS envió un equipo a Jimaní, República Dominicana, en la frontera con Haití. Esta oficina de campo actuó como un núcleo logístico y también apoyó los establecimientos de salud locales, que recibieron a más de 3.000 pacientes en los primeros días.","Original en español: la OPS situó en Jimaní un núcleo logístico y de apoyo a los hospitales locales, que atendieron a más de 3.000 pacientes en los primeros días.",A-205,2026-10-07
F-2755,"Mismo PDF, p. 2",se enviaron brigadas médicas dominicanas a Jimaní para ayudar a enviar pacientes a los hospitales en Santo Domingo.,Original en español: brigadas médicas dominicanas en Jimaní derivaban pacientes a hospitales de Santo Domingo.,A-205,2026-10-07
F-2755,"PAHO/WHO, «PAHO/WHO Recognizes and Supports Work of Dominican Republic in Aid to Haiti», comunicado del 23-I-2010 (Santo Domingo), párrafos 1 y último","Many Haitians are currently in the Dominican Republic, and most of them receive care in this country's hospitals. [...] the unprecedented level of solidarity demonstrated by the Dominican Republic in its support for Haiti.",Muchos haitianos se encuentran ahora en la República Dominicana y la mayoría recibe atención en los hospitales de este país. [...] el nivel sin precedentes de solidaridad demostrado por la República Dominicana en su apoyo a Haití.,A-205,2026-10-07
F-3031,"D. Candio, «À propos de la représentation de l'histoire et de la géographie dans les manuels scolaires de la république d'Haïti et de la République Dominicaine au collège et au lycée», tesis, Université des Antilles, 28-V-2020, p. 135 (cita la nota 342: «Curriculum de l'école fondamentale programme pédagogique opérationnel 3e cycle, op. cit., p. 54-55»)",Programme d'Haïti : Indiquer le lieu d'origine des éléments humains engagés dans le processus de peuplement de la Caraïbe. Étudier l'extermination des Amérindiens en montrant comment elle a commandé les premières étapes de l'histoire du peuplement de la Caraïbe.,Programa de Haití: Indicar el lugar de origen de los elementos humanos que participaron en el poblamiento del Caribe. Estudiar el exterminio de los amerindios mostrando cómo condicionó las primeras etapas de la historia del poblamiento del Caribe.,A-038,2026-10-07
F-3031,"Misma tesis, p. 111, nota 269 (primera cita completa del documento)","Ministère de l'Éducation Nationale et de la Formation Professionnelle (MENFP), Curriculum de l'École Fondamentale Programme Pédagogique Opérationnel 3e cycle, Port-au-Prince, MENFP, 1989-1990, p. 59.",Original en francés: da la fecha del documento (1989-1990) que el registro dejaba en blanco.,A-038,2026-10-07
F-3138,"J. Baez, «Anacaona Writes Back...», Small Axe 25(3) (n.º 66), nov. 2021, pp. 1-23, resumen (Crossref/Semantic Scholar)","The Columbus statue featured an india, or a Native woman, presumably Taino chieftain Anacaona, on the pedestal base, writing words of praise to the admiral, who stood atop the monument.","La estatua de Colón mostraba una india, o mujer nativa, presumiblemente la cacica taína Anacaona, en la base del pedestal, escribiendo palabras de elogio al almirante, que estaba de pie sobre el monumento.",A-034,2026-10-07
F-3138,Mismo resumen,"This essay explores how Anacaona's racialized and gendered body symbolically validated a public nationalist discourse, while arguably erasing the roles that Blacks and Indigenous peoples had played in shaping island life since 1492.","Este ensayo explora cómo el cuerpo racializado y generizado de Anacaona validó simbólicamente un discurso nacionalista público, borrando posiblemente el papel de las personas negras e indígenas en la vida de la isla desde 1492.",A-034,2026-10-07
F-0203,"curf.upenn.edu/rd/dominican-republic-genome-project, descripción del proyecto (abierta con WebFetch; cita según la herramienta, cotejar con la página)",The goal of this project is to explore the genetic ancestry of Dominicans and trace their connections to different populations who contributed to their formation in the New World.,El objetivo de este proyecto es explorar la ascendencia genética de los dominicanos y rastrear sus conexiones con las diferentes poblaciones que contribuyeron a su formación en el Nuevo Mundo.,A-260: el proyecto lo dirige T. Schurr (Univ. de Pensilvania); la página lista también el uso de GenoChip (A-232) y más de 1.000 personas enroladas,2026-10-07
F-0203,"AJBA 189(S81): 170, resumen AABA 2026; fragmento devuelto por un buscador, no abierto en la fuente (cris.unibe.edu.do dio 403) [POR VERIFICAR contra el texto]","Dominican mitochondrial DNAs were 78.8% African, 12.1% Native American, and 9.1% West Eurasian in ancestry, whereas Y-chromosomes were 71% West Eurasian, 28% African, and 1% Native American in ancestry.","Los ADN mitocondriales dominicanos fueron 78,8 % africanos, 12,1 % nativos americanos y 9,1 % euroasiáticos occidentales, mientras que los cromosomas Y fueron 71 % euroasiáticos occidentales, 28 % africanos y 1 % nativos americanos.",A-229;A-230;A-231;A-235,2026-10-07
F-0203,"AJBA 189(S81): 170, resumen AABA 2026; fragmento devuelto por un buscador, no abierto en la fuente [POR VERIFICAR contra el texto]","Dominicans' autosomal DNA ancestry was 50.3% African, 41.2% European, 3.8% Native American, 2.3% Middle East/Jewish, and 1.8% Central-South-East Asian in origin. The pattern of genetic diversity evinces sex-biased gene flow, primarily through European males.","La ascendencia autosómica de los dominicanos fue 50,3 % africana, 41,2 % europea, 3,8 % nativa americana, 2,3 % de Medio Oriente/judía y 1,8 % de Asia central-sur-oriental. El patrón de diversidad genética evidencia un flujo génico sesgado por sexo, principalmente a través de varones europeos.",A-227;A-228;A-231;A-235;A-236,2026-10-07
F-0497,"dLOC AA00073740/00001 («Pawòl la Pale: Rapatriman, ONM ak GARR (3)», Radio Haïti-Inter, 13-XI-1999), campo Abstract en kreyòl; es la descripción de catálogo, no la transcripción del programa","Carol Joseph, direktè Ofis Nasyonal Migrasyon (ONM) ak Simon St. Hubert ki se responsab GARR pale sou depòtasyon/rapatriman masif ak ilegal otorite dominiken yo ap fè san yo pa avèti otorite ayisyen yo ditou.","Carol Joseph, director de la Oficina Nacional de Migración (ONM), y Simon St. Hubert, responsable del GARR, hablan de las deportaciones/repatriaciones masivas e ilegales que hacen las autoridades dominicanas sin avisar de ningún modo a las autoridades haitianas.",A-210: apoya la mención de nuevas expulsiones masivas en 1999 desde el lado haitiano; la descripción en inglés del mismo registro dice «massive illegal deportations/repatriations»,2026-10-07
F-0749,"Resumen del artículo (Slavery & Abolition 40(3): 583-605), vía Semantic Scholar API","In 1822, Haitian president Jean-Pierre Boyer proclaimed emancipation in neighboring Santo Domingo, heralding a new epoch of ‘unification’ in Hispaniola.","En 1822, el presidente haitiano Jean-Pierre Boyer proclamó la emancipación en la vecina Santo Domingo, anunciando una nueva época de «unificación» en la Española.",A-094,2026-10-07
F-0749,"Resumen del artículo, vía Semantic Scholar API",Portions of Santo Domingo’s free Afro-descended majority mobilized in favor of immediate abolition as a bulwark against successive (re)enslavement and racialization schemes.,Sectores de la mayoría libre afrodescendiente de Santo Domingo se movilizaron a favor de la abolición inmediata como defensa contra sucesivos proyectos de (re)esclavización y racialización.,A-091;A-095;A-108,2026-10-07
F-0749,"Resumen del artículo, vía Semantic Scholar API","Their efforts dovetailed with those of Haitian leaders and refugees from surrounding slaveholding jurisdictions, producing a shared legacy of antislavery thought and action in Santo Domingo","Sus esfuerzos coincidieron con los de dirigentes haitianos y refugiados de las jurisdicciones esclavistas circundantes, y produjeron un legado compartido de pensamiento y acción antiesclavistas en Santo Domingo",A-090;A-096;A-108,2026-10-07
F-1103,"p. 12, sección sobre la política de Balaguer en 1991 (texto principal)","That response was a decree ordering the deportation of all Haitian cane workers under 16 or over 60 years of age. By August, an estimated 8,000 Haitian cane workers had been forcibly deported; another 25,000-50,000 Haitians, many with no connection to the cane industry, were also forced out or fled","Esa respuesta fue un decreto que ordenaba la deportación de todos los cortadores de caña haitianos menores de 16 o mayores de 60 años. Hacia agosto, unos 8.000 cortadores habían sido deportados por la fuerza; otros 25.000-50.000 haitianos, muchos sin relación con la caña, también fueron expulsados o huyeron",A-210,2026-10-07
F-1103,"p. 14, sección A «The Haitian Immigrant Populations in the Dominican Republic»","the number of Haitians (and Dominicans of Haitian descent) living in the country has never been officially determined. The Dominican government has never conducted a census of or released any demographic information about this population. Unofficial estimates range from 400,000 to 1 million.",el número de haitianos (y dominicanos de origen haitiano) que viven en el país nunca se ha determinado oficialmente. El gobierno dominicano nunca ha hecho un censo ni difundido datos demográficos sobre esta población. Las estimaciones no oficiales van de 400.000 a 1 millón.,"A-219;A-220 (línea de base de 1995, anterior a la ENI-2017)",2026-10-07
F-1103,"p. 10, sección «Dominican Presidential Politics»","Peña Gómez did challenge Balaguer in 1990 and 1994, losing both elections amidst charges of widespread government voting fraud. In the 1994 contest Balaguer -- and other nationalist candidates -- unleashed an anti-Haitian campaign against him","Peña Gómez desafió a Balaguer en 1990 y 1994 y perdió ambas elecciones entre denuncias de fraude electoral generalizado. En la contienda de 1994 Balaguer, y otros candidatos nacionalistas, lanzaron contra él una campaña antihaitiana",A-202 (solo parcial: 1994 y expectativa para 1996),2026-10-07
F-1224,"CDN (Redacción CDN), copia Wayback 2026-01-15, párrafo inicial; publicada el 14-I-2026 según los metadatos de la página","La Dirección General de Migración (DGM) informó que en el año 2025 registró la deportación a su país 379,553 nacionales haitianos con presencia migratoria irregular en territorio dominicano",La Dirección General de Migración (DGM) informó que en 2025 registró la deportación a su país de 379.553 nacionales haitianos con presencia migratoria irregular en territorio dominicano,A-223,2026-10-07
F-1224,"OTRA fuente, no F-1224: Diario Libre, 14-I-2026 (EFE), abierto con WebFetch, primer párrafo","Las autoridades dominicanas deportaron en 2025 un total de 379,553 ciudadanos haitianos en situación migratoria irregular, un 37,4 % más que las 276.215 expulsiones de nacionales del país vecino registradas el año anterior","Las autoridades dominicanas deportaron en 2025 un total de 379.553 ciudadanos haitianos en situación migratoria irregular, un 37,4 % más que las 276.215 expulsiones registradas el año anterior",A-223 (cifra de 2024),2026-10-07
F-1389,"Ficha BNPHU/2759, campo Abstract (carta de remisión del informe; transcripción de OCR con erratas de la propia ficha)","In accordance with the provisions of the general regulations goveming the administration, there is respectfully transmitted liere with the annual report of the Dominican Customs Receivership for the calendar year 1937, the thirty-fírst fiscal period of operation by virtue of the American-Dominican Convention.","De conformidad con los reglamentos generales que rigen la administración, se remite respetuosamente el informe anual de la Receptoría de Aduanas Dominicana del año calendario 1937, trigésimo primer período fiscal de operación en virtud de la Convención Americano-Dominicana.",,2026-10-07
F-1437,"Resumen oficial del capítulo 2 (UPF Scholarship Online, vía Crossref/OpenAlex)","Chapter 2 argues that the Dominican Republic’s separation from Haitian rule in 1844 reflected competing and conflicting notions about nationhood, belonging, and the legacies of Haitian rule over the island of Hispaniola.","El capítulo 2 sostiene que la separación de la República Dominicana del dominio haitiano en 1844 reflejó nociones competidoras y conflictivas sobre la nación, la pertenencia y los legados del dominio haitiano sobre la isla de la Española.",A-117;A-118;A-107;A-108,2026-10-07
F-1561,"Antonino Vidal, «La migración de libertos a Santo Domingo en 1824», El Caribe, 4-IX-2020 (copia Wayback 2021-04-12), comentario que parte de un trabajo de Hidalgo; NO es el libro","En 1824, la isla de Santo Domingo acogió una numerosa inmigración de negros libertos provenientes de Norteamérica. Llegaron más de 6 mil y se designaban libres.","En 1824, la isla de Santo Domingo acogió una numerosa inmigración de negros libertos provenientes de Norteamérica. Llegaron más de 6 mil y se designaban libres.",A-105 (la reseña añade que la invitación fue de Boyer y que un grupo pequeño se arraigó en Samaná; no menciona a Granville ni a Dewey en el pasaje leído),2026-10-07
F-1561,"Ficha Koha de la ADH, biblionumber 3916, campo «Contents» (índice del libro), no es texto del libro",LA SUPREMACIA HAITIANA Y LOS AMERICANOS: --La Española sometida a los colonialismos europeos --Las revoluciones francesa y haitiana --Un Haití independiente y el territorio español --El programa agrario y laboral de Boyer --La reacción de los inmigrantes.,(Capítulo) «La supremacía haitiana y los americanos»: La Española sometida a los colonialismos europeos; las revoluciones francesa y haitiana; un Haití independiente y el territorio español; el programa agrario y laboral de Boyer; la reacción de los inmigrantes.,A-100 (solo indica que el libro trata el programa agrario de Boyer; no prueba que sostenga el nexo con el campesinado),2026-10-07
F-1728,"Resumen en francés, primera página del PDF de HAL (Annales hist. de la Révolution française 410, p. 75)","Les dirigeants de Santo Domingo, ayant recours à une nouvelle traite, n’hésitaient pas à vendre leurs prisonniers de la partie adverse comme esclaves à Cuba et à Puerto Rico, faisant fi de leur liberté.","Los dirigentes de Santo Domingo, recurriendo a una nueva trata, no vacilaban en vender a sus prisioneros de la parte contraria como esclavos en Cuba y Puerto Rico, sin tener en cuenta su libertad.","A-065 (contexto: trata de salida desde Santo Domingo, no de entrada de africanos)",2026-10-07
F-1728,"PDF de HAL, p. 8 del PDF (≈ p. 81 de la revista), sección sobre Cuba",arrivés avec leurs maîtres ou faits prisonniers par les troupes de Santo Domingo puis vendus comme esclaves dans l’île,llegados con sus amos o hechos prisioneros por las tropas de Santo Domingo y luego vendidos como esclavos en la isla,A-065 (contexto),2026-10-07
F-1764,"AHR 120(2): 433, párrafo inicial y nota 1","Both the first and the last slave voyages to cross the Atlantic disembarked not very far from each other, in the Spanish colonies of Hispaniola (1505) and Cuba (1867). [nota 1:] The first African slaves probably arrived in 1501 from Seville, Spain, but not on a slave voyage in the usual sense.","Tanto el primer como el último viaje negrero que cruzó el Atlántico desembarcaron no muy lejos uno de otro, en las colonias españolas de la Española (1505) y Cuba (1867). [nota 1:] Los primeros esclavos africanos probablemente llegaron en 1501 desde Sevilla, pero no en un viaje negrero en el sentido usual.",A-035 (matiza 1502/Ovando: 1501 desde Sevilla; primer viaje negrero directo a la Española: 1505),2026-10-07
F-1764,"AHR 120(2): 446, sección sobre procedencias","The founder generations in the Caribbean, Mexico, and Peru left overwhelmingly from northern Upper Guinea—“the Rivers of Guinea” feature strongly in the records, suggesting the coast of modern Guinea-Bissau.","Las generaciones fundadoras del Caribe, México y Perú salieron abrumadoramente del norte de la Alta Guinea; «los Ríos de Guinea» figuran con fuerza en los registros, lo que sugiere la costa de la actual Guinea-Bisáu.",A-066 (primer componente: Alta Guinea),2026-10-07
F-1764,"AHR 120(2): 437, comentario a la figura 1","Cartagena, Veracruz, Buenos Aires, and Hispaniola received the majority of slave arrivals shown by the first peak in Figure 1","Cartagena, Veracruz, Buenos Aires y la Española recibieron la mayoría de las llegadas de esclavizados que muestra el primer pico de la figura 1",A-065 (Hispaniola entre los grandes destinos; el texto no da cifra propia),2026-10-07
F-1977,"José Nicolás Almánzar, «La Restauración de la República: su historia» (1 de 2), El Caribe; versión del 13-VIII-2020 (copia Wayback 20-X-2020) y versión del 22-VIII-2019 (copia Wayback 23-XI-2020), párrafo sobre los aprestos anexionistas de Santana",Se puso como excusa para esa acción la inminente invasión haitiana que solo era real en la maquiavélica cabeza de Tomás Bobadilla y de los colaboradores más cercanos del flamante Presidente,Se puso como excusa para esa acción la inminente invasión haitiana que solo era real en la maquiavélica cabeza de Tomás Bobadilla y de los colaboradores más cercanos del flamante Presidente,A-136 (solo la mención de la «invasión haitiana» como excusa; las expresiones «amenaza haitiana» y «raza hispánica» NO aparecen),2026-10-07
F-2081,"Resumen del artículo (Ethnohistory 60:2, 2013), vía OpenAlex","On Christmas Day 1521, in the Spanish colony of Santo Domingo, the first recorded slave revolt in the Americas occurred.","El día de Navidad de 1521, en la colonia española de Santo Domingo, ocurrió la primera revuelta de esclavizados registrada en las Américas.",A-045,2026-10-07
F-2081,"Resumen del artículo, vía OpenAlex","A group of African, likely Wolof, slaves came together with native Indians led by the Taíno cacique Enriquillo to assert their independence.","Un grupo de esclavizados africanos, probablemente wolof, se unió con indígenas nativos liderados por el cacique taíno Enriquillo para afirmar su independencia.",A-041;A-042,2026-10-07
F-2432,"Ficha de la Biblioteca Digital de la ONU, registro 21994, campo Notes",Transmits comments of the Dominican Republic on protection of migrant workers recruited in Haiti.,Transmite los comentarios de la República Dominicana sobre la protección de los trabajadores migrantes reclutados en Haití.,A-194 (ficha: documento de 1981 sobre trabajadores migrantes reclutados en Haití; no contiene cifras ni contratos);A-195,2026-10-07
F-2756,"Sección 2.d «Freedom of Movement Within the Country, Foreign Travel, Emigration, and Repatriation»","During a week-long period in October, the Government ordered Dominican military personnel to repatriate undocumented Haitian nationals. The forced repatriations occurred in various regions of the country; human rights groups estimated that between several hundred and a few thousand Haitians were forcibly repatriated to Haiti.","Durante una semana de octubre, el Gobierno ordenó a militares dominicanos repatriar a ciudadanos haitianos indocumentados. Las repatriaciones forzosas ocurrieron en varias regiones del país; los grupos de derechos humanos estimaron que entre varios cientos y unos pocos miles de haitianos fueron repatriados por la fuerza a Haití.",A-210 (práctica posterior a 1991; no menciona el Decreto 233-91),2026-10-07
F-2756,"Sección 5, «National/Racial/Ethnic Minorities»",Credible sources charge that a long-standing government practice is to obstruct the recognition of Haitians born in the Dominican Republic as Dominican citizens.,Fuentes creíbles denuncian que es práctica gubernamental de larga data obstaculizar el reconocimiento como dominicanos de los haitianos nacidos en la República Dominicana.,contexto de A-203 y A-204 (nacionalidad); no asignada a esta fuente en el registro,2026-10-07
F-2862,"Ficha BNPHU/3359, campo de descripción (extracto de la Memoria, p. inicial); transcripción del repositorio, no cotejada con el PDF","Con un reducido presupuesto de setenta mil pesos y pico en el año 1923, para atender a los diversos servicios de empleados de agricultura, ganadería, de veterinaria, […] a la inmigración en sus aspectos de entrada de braceros y de deportación y a la Oficina Meteorológica","Con un reducido presupuesto de setenta mil pesos y pico en 1923, para atender a los diversos servicios de empleados de agricultura, ganadería, veterinaria, […] a la inmigración en sus aspectos de entrada de braceros y de deportación y a la Oficina Meteorológica",A-158 (la Secretaría tenía a su cargo la entrada de braceros y la deportación en 1923);A-159,2026-10-07
F-0088,"EcuRed, artículo «Celsa Albert Batista», lista de obras (WebFetch 2026-10-07)","Albert Batista, Celsa: Mujer y esclavitud en Santo Domingo. Santo Domingo: CEDEE, 1990, 130 págs.","(original en español) Ficha bibliográfica: Celsa Albert Batista, Mujer y esclavitud en Santo Domingo, Santo Domingo, CEDEE, 1990, 130 pp.",,2026-10-07
F-0088,"Wikipedia en inglés, artículo «Celsa Albert Batista» (WebFetch 2026-10-07)",one of the 'major works' written on bondage in the Dominican Republic,una de las «obras mayores» escritas sobre la esclavitud en la República Dominicana (juicio de la Wikipedia sobre el libro de 1990),,2026-10-07
F-0149,"Penn Press, ficha del libro (ISBN 9780812253108), párrafo de descripción de la editorial","upwards of 250,000 people were removed through slavery",más de 250.000 personas fueron sacadas de la región mediante la esclavitud (la ficha añade que la población indígena «no colapsó solo por enfermedad o guerra»),A-032,2026-10-07
F-0149,"Stone 2013, Ethnohistory 60(2):195-217, resumen según la API de Crossref (api.crossref.org/works/10.1215/00141801-2018927)","the first recorded slave revolt in the Americas occurred. A group of African, likely Wolof, slaves came together with native Indians led by the Taíno cacique Enriquillo","ocurrió la primera rebelión de esclavizados registrada en las Américas; un grupo de esclavizados africanos, probablemente wolof, se unió a indígenas dirigidos por el cacique taíno Enriquillo",A-042;A-045,2026-10-07
F-0215,"Resumen en la ficha de Digital Commons (Wayne State), Human Biology 48(2) (1976)",The genetic data confirm the history and appearance in indicating about 80% Negro ancestry with some French and less American Indian.,"Los datos genéticos confirman la historia y el aspecto al indicar cerca de 80% de ascendencia «negra» (término de la fuente de 1976), con algo de francesa y menos de amerindia.",A-016;A-240,2026-10-07
F-0215,"Resumen en la ficha de Digital Commons, Human Biology 48(2) (1976)",a population genetics survey was conducted in four villages on the island of Grande Cayemites and the mainland town of Pestel,se hizo un estudio de genética de poblaciones en cuatro aldeas de la isla Grande Cayemites y en el pueblo continental de Pestel (primavera de 1968 y 1969),A-241,2026-10-07
F-0215,"Resumen en la ficha de Digital Commons, Human Biology 48(2) (1976)","Hb S ranged from 3.6% to 12%, possibly maintained by malaria.","la hemoglobina S osciló entre 3,6% y 12%, quizá mantenida por la malaria.",A-241,2026-10-07
F-0296,"Silié, «Aspectos socio-históricos sobre la inmigración haitiana a la República Dominicana», p. 4 (pdf p. 6)",una ideología antihaitiana que paradójicamente se reforzó con la importación anual de braceros al corte de la caña,(original en español) Silié sitúa el origen de la ideología antihaitiana en la justificación oficial de la matanza y señala que se reforzó con la importación anual de braceros.,A-179;A-187,2026-10-07
F-0296,"Silié, p. 27 (pdf p. 29)","la ideología anti-haitiana se reproduce constantemente desde las esferas de poder, instrumentalizando dichas actitudes, con fines claramente políticos",(original en español) Para Silié el antihaitianismo se reproduce desde el poder y manipula actitudes preexistentes con fines políticos.,A-179;A-200,2026-10-07
F-0296,"Silié, p. 6 (pdf p. 8)",un decreto de repatriación de todos los/as haitianos/as que fueran mayores de 60 años y menores de 15,"(original en español) Describe el decreto de repatriación de mayores de 60 y menores de 15 años, ejecutado «con grandes abusos» y afectando a dominicanos.",A-210,2026-10-07
F-0529,"Declaración del 2-X-2026 ante la 63.ª sesión del Consejo de Derechos Humanos, apartado «Third, on the diaspora»","more than 220,000 people, including nearly 20,000 children, have been forcibly returned to Haiti","más de 220.000 personas, entre ellas casi 20.000 niños, han sido devueltas por la fuerza a Haití (en 2026, desde varios países de la región)",A-223,2026-10-07
F-0810,"Resumen en la ficha de UConn Digital Commons (Doctoral Dissertations, AAI8710270)",The focus is on the emigres who fled Hispaniola due to the events that enveloped the adjoining French and Spanish colonies.,El foco está en los emigrados que huyeron de La Española por los acontecimientos que envolvieron a las colonias francesa y española vecinas.,A-111,2026-10-07
F-0810,"Resumen en la ficha de UConn, capítulo 6","Mayaguez, Puerto Rico, where the majority of Hispaniola emigres settled","Mayagüez, Puerto Rico, donde se asentó la mayoría de los emigrados de La Española",A-111,2026-10-07
F-1225,"Párrafo sobre deportaciones; línea de firma «Por El Nuevo Diario, Actualizada el martes, 14 de abril 2026 | 12:05 pm»","Durante el año 2025, la institución deportó a 380,000 extranjeros que no cumplían con los requisitos legales para permanecer en el territorio nacional.",(original en español) La DGM deportó a 380.000 extranjeros en 2025 por no cumplir los requisitos legales de permanencia.,A-223,2026-10-07
F-1225,Titular,DGM destaca avances en su 87 aniversario; deportó 380 mil indocumentados en 2025,"(original en español) titular que habla de «indocumentados», mientras el cuerpo dice «extranjeros».",A-223,2026-10-07
F-1390,"Campo dc.description.abstract del ítem BNPHU/2760 (API server/api/core/items/dbe17f58-...), primer párrafo del informe","the calendar year 1938, thirty-second fiscal period under the Convention","el año natural 1938, trigésimo segundo período fiscal bajo la Convención",A-166;A-190,2026-10-07
F-1572,"Résumé, p. 139","un acte d'autorité imposée à Haïti, du moins quant à la forme puisque le principe en avait été accepté par Boyer","un acto de autoridad impuesto a Haití, al menos en la forma, puesto que Boyer había aceptado el principio (se refiere a la indemnización de 150 millones de francos oro, fijada unilateralmente)",A-103,2026-10-07
F-1572,"p. 143, cita el artículo 2 de la ordenanza de 17 de abril de 1825","en cinq termes égaux, d'année en année, le premier échéant le 31 décembre 1825, la somme de cent cinquante millions de francs","en cinco plazos iguales, de año en año, el primero vencido el 31 de diciembre de 1825, la suma de ciento cincuenta millones de francos",A-103,2026-10-07
F-1572,"p. 152, sección «Les dernières négociations : les traités de février 1838»",Le traité politique réduisait la créance des colons à quatre-vingt-dix millions [...] fixé à soixante millions de francs remboursables sans intérêts,El tratado político redujo la deuda a noventa millones [...] el saldo quedó en sesenta millones de francos reembolsables sin intereses (tras descontar unos treinta millones ya pagados),A-103,2026-10-07
F-1995,p. 168 (vista Gallica f177),"consistant en armes, argent, munitions et hommes, que le Président d'Haïti passait aux insurgés dominicains en rébellion contre la Couronne d'Espagne? Cette dernière hypothèse est plus que probable","consistente en armas, dinero, municiones y hombres, que el presidente de Haití pasaba a los insurgentes dominicanos en rebelión contra la Corona de España. Esta última hipótesis es más que probable (Lespinasse la presenta como inferencia, no como documento).",A-140,2026-10-07
F-1995,pp. 168-169 (vistas f177-f178),"revenant de la partie de l'Est, maquillés en insurgés dominicains, après avoir donné un fort coup d'épaule aux vrais insurgés dominicains contre les troupes de sa Majesté Catholique","los tiradores de Geffrard, que regresaban de la parte del Este disfrazados de insurgentes dominicanos tras haber dado un fuerte empujón a los verdaderos insurgentes contra las tropas de Su Majestad Católica",A-140,2026-10-07
F-1995,"p. 174 (vista f183), carta de Geffrard al coronel Roumain, Puerto Príncipe, 27-X-1864","Les devoirs de la neutralité, que je me suis attaché à observer rigoureusement, ne m'ont point empêché plus d'une fois de revendiquer les droits de l'humanité","Los deberes de la neutralidad, que me he empeñado en observar rigurosamente, no me han impedido más de una vez reivindicar los derechos de la humanidad",A-140;A-143,2026-10-07
F-2094,"Sec. 5.5.2 «Resistant Indios», p. 118","Enriquillo’s followers not only included escaped Amerindian slaves, but also Cimarrones","los seguidores de Enriquillo no solo incluían indígenas esclavizados huidos, sino también cimarrones (africanos huidos); cita AGI Audiencia de Santo Domingo 868, Guitar 1998, Moya Pons 2008, Oviedo 1988 y Rogoziński 2000",A-042,2026-10-07
F-2094,"Sec. 6.4.8 «Human Remains», p. 142",No formal physical anthropological analyses have been carried out on these remains,"No se ha hecho ningún análisis formal de antropología física de estos restos (nueve enterramientos del Monasterio de San Francisco, Concepción de la Vega)",A-040,2026-10-07
F-2094,"Cap. 6, sección de alimentación (foodways), p. 176",a systematic analysis of the dietary remains of Concepción’s archaeological assemblage has not been undertaken,no se ha hecho un análisis sistemático de los restos de dieta del conjunto arqueológico de Concepción,A-040,2026-10-07
F-2181,"Charlier-Doucet, «Anthropologie, politique et engagement social», Gradhiva 1 (2005), sección «Les domaines de recherche», § 24",Le Bureau voulait prouver l'existence de survivances amérindiennes – jusqu'alors réputées quasi inexistantes dans la culture haïtienne,"El Bureau quería probar la existencia de supervivencias amerindias, hasta entonces consideradas casi inexistentes en la cultura haitiana",,2026-10-07
F-2433,"Ficha de la Biblioteca Digital de la ONU, campo Notes","report by the Anti-Slavery Society for the Protection of Human Rights, concerning Haitian migrant labour in the Dominican Republic",informe de la Anti-Slavery Society for the Protection of Human Rights sobre la mano de obra migrante haitiana en la República Dominicana,A-195,2026-10-07
F-2811,"PDF de 1 página, lista de contenido (ficha-índice)","Un enfoque integral de la contrainsurgencia: la ocupación militar de los Estados Unidos de la República Dominicana, 1916-1924 Vermon T. Veggeberg","(original en español) Uno de los ensayos del volumen, con las fechas de la ocupación dominicana 1916-1924.",A-157,2026-10-07
F-2863,"Campo dc.description.abstract del ítem BNPHU/3314 (API server/api/core/items/3717bc91-...), primer párrafo de la Memoria","la labor realizada por esta Secretaría de Estado, a mi cargo, durante el año de 1927",(original en español) la labor realizada por esta Secretaría de Estado durante el año 1927 (el ministro M. Martín de Moya al presidente),,2026-10-07
F-3044,"Registro RL10059-CS-1218_01, campo Description (versión francesa del catálogo; la misma en _02)",de la conquête et du génocide des indiens caraïbes,"de la conquista y del genocidio de los indios caribes (resumen del archivero sobre lo que discuten los participantes, no transcripción)",A-038,2026-10-07
F-3044,"Registro RL10059-CS-1218_01, campo Description (francés)","Métellus, lui-même issu de Léogâne, se décrit comme « du pays d'Anacaona »","Métellus, él mismo de Léogâne, se describe como «del país de Anacaona» (el catálogo precisa que no es descendiente directo de Anacaona)",A-034,2026-10-07
F-0151,"Introduccion, seccion 'From Domination to Unification', p. 31 impresa (PDF p. 44)","Recent scholarship has categorically refuted the once-pervasive characterization of the unification as a “domination” or “occupation” of Santo Domingo by Haiti, a depiction which had been loudly proclaimed during the 1930-1961 dictatorship of Rafael Trujillo and in its aftermath.","La erudicion reciente ha refutado categoricamente la caracterizacion, antes muy extendida, de la unificacion como una «dominacion» u «ocupacion» de Santo Domingo por parte de Haiti, imagen proclamada con fuerza durante la dictadura de Rafael Trujillo (1930-1961) y despues de ella.",A-107;A-108,2026-10-07
F-0151,"p. 109 impresa (PDF p. 122), sobre el reconocimiento frances de 1825","Faced with the sudden arrival of a fleet of fourteen warships and the imminent possibility of a blockade or war, the president had made the decision to accept unconditionally the demands of the French agents. [...] the Boyer administration pledged to fulfill an indemnity payment to the French government, of a staggering 150 million francs","Ante la llegada repentina de una flota de catorce buques de guerra y la posibilidad inminente de un bloqueo o una guerra, el presidente habia decidido aceptar sin condiciones las exigencias de los agentes franceses. [...] la administracion de Boyer se comprometio a pagar al gobierno frances una indemnizacion de la asombrosa suma de 150 millones de francos",A-103,2026-10-07
F-0151,"p. 110 impresa (PDF p. 123), sobre el Codigo Rural de 1826","Despite the apparent rigidity of the code, historians have advocated caution in assessing its implementation in both the west and the east.","Pese a la aparente rigidez del codigo, los historiadores han recomendado cautela al evaluar su aplicacion tanto en el oeste como en el este.",A-101;A-102;A-115,2026-10-07
F-0326,"article13563, Smith Augustin, 'Haiti-Rep. Dominicaine : Le massacre de 1937, identite, trahison et memoire', AlterPresse, 18-X-2012, primer parrafo",près de 20 000 haïtiens et dominicains de teint noir auraient péri dans plusieurs villes frontalières dominicaines suite aux ordres d’assassinat du dictateur dominicain Leonidas Rafael Trujillo.,cerca de 20.000 haitianos y dominicanos de piel negra habrian perecido en varias ciudades fronterizas dominicanas a raiz de las ordenes de asesinato del dictador dominicano Leonidas Rafael Trujillo.,A-166;A-190,2026-10-07
F-0326,"article6524, Maismy-Mary Fleurant, 'Haiti/R.dominicaine/Massacre de 1937 : Pour repondre a un devoir de memoire', AlterPresse, 17-X-2007 (seccion sobre las causas)","Peu de jours avant le massacre, au mois de septembre 1937, Vicente Tolentino, responsable du Bureau dominicain de Statistiques, recommandait de favoriser l’immigration de blancs pour améliorer la race dominicaine.","Pocos dias antes de la matanza, en septiembre de 1937, Vicente Tolentino, responsable de la Oficina dominicana de Estadistica, recomendaba favorecer la inmigracion de blancos para mejorar la raza dominicana.",A-179,2026-10-07
F-0326,"article15331, Leslie Pean, 'Haiti-Rep. Dominicaine : Une responsabilite partagee dans le crime (3 de 3)', AlterPresse, 18-X-2013",les dirigeants haïtiens ont même diminué le montant total de 750 000 à 525 000 dollars au détriment des victimes du massacre.,los dirigentes haitianos incluso redujeron el monto total de 750.000 a 525.000 dolares en perjuicio de las victimas de la matanza.,,2026-10-07
F-0531,"Cuadro 12 (hoja 'Cuadro 12'), fila 'Total'",Total 8.616.295 | Negra o negro 642.018 | Morena o moreno 2.237.370 | Mestiza o mestizo 665.387 | Mulata o mulato 330.207 | India o indio 2.946.377 | Asiática o asiático 28.343 | Blanca o blanco 1.611.752 | Otro 31.802 | No sabe o no responde 123.039,"(datos en español) Calculo propio sobre el total de 12 anos y mas: india 34,2 %; morena 26,0 %; blanca 18,7 %; mestiza 7,7 %; negra 7,4 %; mulata 3,8 %; asiatica 0,3 %; otro 0,4 %; no sabe/no responde 1,4 %.",A-226;A-013;A-015,2026-10-07
F-0531,"Cuadro 12, titulo (filas 1-2 de la hoja)","REPÚBLICA DOMINICANA: Población de 12 años y más, por percepción del informante acerca de las facciones, color de piel y otras características culturales de los miembros del hogar, según región, provincia y grupos de edades",(en español),A-226,2026-10-07
F-0531,"Boleta censal X CNPV 2022 (PDF), pregunta de color/facciones; el numero de la pregunta no se lee en la capa de texto","[Las personas suelen definirse a sí mismas de acuerdo con sus] facciones, color de piel y otras características culturales. Partiendo de estos términos... ¿Se considera (NOMBRE) una persona... Negra o negro? Morena o moreno? Mestiza o mestizo? Mulata o mulato? India o indio? Asiática o asiático? Blanca o blanco? Otro? No sabe o no responde?",(en español),A-226;A-257,2026-10-07
F-1256,"Educando, 'Trujillo, fin de una dictadura y Dia de la Libertad' (pagina fechada 29-V-2022; copia 2024-10-12), parrafo sobre los crimenes del regimen","Otro hecho lamentable fue la llamada “Matanza del Perejil”, donde fueron asesindos unos 17,000 haitianos residentes en República Dominicana en 1937",(en español; el original dice 'asesindos' por 'asesinados'),A-172;A-166;A-190,2026-10-07
F-1256,"Educando, 'Manuel Arturo Peña Batlle' (copia 2026-02-08), seccion de biografia y obra","Una buena parte de la obra de Peña Batlle estuvo dedicada a afianzar su posición sobre lo que creía ser el verdadero nacionalismo dominicano. Con tal motivo, criticó acerbamente a los haitianos",(en español),A-179,2026-10-07
F-1256,"Educando, 'Manuel Arturo Peña Batlle' (copia 2026-02-08), seccion 'En la dictadura trujillista'",Su incorporación definitiva al régimen trujillista se produjo en 1942,(en español),A-179,2026-10-07
F-1391,"Ficha BNPHU/2758, campo dc.description.abstract (OCR del encabezado del informe)",Sir: The tliirtieth annual report of fmancial transactions of the Dominican customs receivership for the calendar year 1936 is respectfully submitted hcrewith.,"Senor: El trigesimo informe anual de las transacciones financieras de la Receptoria de Aduanas Dominicana, para el ano calendario 1936, se presenta respetuosamente adjunto. (OCR con errores en el original)",,2026-10-07
F-1513,"seccion de los cinco estudios de caso, familia Taillevis de Perrigny (Loir-et-Cher), cerca de la n. 64","On 17 April 1825, King Charles X issued a royal ordinance that granted independence to Saint-Domingue, on the condition that this new republic, renamed Haiti, pay the sum of 150 million francs to the Caisse des dépôts of France to compensate the French colonial settlers who had been dispossessed of their properties in Saint-Domingue.","El 17 de abril de 1825, el rey Carlos X emitio una ordenanza real que concedia la independencia a Saint-Domingue, con la condicion de que esta nueva republica, rebautizada Haiti, pagara 150 millones de francos a la Caisse des depots de Francia para compensar a los colonos franceses desposeidos de sus propiedades en Saint-Domingue.",A-103,2026-10-07
F-1513,"misma seccion, frase siguiente (n. 64)","At the end of 1825, Haiti took a loan of 30 million francs to finance the first repayment of the “debt” to France.","A finales de 1825, Haiti contrajo un prestamo de 30 millones de francos para financiar el primer pago de la «deuda» a Francia.",A-103,2026-10-07
F-1513,"introduccion, primer parrafo del cuerpo (n. 5)","Under the Bourbon Restoration (1814–1830), émigrés and their heirs became eligible to receive financial compensation through the indemnity law of 27 April 1825 that quickly became known as le milliard des émigrés.","Bajo la Restauracion borbonica (1814-1830), los emigrados y sus herederos pudieron recibir una compensacion financiera mediante la ley de indemnizacion del 27 de abril de 1825, pronto conocida como le milliard des emigres.",A-103,2026-10-07
F-1730,"cap. 4, seccion 'Hispaniola mahogany', p. 124 impresa (bowett.txt l. 5299-5301)","The trade in Hispaniola mahogany (also known as St Domingo or Spanish mahogany) began as an adjunct to that of another, more important commodity, which was cotton.","El comercio de caoba de La Espanola (conocida tambien como caoba de Santo Domingo o espanola) comenzo como un apendice del de otra mercancia mas importante, el algodon.",A-061,2026-10-07
F-1730,"misma seccion, p. 137 impresa (l. 5827-5831)","A minority of vessels came from the Spanish part of the island, principally from the port of St Domingo itself, and most of these too were French, with one or two British. By the end of the 1780s, however, the Spanish had entered the trade on a significant scale.","Una minoria de buques procedia de la parte espanola de la isla, principalmente del propio puerto de Santo Domingo, y la mayoria de ellos tambien eran franceses, con uno o dos britanicos. A finales de la decada de 1780, sin embargo, los espanoles habian entrado en el comercio a escala significativa.",A-061,2026-10-07
F-1730,"misma seccion, p. 127 impresa (l. 5430-5434)","The entry of Spain into the war in June 1779 completed the severing of trade with the whole island of Hispaniola and trade through the Jamaican Free Ports, which had continued unaffected for the first three years of war, halved in 1778 and collapsed in 1779.","La entrada de Espana en la guerra en junio de 1779 completo el corte del comercio con toda la isla de La Espanola; el comercio por los puertos francos jamaicanos, que habia seguido sin verse afectado los tres primeros anos de guerra, se redujo a la mitad en 1778 y se hundio en 1779.",A-061,2026-10-07
F-1831,"Journal de la Societe des Americanistes 12 (1920), p. 262, parrafo inicial",On éprouve donc quelque désir de savoir avec précision quels événements ont préparé la capitulation du 7 juillet 1809.,"Se siente, pues, cierto deseo de saber con precision que acontecimientos prepararon la capitulacion del 7 de julio de 1809.",A-081,2026-10-07
F-1831,"misma pagina, parrafo siguiente","Le jour où il apprit la capitulation des troupes françaises du Gap, il se retira de Monte-Christo dans la partie orientale ; dès le 20 décembre 1803, il entrait dans la capitale, Santo Domingo","El dia en que supo de la capitulacion de las tropas francesas del Cabo [Gap Francais], se retiro de Monte Cristi hacia la parte oriental; ya el 20 de diciembre de 1803 entraba en la capital, Santo Domingo",A-081,2026-10-07
F-2010,"Ficha BNPHU/2611, campo dc.description.abstract (prologo del compilador, OCR)","IT HAS been my intention in compiling the material for the formation of this book, to show the reasons behind the words of the Spanish Deputies and the motives which prompted them to make their declarations.","Ha sido mi intencion, al reunir el material para formar este libro, mostrar las razones detras de las palabras de los diputados espanoles y los motivos que los impulsaron a hacer sus declaraciones.",,2026-10-07
F-2812,"entrega 1 de 10, primer parrafo (publicada 2026-01-23)",La ocupación militar de los Estados Unidos en la República Dominicana (1916-1924) no fue un proceso aceptado pacíficamente.,(en español),A-157,2026-10-07
F-2812,"entrega 8 de 10, 'Los Gavilleros: Resistencia Patriótica en el Este (1916-1924)' (publicada 2026-02-07), sumario inicial","El movimiento de «Los Gavilleros» no fue una simple banda de forajidos, como pretendió catalogarlos la propaganda estadounidense; fue una respuesta armada y visceral de los campesinos del Este",(en español),A-157,2026-10-07
F-2812,"entrega 10 de 10, 'Torturas, persecución y muerte' (publicada 2026-02-12), primer parrafo",Los invasores de 1916-1924 sometieron a los insurrectos de Hato Mayor del Rey a crueles torturas que terminaban con la muerte de aquellos que ellos denominaban «Gavilleros»,(en español),A-157,2026-10-07
F-2864,"Ficha BNPHU/3348, campo dc.description.abstract (arranque de la Memoria, OCR)","UNA vez más, la quinta, cumplo el honroso deber de rendirle detallada y cumplida cuenta de la labor realizada durante el año 1928, por ésta Secretaría de Estado de Agricultura é Inmigración",(en español),,2026-10-07
F-3075,resumen del autor (ficha IRIS Sapienza; coincide con el abstract de Crossref),"Twenty of the 27 systematically scored individuals reveal subperiosteal bone accretions, and in at least 15 individuals, these accretions appear bilaterally.","Veinte de los 27 individuos puntuados sistematicamente presentan neoformaciones oseas subperiosticas, y en al menos 15 individuos estas aparecen bilateralmente.",A-040,2026-10-07
F-3075,"mismo resumen, frase final",Scurvy probably contributed significantly to the outbreak of sickness and collective death within the first months of La Isabela’s settlement,El escorbuto probablemente contribuyo de forma significativa al brote de enfermedad y a la muerte colectiva durante los primeros meses del asentamiento de La Isabela,A-040,2026-10-07
F-0098,"El Nuevo Diario, semblanza 'Diógenes Céspedes' (firmada Ramón Saba, actualizada 21-feb-2019), párrafo bibliográfico","Los orígenes de la ideología trujillista ; el opúsculo Tres ensayos acerca de la relación entre los intelectuales, el Poder y sus instancias",(original en español; solo confirma que el título figura en la bibliografía del autor),,2026-10-07
F-0163,"Perfil de Michael Reyes en queensu.ca (sección 'About'), texto de autor","Although few Taíno survived the Spanish invasion of Hispaniola that began in 1492, memory of the Taíno persisted in independent Haiti (1804), nourishing constitutional revisions, the nation’s early periodicals, the country’s first serious histories, collections of poetry, stories, countless plays, and even botanical texts.","Aunque pocos taínos sobrevivieron a la invasión española de La Española iniciada en 1492, la memoria taína persistió en el Haití independiente (1804) y alimentó revisiones constitucionales, los primeros periódicos, las primeras historias serias, colecciones de poesía, relatos, innumerables obras de teatro e incluso textos botánicos.",A-016;A-017,2026-10-07
F-0163,"Resumen de Reyes, Atlantic Studies 22(1): 64-82 (2023), doi 10.1080/14788810.2023.2277859 (OpenAlex; artículo de acceso abierto CC BY-NC-ND pero PDF bloqueado)",Émile Nau's Histoire des caciques d'Haïti (1854) was profoundly influenced by Washington Irving's A History of the Life and Voyages of Christopher Columbus (1828).,La Histoire des caciques d'Haïti (1854) de Émile Nau fue profundamente influida por la Vida y viajes de Cristóbal Colón (1828) de Washington Irving.,A-244,2026-10-07
F-0163,"Resumen de Reyes, Research in African Literatures 50(4): 165-181 (2020), doi 10.2979/reseafrilite.50.4.10 (OpenAlex)","I argue that the play disrupts tragic expectations for this period throughout, most notably by reading the central Taino chief, Kaonabo, as the allegorical double of Dessalines.","Sostengo que la obra desbarata en todo momento las expectativas trágicas para este período, sobre todo al leer al cacique taíno central, Kaonabo, como el doble alegórico de Dessalines.",A-244;A-072 (indirecta),2026-10-07
F-0366,"Roorda, Diplomatic History 20(3), julio 1996, p. 301 (primer párrafo del artículo, extracto del editor en la copia de Wayback)","In October 1937, the Dominican army systematically massacred thousands of Haitians resident in the Dominican Republic.",En octubre de 1937 el ejército dominicano masacró sistemáticamente a miles de haitianos residentes en la República Dominicana.,A-165,2026-10-07
F-0366,"Roorda 1996, p. 301 (extracto del editor)","Although estimates of the duration of the massacre and its death toll vary widely, it seems likely that twelve thousand Haitians died during at least a week of violence throughout the country.","Aunque las estimaciones de la duración de la matanza y del número de muertos varían mucho, parece probable que doce mil haitianos murieran durante al menos una semana de violencia en todo el país.",A-167;A-165,2026-10-07
F-0366,"Roorda 1996, p. 301 (extracto del editor, última frase del extracto)","The subsequent diplomatic standoff between the Dominican Republic, Haiti, and the mediating nations of Cuba, Mexico, and the United States threatened to undo the work of the Good Neighbor policy in promoting inter-American cooperation.","El posterior punto muerto diplomático entre la República Dominicana, Haití y las naciones mediadoras (Cuba, México y Estados Unidos) amenazó con deshacer la labor de la política del Buen Vecino en favor de la cooperación interamericana.",A-175,2026-10-07
F-0620,Ficha del catálogo de la ONE (copia Wayback 2026-01-15),"Publicado el: 30 de septiembre, 2024 ... Declaración de edición: 2024 Detalles Físicos: 729 páginas Publicado Por: Oficina Nacional de Estadística ... ISBN: 978-9945-508-17-8",(original en español; datos bibliográficos del volumen III),,2026-10-07
F-0832,"Keane-Dawes, tesis doctoral 'A Divisive Community: Race, Nation, and Loyalty in Santo Domingo, 1822-1844' (Univ. of South Carolina, 2018), cap. 4, p. 137 impresa (pdf 150)","First, Charles X ordered “the inhabitants of Saint-Domingue” to pay 150 million francs as the compensation for the planters of Saint-Domingue. The Haitian government was to meet this payment in five installments beginning in 31 December 1825.","Primero, Carlos X ordenó a 'los habitantes de Saint-Domingue' pagar 150 millones de francos como compensación a los colonos de Saint-Domingue. El gobierno haitiano debía abonarlos en cinco plazos desde el 31 de diciembre de 1825.",A-103,2026-10-07
F-0832,"Tesis Keane-Dawes 2018, cap. 4, p. 150 impresa (pdf 163), relatando el informe del cónsul británico Charles Mackenzie (1826-27)",Another grievance that Mackenzie mentioned was that the Haitian government forced the inhabitants in Santo Domingo to contribute revenue for paying the indemnity even though the French government directed this amount towards its former territory of Saint-Domingue and not the former Spanish side of Santo Domingo.,"Otro agravio que mencionó Mackenzie fue que el gobierno haitiano obligó a los habitantes de Santo Domingo a aportar ingresos para pagar la indemnización, aunque el gobierno francés destinaba esa suma a su antiguo territorio de Saint-Domingue y no al lado español de Santo Domingo.",A-104,2026-10-07
F-0832,"Tesis Keane-Dawes 2018, introducción, p. 3 impresa (pdf 16)","Rather than framing this period as one of a “Haitian Occupation,” my dissertation argues that elite Dominicans deployed a Hispanic and racist rhetoric to purposefully disrupt the Haitian government’s attempts to bring together both sides of the island and ignored the cooperation between Dominicans and Haitians during the island’s unification.","En lugar de presentar este período como una 'ocupación haitiana', mi tesis sostiene que las élites dominicanas desplegaron una retórica hispana y racista para sabotear deliberadamente los intentos del gobierno haitiano de unir ambos lados de la isla, e ignoraron la cooperación entre dominicanos y haitianos durante la unificación de la isla.",A-107;A-108,2026-10-07
F-1220,"DGM, nota de prensa del 5 de mayo de 2025 (versión inglesa del sitio), párrafo 2","In April, the General Directorate of Migration repatriated 32,540 Haitian citizens with irregular immigration status in the country, bringing the total to 119,003 for the four-month period from January to April 2025, a figure that represents a 71% increase compared to the same period last year.","En abril, la Dirección General de Migración repatrió a 32.540 ciudadanos haitianos en situación migratoria irregular, con lo que el total llega a 119.003 en el cuatrimestre enero-abril de 2025, cifra que representa un aumento del 71 % respecto del mismo período del año pasado.",A-223,2026-10-07
F-1220,"DGM, misma nota, párrafo sobre el Consejo de Seguridad Nacional","Since the National Security Council decided last October to accelerate the detention of foreigners in irregular migration status in the Dominican Republic, 213,580 people have been repatriated to their home country of Haiti between October 2024 and April 2025, for a monthly average of 30,511.","Desde que el Consejo de Seguridad Nacional decidió el pasado octubre acelerar la detención de extranjeros en situación migratoria irregular en la República Dominicana, 213.580 personas han sido repatriadas a Haití entre octubre de 2024 y abril de 2025, con un promedio mensual de 30.511.",A-223,2026-10-07
F-1338,"Ashburton Guardian, vol. 58, n.º 39, 25-nov-1937, p. 6, cuerpo del despacho (texto OCR de Papers Past; dateline Washington, 24 de noviembre)","New reports of the Haitian massacres, from sources of unquestioned reliability, have seriously involved President Trujillo.","Nuevos informes sobre las matanzas de haitianos, de fuentes de fiabilidad incuestionable, han implicado seriamente al presidente Trujillo.",A-165,2026-10-07
F-1338,"Ashburton Guardian, 25-nov-1937, p. 6, mismo despacho (OCR; 'Dominica' designa aquí a la República Dominicana)",From Dominica reports confirming the slaughter of 5000 people declare that President Trujillo spent the night in the neighbourhood of where the killings occurred.,"Desde la República Dominicana, informes que confirman la matanza de 5.000 personas afirman que el presidente Trujillo pasó la noche en las inmediaciones de donde ocurrieron las muertes.",A-165;A-190,2026-10-07
F-1338,"Ashburton Guardian, 25-nov-1937, p. 6, mismo despacho (cita atribuida a un observador; OCR parcialmente corrupto antes de la comilla)","apparently with the approval of Trujillo, a systematic campaign of extermination was conducted with ruthless efficiency by the national army and the police.","aparentemente con la aprobación de Trujillo, el ejército nacional y la policía llevaron a cabo una campaña sistemática de exterminio con una eficiencia despiadada.",A-165,2026-10-07
F-1404,"Repositorio BNPHU/1938, API DSpace, campo dc.description.abstract",La Dirección del Primer Censo Nacional ha hecho los siguientes nombramientos en cada Provincia de la República. Un “Inspector del Censo” con asiento en la cabecera de su Provincia y tantos “Sub-Inspectores” como Comunes tenga esa Provincia y el número necesario de “Enumeradores”.,(original en español),,2026-10-07
F-1404,"Repositorio BNPHU/1938, campo dc.description",Estas Instrucciones deben ser estudiadas cuidadosamente por los Enumeradores antes de comenzar la enumeración y llevarlas siempre consigo.,(original en español),,2026-10-07
F-1529,"El Caribe, 'Efemérides en República Dominicana, 29 de mayo', por Nairoby Imbert López, 29-may-2025, entrada '1822: Tragedia en las afueras de Santo Domingo'","Un hecho doloroso marcó este día en 1822, cuando tropas haitianas atacaron a Andrés Andújar y a sus hijas Ana, Águeda y Marcelina Andújar de Lara —conocidas como Las Vírgenes de Galindo —, provocando su muerte en las proximidades de Santo Domingo.",(original en español),A-107,2026-10-07
F-1672,"Resumen del artículo, Comparative Studies in Society and History (publicado en línea 8-mar-2022), doi 10.1017/S0010417522000147","However, Suriname’s growth was short-lived, and it was soon surpassed by the productive leap of Saint-Domingue.","Sin embargo, el crecimiento de Surinam fue efímero y pronto fue superado por el salto productivo de Saint-Domingue.",A-063,2026-10-07
F-1672,"Mismo resumen, última frase",the article examines how the coffee trajectories of Suriname and Saint-Domingue were mutually formative through the specific evolving relationships that each space had within the world-system.,el artículo examina cómo las trayectorias cafeteras de Surinam y Saint-Domingue se formaron mutuamente mediante las relaciones cambiantes que cada espacio tuvo dentro del sistema-mundo.,A-059,2026-10-07
F-1731,"Miguel Gutiérrez Maté, 'Un jargón francés poco inteligible: criollo de base francesa en la parte española a fines del período colonial', pp. 39-65 (PDF de Augsburg), p. 50, apartado 3 'El maniel de Neyba'","Tras los intentos infructuosos de reducción militar (también por parte de los franceses en 1776: Deive 1985: 15-16), los cimarrones sorprendieron en 1783 con una propuesta de paz, que interesó de inmediato a las autoridades dominicanas.",(original en español),A-062,2026-10-07
F-1731,"Gutiérrez Maté, p. 52","En cualquier caso, es probable que más de la mitad de la población del palenque en 1785 fueran fugitivos de Saint-Domingue: según el documento bilingüe, 16-17 mujeres y 30 hombres, frente a las 20-21 mujeres y 9 hombres nacidos en el palenque.",(original en español),A-062,2026-10-07
F-1731,"Gutiérrez Maté, p. 64, bibliografía","Lienhard, Martin. 2008. Agrestes e irreligiosos. Los cimarrones negros del maniel de Neiva (Santo Domingo 1785-1794). En: Disidentes, rebeldes, insurgentes. Resistencia indígena y negra en América Latina. Ensayos de historia testimonial. Madrid/Frankfurt. 83-111.",(original en español),A-062,2026-10-07
F-1888,"Nessler, New West Indian Guide 86(1-2): 5-28 (2012), p. 19, sección sobre la 'captura y esclavización de haitianos' (nota 38: orden de Ferrand del 16 Nivôse an 13 = 6-ene-1805, CARAN Colonies CC/9a/40)","Ferrand authorized those living near the border with Haiti to enter Haiti and “make prisoners” of Haitians who were under fourteen years of age ... Furthermore, Ferrand stated in a letter to Ruiz that Haitian males in Santo Domingo over fourteen years of age should be shot.","Ferrand autorizó a los que vivían cerca de la frontera con Haití a entrar en Haití y 'hacer prisioneros' a haitianos menores de catorce años ... Además, Ferrand afirmó en una carta a Ruiz que los varones haitianos mayores de catorce años en Santo Domingo debían ser fusilados.",A-074,2026-10-07
F-1888,"Nessler 2012, p. 8 (introducción)","General Jean-Louis Ferrand, a veteran of the doomed expedition, established a regime in the eastern part of the island that was driven by the overriding objective of placing thousands of freed people back into bondage.","El general Jean-Louis Ferrand, veterano de la fracasada expedición, estableció en la parte oriental de la isla un régimen movido por el objetivo primordial de devolver a miles de personas libres a la servidumbre.",A-084,2026-10-07
F-1888,"Nessler 2012, p. 9, citando las instrucciones de Napoleón a Leclerc del 31-oct-1801 (Roussier 1937: 272)","If the political goal [of the expedition] in the French part of Saint-Domingue should be to disarm the blacks and make them cultivators, but free, we should in the Spanish part disarm them as well, but place them back into slavery.","Si el objetivo político [de la expedición] en la parte francesa de Saint-Domingue debiera ser desarmar a los negros y hacerlos cultivadores, pero libres, en la parte española deberíamos desarmarlos también, pero devolverlos a la esclavitud.",A-084,2026-10-07
F-2183,"Open Library, obra OL32765333W, campo description (JSON)","Published acts of the first international conference on Amerindian ancestry in Haiti. Papers included focus on such themes as Tainos in Haiti, Taino art, pre-Columbian archeology in Haiti, traces and influences of Amerindian customs and practices in Haitian popular culture and identity, among other topics.","Actas publicadas de la primera conferencia internacional sobre la ascendencia amerindia de Haití. Las ponencias incluidas tratan temas como los taínos en Haití, el arte taíno, la arqueología precolombina en Haití, las huellas e influencias de costumbres y prácticas amerindias en la cultura popular y la identidad haitianas, entre otros.",,2026-10-07
F-2813,"El Caribe, 7-jul-2022, 'Sociedad de Bibliófilos presenta nuevo libro sobre los Gavilleros', párrafo inicial (sin firma; 3 min de lectura)","La Sociedad Dominicana de Bibliófilos presentó anoche el libro Gavilleros en la República Dominicana (1916-1924), publicación que reúne informaciones para entender la expresión del descontento de los grupos campesinos frente a la imposición de un proceso de modernización de la sociedad a principios del siglo veinte.",(original en español),(ninguna listada en la fila; contexto de A-157),2026-10-07
F-2865,"Repositorio BNPHU/1903, API DSpace, campo dc.description.abstract (resumen de catálogo; probablemente tomado del prólogo del panfleto) [POR VERIFICAR contra el PDF]","El vital problema de la inmigración parece que va a ser afrontado por el Gobierno Nacional, por vía de ensayo. Pero antes de intentar el primer paso formal sería aconsejable someter el asunto a un idóneo y meditado estudio, porque puede acontecer que, esa tentativa se traduzca en un nuevo fracaso irremediable, que retardaría por varias décadas el laudable propósito de completar la población del país con ejemplares humanos de raza caucásica.",(original en español),A-163,2026-10-07
F-2865,"Repositorio BNPHU/1903, mismo campo dc.description.abstract","La crisis de falta de personal para los trabajos agrícolas e industriales que sufre hoy el país ha creado un problema. Pero es conveniente no confundir sus términos. Se trata de un problema industrial, pero no racial. Aquel es primordial sin quitar que el segundo es fundamental.",(original en español),A-159;A-163,2026-10-07
F-2934,"USNI Proceedings vol. 47, n.º 2 (febrero 1921), ID 47/2/216, apartado 'Placed Under Military Administration of United States'","On November 29, 1916, Captain (now Rear Admiral) Harry S. Knapp, who had relieved Rear Admiral Pond on November 22, 1916, issued a proclamation, declaring the Dominican Republic under the military administration of the United States.","El 29 de noviembre de 1916, el capitán (hoy contralmirante) Harry S. Knapp, que había relevado al contralmirante Pond el 22 de noviembre de 1916, emitió una proclama que declaraba a la República Dominicana bajo la administración militar de los Estados Unidos.",A-157,2026-10-07
F-2934,"McClellan 1921, apartado 'The Guardia Nacional Dominicana'","By an order of the governor dated April 7, 1917, a sum of money was set aside for the organization of a constabulary force to be called the Guardia Nacional Dominicana, to take the place of the Dominican army, navy, and police.","Por una orden del gobernador fechada el 7 de abril de 1917 se destinó una suma de dinero a organizar una fuerza de tipo policial-militar (constabulary) llamada Guardia Nacional Dominicana, que sustituiría al ejército, la marina y la policía dominicanos.",A-157,2026-10-07
F-2934,"McClellan 1921, apartado 'Important Military Events' (única mención fronteriza)","the killing of Second Lieutenant Stephen A. Norwood, near Le Tumbe on the Haitian border, on August 9, 1919","el asesinato del subteniente Stephen A. Norwood, cerca de Le Tumbe, en la frontera haitiana, el 9 de agosto de 1919",A-160,2026-10-07
F-3077,"Ginzberg, Genocide Studies and Prevention 14(2): 122-152 (2020), p. 139, sección 'Was the Outcome of Spain’s Colonial Paradox a Case of Genocide?'","As far as Raphaël Lemkin was concerned, Spanish colonialism was clearly genocidal. He came to this conclusion in his twenty-one-page document, which examined Spanish conduct with respect to all three categories of his 1944 definition of genocide–physical, cultural, and biological.","Para Raphaël Lemkin, el colonialismo español era claramente genocida. Llegó a esa conclusión en su documento de veintiuna páginas, que examinaba la conducta española en las tres categorías de su definición de genocidio de 1944: física, cultural y biológica.",A-038,2026-10-07
F-3077,"Ginzberg 2020, p. 143, apartado 'Conclusion'","Raphaël Lemkin did not convince the academic community that genocide was inevitably linked to colonialism. Studies have shown that not every case of colonialism has led to acts of genocide, especially not the exploitive type of settler colonialism of Spanish America.","Raphaël Lemkin no convenció a la comunidad académica de que el genocidio estuviera inevitablemente ligado al colonialismo. Los estudios han mostrado que no todo caso de colonialismo condujo a actos de genocidio, y menos el tipo explotador de colonialismo de asentamiento de la América española.",A-038,2026-10-07
F-3077,"Ginzberg 2020, p. 128","The Crown initiated the abovementioned Burgos Conference in response to the storm that swept Española in the wake of two sermons delivered by Antonio de Montesinos, the Dominican representative, in November and December 1511, and the harsh criticism of the treatment endured by the indigenous population which they contained.","La Corona inició la mencionada Conferencia de Burgos en respuesta a la tormenta que sacudió La Española tras dos sermones pronunciados por Antonio de Montesinos, el representante dominico, en noviembre y diciembre de 1511, y a la dura crítica del trato sufrido por la población indígena que contenían.",A-038,2026-10-07
F-0080,"Torres Saillant, «La identidad cultural como batalla: hacia una visión nativa de lo dominicano» (Rumbo, 7 y 14-X-1996; en El retorno de las yolas, 1999, pp. 321-350), reproducido en Antología del pensamiento crítico dominicano contemporáneo (CLACSO, 2016), p. 434 (pdftotext, l. ~19890-19894)","El anterior primer mandatario, no obstante deberle su prolongada estadía en el poder a la ayuda de negros fieles como el Mayor General Enrique Pérez y Pérez, llegó en La isla al revés al descarrío de atribuir el subdesarrollo del país al ennegrecimiento de la población producido por la cercanía con Haití.",Original en español; no requiere traducción. (El «anterior primer mandatario» es Balaguer; Torres Saillant rechaza la tesis de La isla al revés.),A-198;A-199,2026-10-07
F-0080,"Misma obra, antología p. 431 (l. ~19735-19737), sobre Peña Batlle","Predicó el odio antihaitiano, racializó la cultura, sobreestimó la hispanidad y fortaleció la negrofobia, en desmedro de la población predominantemente negra y mulata del país.",Original en español; no requiere traducción.,A-207,2026-10-07
F-0080,"Misma obra, antología p. 430 (l. ~19677-19681)","¿Cómo es posible esto, precisamente en la cuna de la presencia negra en el hemisferio occidental, en la arena de la primera insurrección de esclavos negros en las Américas, en el lugar donde se escenificó la gesta de Monte Grande?",Original en español; no requiere traducción.,A-207;A-209,2026-10-07
F-0118,"Duke Digital Repository, Radio Haiti Archive, «Entre Nous: « Savalou E » Rachel Beauvoir, Didier Dominique (2)», entrevista del 12-II-1989 (cinta RL10059CS1228), campo Description (copia Wayback)","Rachel Beauvoir and Didier Dominique discuss their book ""Savalou E."" According to Beauvoir, this is not a book about Vodou so much as a book about peasant society.","Rachel Beauvoir y Didier Dominique hablan de su libro «Savalou E». Según Beauvoir, no es tanto un libro sobre el vodou como sobre la sociedad campesina.",,2026-10-07
F-0172,"Florida Museum of Natural History, Historical Archaeology, «Concepción de la Vega» (sin autor individual)","The town was destroyed and buried by an earthquake in 1562, and the survivors relocated to the present site of La Vega after that time.","El pueblo fue destruido y sepultado por un terremoto en 1562, y los supervivientes se trasladaron al emplazamiento actual de La Vega.",,2026-10-07
F-0172,Misma página,Excavations were carried out at the site under the auspices of the Dirección Nacional de Parques between 1976 and 1995.,Se excavó el sitio bajo los auspicios de la Dirección Nacional de Parques entre 1976 y 1995.,,2026-10-07
F-0172,"Santa Barbara Museum of Natural History (sbnature.org, evento 8861, «Underwater Archaeology: Voices from Coaybay»), ponente John W. Foster, sobre Manantial de la Aleta",carried out an extensive underwater study of the site from 1996 to 1998 in collaboration with Taíno heritage experts and National Park specialists.,realizó un extenso estudio subacuático del sitio de 1996 a 1998 en colaboración con especialistas en patrimonio taíno y del Servicio de Parques Nacionales.,,2026-10-07
F-0452,"ACI Prensa, 17-X-2024, sección «El mensaje de los obispos de República Dominicana» (cita el comunicado del Consejo Permanente de la CED, 8-X-2024)","Nuestra frontera no debe ser un escenario de corrupción, donde los llamados a custodiarla se conviertan en mercenarios.",Original en español; no requiere traducción.,A-225,2026-10-07
F-0452,Misma sección,reconociendo el derecho de cada nación «de aplicar sus leyes y políticas migratorias» pero remarcaron que deben ser aplicadas «desde la justicia y el respeto a la dignidad humana»,Original en español; no requiere traducción. (Texto de ACI Prensa con citas internas del comunicado.),A-225,2026-10-07
F-0452,Misma sección,debe evitar que se presenten situaciones dolorosas que afecten a los migrantes,"Original en español; no requiere traducción. (ACI lo glosa: trato injusto, deportaciones arbitrarias, separación de familias.)",A-224,2026-10-07
F-1051,"Paul d'Hormoys (Dhormoys), L'empire de Soulouque, Paris, Lécrivain et Toubon, 1862, p. 3 (vue f6; imagen IIIF leída visualmente, sin OCR)","nous nous embarquions à Lorient sur la frégate la Pénélope, faisant voile pour Saint-Thomas, où le gouvernement dominicain devait envoyer un de ses bâtiments à notre rencontre. C'est ainsi que je me trouvai enrôlé parmi les ennemis de Sa Majesté Faustin Ier.","nos embarcábamos en Lorient en la fragata la Pénélope, rumbo a Saint-Thomas, donde el gobierno dominicano debía enviar uno de sus buques a nuestro encuentro. Así me vi alistado entre los enemigos de Su Majestad Faustín I.",,2026-10-07
F-1222,"DGM, nota de prensa del 17-II-2025 (versión inglesa del sitio), párrafo 1","The General Directorate of Migration (DGM) deported 15,343 foreigners caught in the country in an irregular condition during the first 15 days of this month of February, which raises to 142,378 the number of undocumented persons expelled since October 2024","La DGM deportó a 15.343 extranjeros hallados en situación irregular durante los primeros 15 días de febrero, lo que eleva a 142.378 las personas indocumentadas expulsadas desde octubre de 2024.",A-223,2026-10-07
F-1222,"Misma nota, párrafo 3","From October 1/24 to February 15/25, 78,522 Haitians have been deported and another 63,856 repatriated, for a total of 142,378 repatriated.","Del 1 de octubre de 2024 al 15 de febrero de 2025 han sido deportados 78.522 haitianos y otros 63.856 repatriados, para un total de 142.378 repatriados.",A-223,2026-10-07
F-1222,"Misma nota, párrafo 3","The majority of those detained were of Haitian nationality (98.8%) and the rest were from Ghana, Saint Lucia, Nigeria, Nicaragua, Trinidad, China and Venezuela.","La mayoría de los detenidos eran de nacionalidad haitiana (98,8 %) y el resto de Ghana, Santa Lucía, Nigeria, Nicaragua, Trinidad, China y Venezuela.",A-223,2026-10-07
F-1357,"Metadato dc.description.abstract del ítem BNPHU/2781 (156 páginas, Ciudad Trujillo, 1954)","Se ha tenido en cuenta, al realizar esta unificación, reunir en un sólo volumen las diversas disposiciones legales que se aplican en el cobro del Impuesto sobre la Cédula Personal de Identidad, inclusive las tarifas anteriores a la actual",Original en español; no requiere traducción.,,2026-10-07
F-1750,"grafiati.com, selección «esclavage-haiti», entrada 1 (ficha bibliográfica)","Hector, Michel. Colonisation et esclavage en Haïti: Le régime colonial français à Saint-Domingue (1625-1789). Henri Deschamps, 1990.","Hector, Michel. Colonización y esclavitud en Haití: el régimen colonial francés en Saint-Domingue (1625-1789). Henri Deschamps, 1990.",,2026-10-07
F-1890,"Resumen editorial (T&F) servido por OpenAlex API, Patterns of Prejudice 39(2): 138-161",Whites carried out massacres but fell short of genocide because of the French military defeat; Blacks won the war and eradicated Haiti's white population in 1804.,Los blancos cometieron matanzas pero no llegaron al genocidio por la derrota militar francesa; los negros ganaron la guerra y erradicaron a la población blanca de Haití en 1804.,A-083,2026-10-07
F-1890,"Mismo resumen, última frase","Girard concludes that the 1804 genocide must be understood in a specific, Haitian context, but that it was also the product of ideas (racism and class warfare, notably) that were central to more modern genocides.","Girard concluye que el genocidio de 1804 debe entenderse en un contexto haitiano específico, pero que fue también producto de ideas (el racismo y la guerra de clases, en particular) centrales en genocidios más modernos.",A-083;A-080,2026-10-07
F-2054,"Abécédaire haïtien à l'usage de la jeunesse, suivi d'un précis historique, chronologique et géographique sur l'île d'Haïti jusqu'en 1850 (Se vend au Port-au-Prince, 1856; ark bpt6k54035812), «Chronologie», p. 41 impresa (vue 43; imagen IIIF leída visualmente)","1538. — Henri, cacique haïtien, après avoir résisté pendant treize années, à la tête de quelques mécontents, aux forces des Espagnols, dans les montagnes de Baoruco, négocie avec l'envoyé du roi d'Espagne Barrio-","1538. — Enrique, cacique haitiano, tras resistir trece años, a la cabeza de unos pocos descontentos, a las fuerzas de los españoles en las montañas de Baoruco, negocia con el enviado del rey de España, Barrio- [la frase sigue en la p. 42, no leída].",A-041,2026-10-07
F-2054,Misma p. 41 impresa (vue 43),"1507. — Il ne reste plus dans toute l'île, que soixante mille indigènes des trois millions qui s'y trouvaient au moment de la découverte.",1507. — Ya no quedan en toda la isla más que sesenta mil indígenas de los tres millones que había en el momento del descubrimiento.,,2026-10-07
F-2177,"Viré, «La Préhistoire en Haïti», Bulletin de la Société préhistorique française 37(4-5), 1940, pp. 108-137, p. 108","En 1938, plusieurs Planteurs haïtiens me demandèrent d'aller prospecter le sous-sol de leurs plantations de cannes à sucre, bananes, etc., en vue d'examiner la possibilité de découvrir dans le sous-sol de leurs propriétés des eaux souterraines pouvant servir aux irrigations.","En 1938, varios plantadores haitianos me pidieron que fuera a prospectar el subsuelo de sus plantaciones de caña de azúcar, banano, etc., para examinar la posibilidad de descubrir en el subsuelo de sus propiedades aguas subterráneas utilizables para el riego.",,2026-10-07
F-2177,"Misma p. 108, resumen histórico previo","L'île était habitée par les Chémès (Arawacs) population de race rouge, de mœurs plus douces que celles de leurs ennemis les Caraïbes.","La isla estaba habitada por los Chémès (arawacos), población de raza roja, de costumbres más dulces que las de sus enemigos los caribes.",A-029,2026-10-07
F-2289,"«Haití: Informe de la Sociedad Antiesclavitud», Nueva Sociedad 63, noviembre-diciembre de 1982, sección Documentos (anónimo), párrafo único","En el mes de agosto de 1979 la Sociedad Anti-Esclavitud presentó, ante este Grupo de Trabajo un informe titulado «Trabajadores Inmigrantes en la República Dominicana». Este informe preliminar afirmaba que las condiciones de los trabajadores inmigrantes haitianos podían ser comparadas «sólo con las de esclavitud».",Original en español; no requiere traducción.,A-195,2026-10-07
F-2289,Misma página,"El informe hace referencia a numerosos abusos, entre otros: la venta de trabajadores haitianos a los dueños de hacienda en la República Dominicana; condiciones de vida de extrema miseria, privación y peligro para la salud; fraude permanente con respecto a los salarios",Original en español; no requiere traducción.,A-195,2026-10-07
F-2754,"ReliefWeb, «Haiti: Earthquake Situation Report #2», fuente OCHA, publicado el 13-I-2010 (ficha y puntos destacados)",This report was issued by OCHA in New York. The next report will be issued on or around 14 January 2010.,Este informe fue emitido por OCHA en Nueva York. El próximo informe se emitirá en torno al 14 de enero de 2010.,,2026-10-07
F-2754,"Misma ficha, HIGHLIGHTS/KEY PRIORITIES","Immediate priorities include search and rescue, medical services and supplies, clean water and sanitation, emergency shelter, food, logistics and telecommunications.","Las prioridades inmediatas incluyen búsqueda y rescate, servicios y suministros médicos, agua limpia y saneamiento, refugio de emergencia, alimentos, logística y telecomunicaciones.",,2026-10-07
F-2894,"Cambridge University Press, More than a Massacre (2022), cap. 3 «The End of the Old Border», pp. 88-113, resumen del capítulo",This chapter reconstructs Haitian and Dominican life along the border in the years before the 1937 Genocide. It addresses the history of the old border by studying new laws and new forms of enforcement that changed border life during the 1920s and 1930s.,Este capítulo reconstruye la vida haitiana y dominicana a lo largo de la frontera en los años previos al Genocidio de 1937. Aborda la historia de la antigua frontera estudiando las nuevas leyes y las nuevas formas de aplicación que cambiaron la vida fronteriza durante los años veinte y treinta.,A-160,2026-10-07
F-2894,"Myers y Paulino (eds.), Bearing Witness to Genocide in the Dominican Republic (Amherst College Press), capítulo de Richard L. Turits «Haitian-Dominican History and the 1937 Haitian Massacre», nota 10 (OCR: «to.»), djvu l. 2196","See Sabine Cadeau, “Natives of the Border: Ethnic Haitians and the Law in the Dominican Republic, 1920-1961” (PhD dissertation, Univ. of Chicago, 2015).","Véase Sabine Cadeau, «Natives of the Border: los haitianos étnicos y la ley en la República Dominicana, 1920-1961» (tesis doctoral, Univ. de Chicago, 2015).",A-158;A-160,2026-10-07
